id,sales
3000888,-92.17532054581424
3000889,-86.25178948441935
3000890,27.32802067817575
3000891,221.59573198415202
3000892,2.3332621459350844
3000893,-78.82468993674665
3000894,-65.81132708448676
3000895,77.07837607305756
3000896,-290.3700124665873
3000897,-150.63006142102748
3000898,-79.35238027441419
3000899,39.4284096596169
3000900,1464.5692386742703
3000901,-84.29934446533507
3000902,-62.60310190570821
3000903,9.028684849249846
3000904,134.08505759541455
3000905,-2.7966884855248213
3000906,154.0673109590568
3000907,6.501819237810384
3000908,137.16965052610269
3000909,84.13095019277053
3000910,97.5079454086128
3000911,-34.60000611182458
3000912,-21.590457314020835
3000913,137.76381128624618
3000914,27.06279234771792
3000915,57.017191603933234
3000916,93.33697680825999
3000917,119.85024146727865
3000918,3111.469265638061
3000919,439.5362481121512
3000920,58.27947576696098
3001251,-91.70227387143568
3001252,-83.72812266885266
3001253,26.753718760673298
3001254,155.56751208138596
3001255,2.304802719906736
3001256,-77.51329898853946
3001257,-63.84504742804237
3001258,135.77691684018848
3001259,-289.9785954704883
3001260,-150.5027767564441
3001261,-80.45658674940323
3001262,45.506650346169714
3001263,1484.6582659114163
3001264,-84.30847247005788
3001265,-62.51771683729854
3001266,8.695400112315799
3001267,134.42359375481075
3001268,-3.1449610131738086
3001269,151.04154620175402
3001270,6.384017614234569
3001271,135.69539779882845
3001272,108.53665671105519
3001273,99.42764058532221
3001274,-35.862841885056504
3001275,-2.8061827858007677
3001276,137.8021666420111
3001277,28.63237848085892
3001278,56.8609570268297
3001279,92.68671163414065
3001280,122.55547170785685
3001281,3061.7374333826388
3001282,435.17340055916264
3001283,60.49368628080648
3001614,-98.92863322591329
3001615,-99.7598211677494
3001616,21.478509066889462
3001617,164.8351100794782
3001618,10.272395102870366
3001619,-82.97224438057201
3001620,-69.11991961648782
3001621,100.51957329632678
3001622,-281.3864629711259
3001623,-144.7259085272215
3001624,-70.2783870007036
3001625,73.22065621671307
3001626,1236.1782699661605
3001627,-93.11458067105154
3001628,-74.30761089667253
3001629,-0.9254588213828288
3001630,122.28893715328145
3001631,-13.720725154464656
3001632,157.51558294702224
3001633,-10.25612484479829
3001634,123.05940582141893
3001635,91.06270480724943
3001636,79.67976241933384
3001637,-42.439161299792694
3001638,-28.240393029750788
3001639,128.90709818345587
3001640,18.757280940270636
3001641,52.21634834378957
3001642,89.97101467934199
3001643,101.86325142240567
3001644,3274.690524061315
3001645,474.940473071256
3001646,41.529092041553405
3001977,-96.91570534578095
3001978,-93.86766212364346
3001979,21.84438870463892
3001980,179.96547809829573
3001981,8.644725315044713
3001982,-81.14648059028222
3001983,-65.70540959105783
3001984,101.28111137518972
3001985,-287.29752025381987
3001986,-145.72854057556086
3001987,-72.60483115182141
3001988,74.97174386646527
3001989,1310.9336990345544
3001990,-92.1774162028294
3001991,-71.84717000270523
3001992,1.6732397992736492
3001993,125.71084471775721
3001994,-11.51212543236674
3001995,151.58481705575852
3001996,-7.069458301280786
3001997,128.11824400225825
3001998,70.74893662001223
3001999,85.46294267397316
3002000,-42.639300344726315
3002001,-24.498766227317713
3002002,132.5601181731133
3002003,22.615803808158677
3002004,53.31248759472438
3002005,89.73383586135851
3002006,109.24797176818875
3002007,3024.1827281433566
3002008,476.11838741107584
3002009,47.979063506019166
3002340,-97.72010185902654
3002341,-88.84850643965437
3002342,11.142000688266496
3002343,231.14606986216242
3002344,26.027361947758624
3002345,-70.54491109952941
3002346,-44.23865046738573
3002347,103.10946961421833
3002348,-234.2782082661386
3002349,-116.12716459685116
3002350,-57.94509019273418
3002351,291.64390563414855
3002352,1009.7984056335334
3002353,-92.17298239519555
3002354,-86.92232398909259
3002355,-20.30485295035241
3002356,105.12325792239899
3002357,-28.86545524131729
3002358,150.6973697080609
3002359,-20.57783292323374
3002360,127.1391318694361
3002361,33.975006749456234
3002362,82.87788895363038
3002363,-52.89255225683181
3002364,-29.04910827155508
3002365,133.95553030023913
3002366,15.885552846246998
3002367,46.611863914218894
3002368,83.03321218085394
3002369,98.99363335640756
3002370,4703.2316015196775
3002371,540.7523712204577
3002372,34.28394259163698
3002538,-92.47581039491233
3002539,-79.19894409047156
3002540,24.456511090652572
3002541,227.49588527656053
3002542,2.1909650157878855
3002543,-72.26773519567978
3002544,-55.979928802243
3002545,153.73057248347797
3002546,-278.46145934822636
3002547,-149.99363809809782
3002548,-84.8734126493603
3002549,69.81961309238143
3002550,1434.5758985374334
3002551,-84.3449844889498
3002552,-63.57568725170305
3002553,34.24981326238477
3002554,107.87641644889568
3002555,-4.538051123768849
3002556,148.34265629206604
3002557,5.962387124691492
3002558,129.79838688973197
3002559,83.8911346433185
3002560,102.40612538604701
3002561,-41.25980780752733
3002562,-17.277660572998496
3002563,144.96743643628653
3002564,28.436361232773113
3002565,55.857737977233874
3002566,90.08565093766738
3002567,126.50699920430243
3002568,2879.9567724541307
3002569,417.72201034719745
3002570,69.35052833618848
3002571,-97.0364465284354
3002572,-90.47585806507304
3002573,19.1813013968651
3002574,147.402211777274
3002575,10.158557398749696
3002576,-78.77629862018584
3002577,-61.254800990688445
3002578,135.15326797232885
3002579,-276.6703000569458
3002580,-144.21676986887886
3002581,-72.67262981289768
3002582,97.53361896292286
3002583,1339.7052485104118
3002584,-88.92761189655032
3002585,-73.96607062303069
3002586,-0.9155121213241659
3002587,122.99949742603731
3002588,-14.171813428065018
3002589,155.0024622789476
3002590,-10.727331339097002
3002591,126.6222092242976
3002592,67.2955162295686
3002593,83.83332119658844
3002594,-47.08185118320652
3002595,-22.673692602551267
3002596,137.18487458886486
3002597,22.112603701538507
3002598,50.948605716232315
3002599,87.36995398286645
3002600,112.68417238472075
3002601,3274.595713809063
3002602,482.5775005455018
3002603,50.38593409693677
3002604,-97.32743882747927
3002605,-88.15486728940122
3002606,18.606999479366284
3002607,147.88027590372914
3002608,10.130097972721348
3002609,-77.4649076719732
3002610,-59.28852133424042
3002611,127.1316526086177
3002612,-263.613842975188
3002613,-144.08948520429365
3002614,-73.27119051594654
3002615,103.61185964947545
3002616,1288.062424860959
3002617,-87.8808697029247
3002618,-73.88068555461989
3002619,-1.2487968582593498
3002620,98.39386110550386
3002621,-14.284585496466473
3002622,153.6179386781357
3002623,-10.845132962673045
3002624,127.51291007501887
3002625,67.24755311967893
3002626,85.75301637330013
3002627,-45.86858549030766
3002628,-21.28201749574991
3002629,138.38293904661552
3002630,21.861798939140233
3002631,50.298340542112065
3002632,86.71968880874847
3002633,115.38940262529896
3002634,3161.884998350267
3002635,470.7074324750358
3002636,52.60014461078364
3002637,-128.44897658691733
3002638,-158.69377895198593
3002639,5.938153577634882
3002640,-152.73380879065078
3002641,-3.8912949382472948
3002642,-97.02986992337246
3002643,-102.08949190854109
3002644,-124.6955517087561
3002645,-115.31496396531729
3002646,-132.12434528643715
3002647,-45.37333353562352
3002648,-74.8566712634511
3002649,2038.823031661918
3002650,-114.67865093240623
3002651,-96.73622443226456
3002652,-24.796210997903966
3002653,90.35539743989052
3002654,-33.020821617647734
3002655,111.17380170071006
3002656,-47.35004015252165
3002657,70.68553483910291
3002658,43.886133133220675
3002659,76.29868557628306
3002660,-31.587246874028818
3002661,-22.940551408850563
3002662,98.51457238561188
3002663,9.410389348748328
3002664,31.937439253306554
3002665,70.2088499572671
3002666,75.71576751859648
3002667,1836.167957292433
3002668,329.4742929428441
3002669,11.588257925275418
3000921,-99.5129624698191
3000922,-88.9150531459225
3000923,21.482088550333362
3000924,52.45460555175233
3000925,-9.671559304647229
3000926,-47.83376365028452
3000927,-67.47811168709522
3000928,31.320920118570218
3000929,-108.1362468387304
3000930,-153.52677568326433
3000931,-89.50744690037327
3000932,-96.5363556124485
3000933,2177.758634798528
3000934,-90.71900025043969
3000935,-73.83247646356692
3000936,-2.2178033613507
3000937,124.50209668681892
3000938,-13.910378658415578
3000939,142.75008744484828
3000940,-0.3631773430452472
3000941,133.71520268658944
3000942,77.13472273024054
3000943,90.54844077853586
3000944,-32.941020884454964
3000945,-22.64292973773335
3000946,133.94818129671305
3000947,22.476216647947428
3000948,54.37623904842686
3000949,92.64764975238741
3000950,120.8583013171935
3000951,2935.950670488901
3000952,318.68941110506483
3000953,60.152757568818025
3000954,-183.1842560106659
3000955,-213.42905837572724
3000956,-15.48112210304934
3000957,-266.99260718246916
3000958,-15.95936207678896
3000959,-175.87515405614684
3000960,-166.4919867204833
3000961,-325.80649390201944
3000962,-314.69734771992063
3000963,-157.1161159562396
3000964,-69.96287329791248
3000965,-138.41657351456914
3000966,2143.708427183469
3000967,-85.56297789635373
3000968,-76.93990055141187
3000969,47.5858270146443
3000970,101.44073366660605
3000971,-12.24285781660505
3000972,91.37857353401542
3000973,-37.972833006426335
3000974,52.46507468638466
3000975,4.883791483023931
3000976,73.38291655089616
3000977,-19.262221905489053
3000978,-3.5657592495197536
3000979,47.17340833608633
3000980,26.993728204624137
3000981,48.39537807179678
3000982,67.0959164267144
3000983,94.49385956172519
3000984,1754.988378983249
3000985,213.97093068515616
3000986,28.063019098872434
3000987,-132.71094070002326
3000988,-155.37561968881235
3000989,35.81963803432628
3000990,-73.04255708267264
3000991,-57.55698608740821
3000992,-108.57007520674124
3000993,-134.39130674515653
3000994,-170.44142118031303
3000995,-197.05400950762012
3000996,-142.18206188199454
3000997,-38.090322466138595
3000998,-106.04897744179497
3000999,2304.753129776059
3001000,-91.00524674606667
3001001,-92.29329658121962
3001002,-36.12825406667597
3001003,60.948958666536065
3001004,-49.40464276983315
3001005,78.31077428523231
3001006,-42.86220282251387
3001007,48.658308006129765
3001008,63.17552826942457
3001009,78.78482622443126
3001010,-13.760385825160295
3001011,2.1796754762474007
3001012,135.43114761126455
3001013,33.22701378391158
3001014,47.4646233784808
3001015,73.86707331233374
3001016,94.08015479548585
3001017,4790.85803989478
3001018,215.21315904924788
3001019,40.69344763513546
3001020,-125.25970999006203
3001021,-145.66546679100318
3001022,34.723908709388716
3001023,-58.68592037298075
3001024,-56.42111233396171
3001025,-110.21357427928051
3001026,-125.64256254462525
3001027,-151.1442240815184
3001028,-171.422475914206
3001029,-140.57091560020197
3001030,-36.5394513691488
3001031,-105.58888836561191
3001032,2361.4570173835523
3001033,-90.23496319916221
3001034,-91.05321479413787
3001035,-34.87191679993388
3001036,63.0828102101104
3001037,-48.15574802910445
3001038,80.64033795719702
3001039,-41.31309395377733
3001040,49.53802234620999
3001041,20.405253515411648
3001042,79.50133531511047
3001043,-13.562529334194817
3001044,1.0240467987780062
3001045,129.60806159438172
3001046,32.42640220430368
3001047,46.66401179887381
3001048,68.20623715617121
3001049,96.37217039054367
3001050,5402.74926586543
3001051,242.4460791209883
3001052,42.27913002056376
3001053,-158.81241329214643
3001054,-182.22416537704592
3001055,12.115480408182709
3001056,-188.00417197667846
3001057,-43.924449295419244
3001058,-120.05632026605853
3001059,-145.90066615279537
3001060,-190.29981136166205
3001061,-225.34505895927376
3001062,-160.59133559776527
3001063,-34.30248286371879
3001064,-121.1875413145804
3001065,2147.3048383066102
3001066,-105.3144950448506
3001067,-99.62305041905385
3001068,-42.73452964096331
3001069,46.67278532005272
3001070,-62.198620644119764
3001071,56.97842650704157
3001072,-75.13127529968783
3001073,45.91028762952666
3001074,34.19154307462323
3001075,69.75619936174753
3001076,-26.237241382629048
3001077,-12.112862905677769
3001078,59.290222534659925
3001079,16.99612734052626
3001080,31.550622463628503
3001081,53.37238670601047
3001082,87.48024428403296
3001083,4180.203386774779
3001084,160.92529748880335
3001085,28.871011630989603
3001086,-114.89421769351502
3001087,-138.45887526095865
3001088,38.2114501731896
3001089,-133.41864606094603
3001090,-38.86300519754767
3001091,-82.02222694062111
3001092,-133.66476210947692
3001093,-156.67583300908225
3001094,-276.5464571343344
3001095,-176.9576293098169
3001096,-85.71685761527242
3001097,-148.3456376637378
3001098,2551.2856717537525
3001099,-86.78380824931132
3001100,-78.88288594757584
3001101,-7.441496898228518
3001102,102.7385571885056
3001103,-19.251949662740383
3001104,122.55085315960896
3001105,-12.645760034492962
3001106,84.4693808013355
3001107,57.59774885827047
3001108,84.31556373610347
3001109,-17.694326422187526
3001110,-7.4405167828056555
3001111,117.86481302403281
3001112,21.346425153368916
3001113,40.72848163220825
3001114,79.04753799901091
3001115,117.4256579984014
3001116,3504.3591586614166
3001117,196.26900977282887
3001118,67.5304750040652
3001119,-106.56992622452417
3001120,-99.74755912641085
3001121,3.8403151068461807
3001122,0.45910956858024976
3001123,19.838278654676476
3001124,-48.660257949723736
3001125,-44.99319936181636
3001126,16.180025927681715
3001127,-145.0331225822545
3001128,-120.09174585726286
3001129,-58.34093342830537
3001130,187.2081356274667
3001131,1587.3696849323064
3001132,-82.40302627773706
3001133,-82.53933440325504
3001134,-24.801333260471704
3001135,97.15649534273867
3001136,-40.402926874903905
3001137,141.35250276488566
3001138,-38.36786764347929
3001139,108.72434026548599
3001140,40.78970289136051
3001141,63.77497626136047
3001142,-57.995753728810804
3001143,-32.64846090197788
3001144,131.5282435553515
3001145,11.713855196944866
3001146,45.63346512702693
3001147,76.88041165962586
3001148,89.13363504475201
3001149,2322.0111839787633
3001150,494.02812036996346
3001151,27.878362569325606
3001152,-103.1505049942778
3001153,-85.10440145156717
3001154,16.170666491835807
3001155,55.28800808390698
3001156,-5.092605127293421
3001157,-39.45032993826934
3001158,-57.427734566551216
3001159,70.01633236386733
3001160,-151.34228809896084
3001161,-145.27035340838282
3001162,-84.46021698827217
3001163,-45.7733197585142
3001164,2042.2720979619924
3001165,-97.17033069810354
3001166,-80.23060754640203
3001167,-8.564535808003296
3001168,118.60884403333485
3001169,-20.454540844835986
3001170,139.6918415613611
3001171,-10.660655198124726
3001172,128.21776474692908
3001173,67.16775038000169
3001174,83.28776911517862
3001175,-44.937916950385706
3001176,-23.5752122133761
3001177,143.93657593704458
3001178,24.26466358347189
3001179,52.68590388384083
3001180,89.10725215047542
3001181,125.22418939770905
3001182,1956.113011478001
3001183,348.16237731371183
3001184,62.944948313880296
3001185,-109.05320299649865
3001186,-100.83072385817177
3001187,12.105196706627982
3001188,-150.52267457846827
3001189,-20.00308070835744
3001190,-44.470410619735766
3001191,-72.70745571331172
3001192,-43.0695347018307
3001193,-108.94582766524199
3001194,-161.11246070042105
3001195,-99.58467551209542
3001196,-106.1369678262336
3001197,2328.5386314481343
3001198,-107.1972150401895
3001199,-89.08447463089708
3001200,-17.42836490937047
3001201,108.53672013842284
3001202,-29.16237682574528
3001203,139.57608211564863
3001204,-14.059093914617772
3001205,116.11262310899856
3001206,85.16165608687534
3001207,80.24778826301572
3001208,-34.80936285113811
3001209,-24.498407801251954
3001210,119.8546258537669
3001211,10.864829013763217
3001212,46.05881986376081
3001213,79.62996392161422
3001214,115.8348130746319
3001215,1975.2850239233164
3001216,256.1081864026457
3001217,46.45142408730563
3001218,-131.46823925588868
3001219,-117.78773662496933
3001220,19.549860906464534
3001221,621.1653433300773
3001222,-55.883362308201676
3001223,-130.02867401695474
3001224,-85.17941582841995
3001225,196.10437172517888
3001226,117.91435008021126
3001227,-89.68300358033484
3001228,-9.77882662602114
3001229,-87.68467128689217
3001230,2366.166064463192
3001231,-78.90771923862614
3001232,-77.82963814321913
3001233,-20.980783768479608
3001234,60.38765551771572
3001235,-47.65715573041329
3001236,73.31316272784962
3001237,-43.21681863564917
3001238,54.69573451774723
3001239,51.420063184544425
3001240,93.59552865811129
3001241,-5.963023035485815
3001242,6.573195918909921
3001243,164.72745979198518
3001244,38.70308486672658
3001245,56.81637586830103
3001246,79.28718283135159
3001247,103.86319420121772
3001248,5247.330033713234
3001249,471.06479890514646
3001250,23.073537781141756
3001284,-112.3510688340928
3001285,-132.37440191467502
3001286,12.697741804289041
3001287,-162.34537431383868
3001288,-4.204348624575498
3001289,-60.14790355270706
3001290,-80.46041568759647
3001291,-2.0851437196240954
3001292,-91.67466568708078
3001293,-129.58455885670153
3001294,-54.022490197965716
3001295,-90.46130940596417
3001296,2051.972470078689
3001297,-109.2117167599677
3001298,-101.09684465254013
3001299,-29.647483479893292
3001300,94.0934224172167
3001301,-41.05116086710567
3001302,120.76710699020096
3001303,-46.127240667760624
3001304,80.94839554939263
3001305,31.50059683027185
3001306,72.08811349632215
3001307,-44.17244637842831
3001308,-36.151224377357075
3001309,103.93377507539499
3001310,3.0519726221602537
3001311,39.409818724454645
3001312,77.68122942841565
3001313,87.6211422611561
3001314,2024.4576756886179
3001315,329.7825551509101
3001316,23.13686127062302
3001317,-110.21961856688249
3001318,-110.28788339345083
3001319,5.22071440784676
3001320,-116.2619677286737
3001321,6.302673334857179
3001322,-40.4827937844755
3001323,-51.75250471901999
3001324,22.74208066427146
3001325,-134.54488501193444
3001326,-117.92976837584028
3001327,-60.986583749316004
3001328,13.362995155759751
3001329,1962.549877372205
3001330,-95.7452809353753
3001331,-98.67287241465446
3001332,-28.909436385335805
3001333,96.24671922969647
3001334,-43.0776166506187
3001335,138.16733898049685
3001336,-41.811354378314526
3001337,101.63789287769778
3001338,36.91212343206072
3001339,69.17906372717626
3001340,-55.72825117265874
3001341,-40.0732433173146
3001342,123.84577406897616
3001343,7.997728650553842
3001344,45.813799819067945
3001345,84.27283564393811
3001346,85.84993529572712
3001347,1933.3780582614343
3001348,378.7789737232844
3001349,25.130563266420456
3001350,-108.10559368396098
3001351,-102.86070262916
3001352,14.985804289485902
3001353,-7.43514879175272
3001354,-2.9078898108516955
3001355,-50.682518957918354
3001356,-70.17367324448314
3001357,15.27418867173147
3001358,-160.26178490401324
3001359,-143.07379453560023
3001360,-71.45831028518141
3001361,-108.1138102519955
3001362,1944.8904980067728
3001363,-95.53554363759808
3001364,-89.48800080451524
3001365,-18.010751365722893
3001366,108.76299237139524
3001367,-29.83130188096406
3001368,140.91077188675987
3001369,-29.553015537595495
3001370,101.63534259242188
3001371,-24.488056275456795
3001372,69.15354857414714
3001373,-51.89258022665198
3001374,-30.4673603746517
3001375,131.41086982949966
3001376,15.674650991064215
3001377,49.398829632800435
3001378,85.82017789943639
3001379,108.81450659175262
3001380,2223.822863629846
3001381,374.1011621986815
3001382,50.560297585543786
3001383,-96.64707996204997
3001384,-102.43710125639954
3001385,22.02044522392062
3001386,114.44093586984418
3001387,7.016541020813026
3001388,-76.21319132710668
3001389,-107.38260076690567
3001390,-96.8551620820488
3001391,-327.7071789418904
3001392,-163.37295421249453
3001393,-126.0341492165151
3001394,161.94416127036644
3001395,1239.7556926067484
3001396,-58.91319282368935
3001397,-51.17626461705439
3001398,19.686022179936533
3001399,143.03172957422086
3001400,5.064053467851142
3001401,120.75449313039526
3001402,-12.46726671648393
3001403,104.99720034930824
3001404,50.0458894639307
3001405,82.56487705771879
3001406,-70.43004246816353
3001407,-52.46262717226981
3001408,116.85995115886062
3001409,5.545619414643813
3001410,36.80368751380748
3001411,73.18300481407569
3001412,109.56232211434254
3001413,2328.969022081455
3001414,371.8820262056808
3001415,114.05598856495926
3001416,-125.50101120506842
3001417,-141.3902903201695
3001418,21.216657891419533
3001419,23.759213326889228
3001420,-11.487921235461538
3001421,-94.0115387482554
3001422,-124.06556990405333
3001423,61.36394771206616
3001424,-318.52256008609385
3001425,-172.81550995077012
3001426,-69.5897626057429
3001427,-144.70806434507384
3001428,1247.8659773125326
3001429,-76.59427145574584
3001430,-82.6217575647576
3001431,-19.165459407035808
3001432,96.4398347560661
3001433,-32.734192131435556
3001434,92.98777294253291
3001435,-51.3698965387728
3001436,54.54532575391223
3001437,30.33482084536009
3001438,59.59422962630989
3001439,-52.78107450467113
3001440,-45.603202168736324
3001441,105.06700491466945
3001442,1.1006923474962673
3001443,39.33406211674647
3001444,77.5674318859953
3001445,101.02906640826423
3001446,3814.599803873634
3001447,448.1822850251462
3001448,37.50881014121679
3001449,-107.34681167986382
3001450,-89.8600241929551
3001451,1.7145372403185388
3001452,338.2119890144979
3001453,-22.58821255874936
3001454,-60.11964371477806
3001455,-19.969937772294355
3001456,239.24542726654383
3001457,-258.0104400883691
3001458,-126.69381217106802
3001459,-71.48403560025399
3001460,261.4457497216444
3001461,1041.4507596901135
3001462,-70.44701174619972
3001463,-66.59816191591294
3001464,-17.655609733075874
3001465,95.1005500328683
3001466,-43.8487450454384
3001467,130.95523366801396
3001468,-56.667083055112734
3001469,112.80949875468714
3001470,41.72319017606443
3001471,88.5905462296757
3001472,-70.25326731433078
3001473,-46.11588631314479
3001474,124.1771683365002
3001475,8.374639180178026
3001476,35.79601592463833
3001477,70.74389295553938
3001478,103.5961347124282
3001479,5259.350670971908
3001480,511.80991431150386
3001481,62.23649273242628
3001482,-110.21002254072555
3001483,-97.18903839919476
3001484,31.811077008061336
3001485,170.43277750994022
3001486,-25.937733343710345
3001487,-108.38477605007647
3001488,-104.76874457689773
3001489,138.70556983347453
3001490,-304.9878347271377
3001491,-173.42299473245546
3001492,-83.12119322244943
3001493,-157.83839348272457
3001494,1690.4676162703286
3001495,-83.91523646516673
3001496,-78.14709568597804
3001497,-5.7246002428817455
3001498,94.50869831549876
3001499,-18.87519455750775
3001500,132.9683133967778
3001501,-19.3579334557085
3001502,94.10020722093414
3001503,46.61418748697198
3001504,71.19654352336575
3001505,-41.63293690338859
3001506,-23.63797613247679
3001507,130.46321594011144
3001508,23.14897598326225
3001509,51.71121007650819
3001510,93.10545444923191
3001511,124.46984467704097
3001512,3597.339251212935
3001513,342.8975932606747
3001514,85.74652088813737
3001515,-127.39267872806049
3001516,-149.27163323691892
3001517,19.80178576327781
3001518,-5.358942218243822
3001519,-14.57608658517601
3001520,-101.02387382398665
3001521,-140.1364269794565
3001522,90.41937205760514
3001523,-323.16226924810036
3001524,-178.32087527595266
3001525,-76.43444667168232
3001526,-151.50323525896104
3001527,1286.077467876288
3001528,-70.19849752697705
3001529,-75.59272513088244
3001530,-14.998337592172486
3001531,99.71985379711732
3001532,-28.352809312432367
3001533,90.70979682237471
3001534,-47.686652835182294
3001535,52.06307602846365
3001536,29.141669101412123
3001537,58.24772873394496
3001538,-52.95365740716469
3001539,-45.49311917404183
3001540,103.31923929204022
3001541,1.6313861515702297
3001542,39.822724954448596
3001543,78.02585456377365
3001544,107.59267219046679
3001545,3567.0130278777183
3001546,436.21648508329935
3001547,46.52447675318418
3001548,-103.19691879757265
3001549,-87.57620679522624
3001550,27.532881851476493
3001551,204.15959180881802
3001552,-17.398975091506866
3001553,-18.399257070471133
3001554,-82.83817657948275
3001555,67.75274639292111
3001556,-151.1663239494517
3001557,-180.20495187761097
3001558,-100.9001853378907
3001559,-95.62966544062253
3001560,2190.8994883958026
3001561,-85.03326591816715
3001562,-68.53079868156128
3001563,4.093287541897968
3001564,130.8738750387533
3001565,-10.993069786326298
3001566,111.80364641106503
3001567,-18.423648393014712
3001568,97.50473932590576
3001569,2.5978859507469747
3001570,75.41812522393248
3001571,-52.55307458203814
3001572,-29.518448411291768
3001573,133.11149922998194
3001574,22.906754053714128
3001575,50.79548248640477
3001576,80.18267901681675
3001577,116.56199631708223
3001578,1890.0936264677016
3001579,432.0045398594704
3001580,116.20191305834278
3001581,-103.44140053325354
3001582,-87.00837731834581
3001583,26.939710745057898
3001584,210.97807059867702
3001585,-17.427434517533396
3001586,-16.20289251792637
3001587,-80.98105401493085
3001588,7.767905042091304
3001589,-146.31521570409657
3001590,-179.62018045511175
3001591,-101.73420793042105
3001592,-61.93835151054831
3001593,2243.593751684263
3001594,-85.44570148880432
3001595,-68.8953266888705
3001596,3.745015014249209
3001597,129.92231460660966
3001598,-12.320076560441105
3001599,109.11349731074297
3001600,-20.84018551152148
3001601,94.04345854870571
3001602,25.599340943004524
3001603,74.74113998000412
3001604,-53.80907558284506
3001605,-30.774449412099596
3001606,130.98590366678056
3001607,22.451826415097646
3001608,50.47943892649365
3001609,79.5447530164458
3001610,121.20696190069948
3001611,1856.2954994329696
3001612,418.5904546357635
3001613,118.44786081473985
3001647,-128.76474780007155
3001648,-149.35092844579665
3001649,24.331365267227017
3001650,-203.93712354658308
3001651,-23.32997434220196
3001652,-97.09170202922978
3001653,-121.33121072989779
3001654,-46.08351463332364
3001655,-154.99632567017832
3001656,-159.40690596681887
3001657,-56.24808582944778
3001658,-128.47377500603218
3001659,1948.736025872806
3001660,-85.45614159250697
3001661,-84.03360499456896
3001662,-27.783432497168672
3001663,85.26576917226949
3001664,-41.68497754635772
3001665,83.70096785628148
3001666,-57.73452920238791
3001667,44.459767500142526
3001668,13.423298337033618
3001669,65.47031400014858
3001670,-44.84223646328591
3001671,-37.66436412735383
3001672,95.98151509266127
3001673,-0.7211800498533125
3001674,34.509780368932944
3001675,72.70111917181403
3001676,103.47448972907041
3001677,2493.4123403320177
3001678,350.3054204066063
3001679,40.17771226594751
3001680,-142.37500264764347
3001681,-166.3111674776508
3001682,21.18464115401476
3001683,-394.68936155531156
3001684,-35.79576363268715
3001685,-87.76397141908892
3001686,-144.25727681022252
3001687,-139.0489764260008
3001688,-190.6871624707708
3001689,-177.06831936394317
3001690,-78.47550701025811
3001691,-149.75234968581915
3001692,2288.4450498256033
3001693,-80.58946770021241
3001694,-76.6494258243843
3001695,-13.098072535478689
3001696,100.04073566645361
3001697,-25.15501040119538
3001698,101.47028324232834
3001699,-31.67904585960154
3001700,62.856212433694246
3001701,21.564209313448107
3001702,74.43685299078352
3001703,-32.23927645299708
3001704,-21.95035271515398
3001705,103.99798857796596
3001706,12.930635917155275
3001707,39.918083740416215
3001708,80.3477022588665
3001709,113.76984805839739
3001710,1968.5942735548576
3001711,138.94653727339775
3001712,67.30635949512698
3001713,-127.7889008284681
3001714,-143.96225747426686
3001715,23.1676391611738
3001716,-112.476044143951
3001717,-23.342465093949425
3001718,-85.17549079122072
3001719,-116.15501982131609
3001720,-63.00153273636969
3001721,-85.7658243027643
3001722,-157.78293170835676
3001723,-56.810122801579645
3001724,-129.64685662246055
3001725,1974.2613173914185
3001726,-84.18673334324937
3001727,-84.8913265489371
3001728,-28.608643092215782
3001729,85.85817383126796
3001730,-42.829448789853394
3001731,85.30982190748246
3001732,-57.57928887867778
3001733,46.2640361286719
3001734,33.49123773071434
3001735,64.6151215513275
3001736,-46.942159072245694
3001737,-39.764286736311796
3001738,97.94789050118398
3001739,0.5640509033366539
3001740,35.8475253799672
3001741,74.03886418284601
3001742,105.56723265685532
3001743,2947.6238688416115
3001744,356.5590613117931
3001745,41.886411620467435
3001746,-117.1206839114955
3001747,-100.25364468275329
3001748,7.998592469023794
3001749,58.81168242224086
3001750,-4.356796363829556
3001751,-46.63760037045066
3001752,-59.810139178779345
3001753,130.09054847743593
3001754,-110.40269860829612
3001755,-137.1167403610805
3001756,-62.36589939996683
3001757,-129.91465619572367
3001758,1959.7449558262545
3001759,-88.45370422669309
3001760,-100.05017883155715
3001761,-34.217230898921834
3001762,91.8165562766164
3001763,-49.30390799563933
3001764,120.42627536010487
3001765,-53.08278714039469
3001766,81.16673375032151
3001767,-22.63992168035183
3001768,61.47479253144248
3001769,-53.574257519446554
3001770,-31.284100230949473
3001771,135.29287432445764
3001772,13.30329766655014
3001773,43.71653255565317
3001774,80.09983988757604
3001775,107.26278853702543
3001776,2356.7910102939213
3001777,434.8953279832992
3001778,47.68844298292125
3001779,-131.7987297711177
3001780,-155.58198911859543
3001781,24.705546485926977
3001782,-270.26310276322585
3001783,-36.45033476757707
3001784,-76.94211836045433
3001785,-116.807524066923
3001786,-96.14606368354616
3001787,-81.65340228111363
3001788,-146.34760294454534
3001789,-47.99689697665398
3001790,-131.76446500642308
3001791,2399.2721192768754
3001792,-88.46498129160538
3001793,-84.33279175680961
3001794,-28.233575972236434
3001795,75.35477811839606
3001796,-47.32428416476913
3001797,75.76553257663382
3001798,-60.34031871801225
3001799,45.42117334579435
3001800,44.33919099731994
3001801,72.75834864046938
3001802,-34.03415477038815
3001803,-21.7175718141073
3001804,94.10209264607302
3001805,6.661670950428931
3001806,29.99287971962504
3001807,67.98328029380555
3001808,107.39420547667096
3001809,2839.110471835436
3001810,196.8537638393079
3001811,46.13838633289125
3001812,-120.91798835067202
3001813,-109.08072699482618
3001814,14.745582590801138
3001815,29.91920790743207
3001816,-18.14543688450321
3001817,-51.20746067034887
3001818,-75.16334104568595
3001819,103.44190884614109
3001820,-58.102921098006654
3001821,-138.39977782981967
3001822,-60.169028380380304
3001823,-122.59426919092657
3001824,1971.4959400826829
3001825,-90.0093411417768
3001826,-100.73023471998924
3001827,-39.48281976369234
3001828,81.38540401683458
3001829,-55.259582274811955
3001830,97.13291051004576
3001831,-63.3845990246546
3001832,58.09491662776619
3001833,26.57926447511746
3001834,63.937792907912545
3001835,-55.30231975484802
3001836,-41.18592914505124
3001837,114.92965026119073
3001838,3.786441083707548
3001839,40.356200338059544
3001840,78.58957010730701
3001841,101.27744346467325
3001842,2639.769469130777
3001843,411.349760772802
3001844,40.87121446374314
3001845,-107.59440409112612
3001846,-86.96740062735152
3001847,16.958722251574006
3001848,390.29457976214616
3001849,-45.687744321866184
3001850,-0.010630889485394146
3001851,-52.99013475896826
3001852,134.9211025660181
3001853,-161.8700379961672
3001854,-176.8880177375693
3001855,-107.9042090090018
3001856,197.76385652550843
3001857,2158.206684753085
3001858,-88.901106313341
3001859,-82.49575031444492
3001860,-10.929644825556164
3001861,115.34272331854318
3001862,-26.976236356883003
3001863,78.78705242592805
3001864,-43.10180156703681
3001865,73.20233879747612
3001866,55.45982718781689
3001867,74.97351247414981
3001868,-62.28509292999369
3001869,-39.25046675925004
3001870,113.07509065075665
3001871,21.11048367415761
3001872,49.57422906081248
3001873,77.62763991571337
3001874,108.82508429611217
3001875,1823.865217382179
3001876,409.543616649674
3001877,118.03001709355631
3001878,-129.20664343213392
3001879,-116.3543222499964
3001880,7.125200340281669
3001881,234.69132465422737
3001882,-37.20144084586608
3001883,-108.12121090823784
3001884,-116.9956987188114
3001885,104.56130711955412
3001886,-258.95367403434994
3001887,-155.02650406064257
3001888,-45.652420793045884
3001889,-132.09336138485494
3001890,1463.620376479133
3001891,-62.90090603170862
3001892,-58.66702490770812
3001893,-0.5624480355427681
3001894,88.18420903091665
3001895,-42.25355213624906
3001896,61.583477234029225
3001897,-69.55804277585894
3001898,38.918019332501636
3001899,46.48499345165575
3001900,65.45474668140578
3001901,-39.03076074289519
3001902,-31.76902084323073
3001903,94.24386325790711
3001904,3.1711414329212926
3001905,37.93093991534234
3001906,76.25224279233198
3001907,114.56290884943537
3001908,4242.901297626145
3001909,463.1853735585343
3001910,50.7067995886725
3001911,-113.94091239353911
3001912,-95.11177725789712
3001913,11.422666691070123
3001914,340.58266492691763
3001915,-9.229197288034623
3001916,-83.678321261167
3001917,-59.576315740922645
3001918,268.5296061601677
3001919,-239.32640853826868
3001920,-149.684794153284
3001921,-84.17748922401579
3001922,-48.128081316038255
3001923,1673.1075245185577
3001924,-75.840932690761
3001925,-84.05081705748698
3001926,-19.745593468460395
3001927,106.54033983894824
3001928,-36.21984162679636
3001929,115.85946064041373
3001930,-50.75038808330877
3001931,86.29782387751966
3001932,31.208100370667314
3001933,64.34511198217588
3001934,-59.35431933883664
3001935,-37.25346882916373
3001936,128.06358020403806
3001937,12.782292407691063
3001938,53.84896970586461
3001939,73.16838997749728
3001940,109.55169730942062
3001941,3561.554303668909
3001942,408.4848878889731
3001943,88.70005508669938
3001944,-144.03278045548248
3001945,-130.4489931136075
3001946,-1.5803049202648185
3001947,1046.0096755373518
3001948,-39.957917605954925
3001949,-48.150406582381756
3001950,-72.05005493924618
3001951,468.505057138321
3001952,284.35525035935024
3001953,-49.898084155176356
3001954,-7.563814283614004
3001955,-112.96588004120149
3001956,2633.9469973886994
3001957,-65.66563657505394
3001958,-52.09804041714521
3001959,9.274255292061031
3001960,84.84585831296063
3001961,-29.469939411022818
3001962,44.509775180457574
3001963,-41.59343560264055
3001964,65.7515037433247
3001965,78.91549457257379
3001966,92.39867744205749
3001967,1.1536478071986562
3001968,15.371689896020332
3001969,137.22594284484896
3001970,45.03715777928229
3001971,67.47855173475655
3001972,94.81227726009338
3001973,94.35165241917794
3001974,1373.8095874755852
3001975,657.8246211496028
3001976,29.056900639817474
3002010,-124.63188941102526
3002011,-111.5860554199051
3002012,17.661662678435466
3002013,25.830427249836436
3002014,-27.461440113583006
3002015,-40.326580526247916
3002016,-78.49255874097143
3002017,60.50312802482514
3002018,-33.33424175424424
3002019,-137.45510591813925
3002020,-50.95836768307189
3002021,-121.99180836750365
3002022,2260.57714551045
3002023,-88.0667457912189
3002024,-93.22410289093698
3002025,-36.39554065301903
3002026,74.20161357809293
3002027,-59.72356034294243
3002028,84.19726018207002
3002029,-69.57757710286505
3002030,45.184739374948286
3002031,7.638543229638078
3002032,64.17095124927864
3002033,-52.988264614689605
3002034,-42.95962421175344
3002035,111.4541666683178
3002036,2.8388594938484926
3002037,37.85651724902774
3002038,76.04785605191155
3002039,107.54977919756239
3002040,2322.978815262681
3002041,370.9371232035498
3002042,44.189534287717116
3002043,-118.85492456686806
3002044,-100.23542816813897
3002045,15.344116671404851
3002046,392.9037723092071
3002047,-20.790497608634535
3002048,-98.6998869134084
3002049,-67.39163632542731
3002050,243.39893616361334
3002051,-237.90141253473374
3002052,-149.85359270906318
3002053,-70.15452315341763
3002054,-138.60774550106797
3002055,1690.0153298901485
3002056,-81.19180652041625
3002057,-94.04946356181044
3002058,-31.653055150214907
3002059,93.7577690969551
3002060,-47.4193471147826
3002061,112.5918821399825
3002062,-53.855665087344995
3002063,74.14943495136204
3002064,21.404970508352296
3002065,68.29119750025912
3002066,-45.31601829960736
3002067,-25.35535480026537
3002068,134.9384167092305
3002069,16.730817380942614
3002070,61.451100319911994
3002071,89.43223218573912
3002072,114.26753306374003
3002073,3298.60226384226
3002074,413.97894675717424
3002075,78.17141150093558
3002076,-125.55374251867288
3002077,-111.87404937974388
3002078,5.1533917388198525
3002079,539.2240101769032
3002080,-34.791282614008004
3002081,-105.85128132775098
3002082,-86.59821176416408
3002083,157.76477789811653
3002084,-208.90401314137196
3002085,-139.33742538484037
3002086,-43.01145390397122
3002087,-125.63920899491613
3002088,1481.3999607748515
3002089,-63.604946550717194
3002090,-59.40423124753503
3002091,-1.2183769770643198
3002092,90.74941753260846
3002093,-42.96840437884456
3002094,67.44560794752597
3002095,-66.54438169602581
3002096,37.502040399406916
3002097,42.695574526436495
3002098,65.09985753771862
3002099,-42.69332861147567
3002100,-35.438157620117444
3002101,107.7636083770828
3002102,6.967805215469713
3002103,43.723854465391206
3002104,82.0465763980039
3002105,118.07318874554103
3002106,4201.257494670285
3002107,540.4646477619206
3002108,52.719089003411874
3002109,-111.4738771813707
3002110,-90.60078610714736
3002111,13.869177462443265
3002112,415.4374368429555
3002113,-60.71967536487572
3002114,-3.888992102610057
3002115,-61.16490326002785
3002116,189.52654332185395
3002117,-115.94418981528888
3002118,-181.09363128232215
3002119,-108.51300695557329
3002120,109.64595524665954
3002121,2042.228453613323
3002122,-83.57443448914232
3002123,-83.18600262158525
3002124,-11.176617750985582
3002125,108.62789707106772
3002126,-27.46091135886199
3002127,66.60094335548929
3002128,-47.74039985543258
3002129,61.625157529779436
3002130,47.58907888293671
3002131,63.406171656190246
3002132,-66.23524527309591
3002133,-43.01992236097821
3002134,100.9515484600026
3002135,20.61932800910036
3002136,50.34169238453088
3002137,78.61825522486443
3002138,109.85395107558016
3002139,1840.7759170448644
3002140,481.772964711479
3002141,119.9639623029254
3002142,-129.4733073075502
3002143,-119.12473980601753
3002144,-7.591425957364475
3002145,127.90189513550213
3002146,-11.639663729850138
3002147,-77.5403458468234
3002148,-46.207331733424134
3002149,262.546793553319
3002150,-210.54826751895214
3002151,-123.0810612084204
3002152,-68.2991271124145
3002153,-106.33711252528569
3002154,1985.0200209357513
3002155,-102.2431860277482
3002156,-114.5899778147912
3002157,-52.038865285987676
3002158,73.71643641417832
3002159,-66.99175344383416
3002160,105.92351062025382
3002161,68.48849917608432
3002162,72.58176504553713
3002163,34.503278238676295
3002164,61.93353280800303
3002165,-66.01322686110579
3002166,-42.4636081590268
3002167,123.81933077266622
3002168,3.986143056393946
3002169,41.216751998842675
3002170,79.55955742369152
3002171,96.15857035207155
3002172,4067.7930364049384
3002173,296.4165283069503
3002174,35.968479633666185
3002175,-129.4588499663976
3002176,-109.42848429571931
3002177,-16.211965890141794
3002178,84.98655205663563
3002179,-52.61094940887123
3002180,-106.08495626867152
3002181,-49.059419922987935
3002182,255.90016604882314
3002183,-245.92293128187228
3002184,-156.8832975719586
3002185,-110.1691743202171
3002186,-116.44593484797842
3002187,2082.210234851518
3002188,-121.0180367627376
3002189,-120.19845528190926
3002190,-48.32317271513674
3002191,79.10704344344545
3002192,-60.91573388585247
3002193,122.36845389472019
3002194,102.83670298757688
3002195,91.06934783382776
3002196,51.30233865266356
3002197,58.366038555548776
3002198,-63.5305826909478
3002199,-38.207423437464776
3002200,133.97281638499882
3002201,8.748721266949548
3002202,47.83006675621956
3002203,75.34174383121963
3002204,111.79245585237568
3002205,2910.28371568066
3002206,291.08021481783015
3002207,56.31044059382403
3002208,-130.24739675373237
3002209,-110.25289196082194
3002210,-19.836043952522953
3002211,261.0605735183755
3002212,-79.8822752065269
3002213,-108.6093962507155
3002214,-52.69448679051019
3002215,234.01245837885037
3002216,-206.29308451252362
3002217,-172.65651409347154
3002218,-132.17917226527996
3002219,-116.65139209844988
3002220,2110.7404096051678
3002221,-129.03813566061936
3002222,-118.70547670789374
3002223,-46.76169045159262
3002224,80.66822623852404
3002225,-58.78337890274296
3002226,126.61532414068024
3002227,41.31337475548681
3002228,100.59054764133653
3002229,35.9010487930752
3002230,57.69996257525755
3002231,-61.81719151608312
3002232,-39.52549601748459
3002233,134.93993446686656
3002234,5.485967729371357
3002235,46.78208761266088
3002236,72.75816986654327
3002237,109.20888188769887
3002238,3059.021655682285
3002239,275.2830611963829
3002240,68.91391963316501
3002241,-130.89836333562087
3002242,-110.9038585427068
3002243,-21.09954504562374
3002244,159.04460825919452
3002245,-84.61811124783416
3002246,-108.07175976410217
3002247,-52.33353320993664
3002248,226.77162418857117
3002249,-219.33489064984568
3002250,-173.59611337430195
3002251,-134.29951826939876
3002252,-107.90277029126541
3002253,2138.9294521150255
3002254,-128.57769828829672
3002255,-119.31862077149599
3002256,-47.359846724481294
3002257,80.07006996563537
3002258,-59.39652296634453
3002259,122.74472797647077
3002260,113.54109760552565
3002261,101.12809899890836
3002262,59.1721409611284
3002263,59.31538985370772
3002264,-63.38212749652329
3002265,-40.86820926274212
3002266,133.47886656065677
3002267,4.745268060676796
3002268,36.633969624841676
3002269,74.01510868945088
3002270,108.22052737119357
3002271,3046.409173825941
3002272,276.82985820612083
3002273,70.72339963624673
3002274,-131.54932991749845
3002275,-111.55482512458074
3002276,-22.363046138735438
3002277,168.55005260449
3002278,-89.35394728914325
3002279,-85.33004871927987
3002280,-51.97257962935945
3002281,244.6522466071203
3002282,-202.86478047410927
3002283,-174.53571265512872
3002284,-136.41986427351756
3002285,-99.15414848408777
3002286,2117.283921446449
3002287,-128.11726091597544
3002288,-119.93176483509846
3002289,-47.958002997369285
3002290,79.47191369274715
3002291,-60.00966702994655
3002292,123.89658712451156
3002293,108.4704532178991
3002294,101.66711246636778
3002295,35.25139260179295
3002296,60.061434902039956
3002297,-64.94706347696665
3002298,-42.20957971461784
3002299,133.72599473413877
3002300,4.004568391982236
3002301,61.40303301117566
3002302,73.53292244102995
3002303,107.23217285469237
3002304,2981.5030076419425
3002305,278.37665521585694
3002306,72.53287963932435
3002307,-132.0268554161619
3002308,-112.0323506232442
3002309,-21.265970262570402
3002310,179.22708859254564
3002311,-71.5542935740912
3002312,-103.93441032221453
3002313,-47.61560560069737
3002314,278.60140409421473
3002315,-232.2483794215839
3002316,-160.64169469527658
3002317,-118.65055833669821
3002318,-100.86137760059027
3002319,2127.5415803339515
3002320,-119.44540859817214
3002321,-122.65076765635722
3002322,-50.71505450652288
3002323,76.71540782591201
3002324,-63.60775794197483
3002325,120.39132786752835
3002326,-33.69890398677925
3002327,93.23634653600648
3002328,27.736011510812393
3002329,57.766341917529836
3002330,-63.3607405898454
3002331,-41.19605881879696
3002332,131.6595587257345
3002333,5.216460347121217
3002334,34.93761374404786
3002335,71.38832576520618
3002336,107.83903778636268
3002337,2830.0238888590543
3002338,297.26740285677823
3002339,63.54836060614135
3002373,-131.54151519577024
3002374,-135.92531335830316
3002375,-12.704745854566493
3002376,-1.8106178379974085
3002377,-28.820485167888176
3002378,-119.0622247910167
3002379,-93.92939929670028
3002380,-55.15218962606085
3002381,-359.07562136397775
3002382,-208.06524091437385
3002383,-160.77339034562308
3002384,-221.2932977106373
3002385,1855.0880799682557
3002386,-100.08669247417792
3002387,-89.90437840716918
3002388,-18.131803245404438
3002389,109.29811344471223
3002390,-29.982280602018857
3002391,131.89319930555823
3002392,9.72493060457801
3002393,95.81056277883381
3002394,28.49062587253066
3002395,45.61517407202992
3002396,-83.49089665167939
3002397,-60.06882220017159
3002398,111.60816326412369
3002399,-14.143130505792936
3002400,21.60960530761459
3002401,59.039778332359866
3002402,102.50385904816285
3002403,2854.5797519735693
3002404,152.99819422680204
3002405,107.413398308058
3002406,-139.18103274261264
3002407,-119.36922485599534
3002408,-15.13718147380386
3002409,1933.5645248223093
3002410,-65.38580749365319
3002411,37.553401430573295
3002412,-37.844248081441755
3002413,708.8264256885843
3002414,466.71117903098474
3002415,270.41388735762956
3002416,1.0334479361210538
3002417,-99.42104042765031
3002418,2285.494342842773
3002419,-96.61988364425467
3002420,-86.1706566992032
3002421,-21.929075273420306
3002422,93.08378514349006
3002423,-42.074729685049796
3002424,63.86378078621711
3002425,-26.566551134368904
3002426,60.12069435717941
3002427,54.00732628591023
3002428,77.26073884047646
3002429,-23.425142469712494
3002430,-12.929869865838366
3002431,158.25194581076468
3002432,29.628968294255362
3002433,64.21921927251715
3002434,102.94411641909683
3002435,107.70424856244627
3002436,5381.259528495614
3002437,1050.8793385840015
3002438,27.731405698881833
3002439,-135.87023109402688
3002440,-115.87572630110553
3002441,-16.359420010993556
3002442,156.76858311754515
3002443,-51.21234377264299
3002444,-120.93240901393328
3002445,-59.20021169866303
3002446,253.3331909958117
3002447,-242.72569288390494
3002448,-168.1883947212771
3002449,-116.34275830810365
3002450,-173.04175268427437
3002451,2081.922226550021
3002452,-115.87442754007866
3002453,-122.37255236029141
3002454,-51.29022955651025
3002455,49.33840405495149
3002456,-63.364766266481446
3002457,114.11364083003328
3002458,-54.638627250382605
3002459,76.58252431340834
3002460,-25.873118760817572
3002461,57.660871687775135
3002462,-65.1001175382924
3002463,-39.68834196632614
3002464,132.53348146300706
3002465,9.206601127084657
3002466,38.68535232776386
3002467,75.26161698868482
3002468,111.83165626406726
3002469,3239.965206244784
3002470,282.0978306955164
3002471,63.735222222536514
3002472,-129.68447354435446
3002473,-111.08449467457358
3002474,-27.7030416337282
3002475,574.1032037871294
3002476,-124.26322044866247
3002477,-56.011973028013735
3002478,20.44537898146992
3002479,299.2565700120742
3002480,-187.05385822176848
3002481,-121.92476769083832
3002482,-106.70667738971433
3002483,849.0244418354339
3002484,1381.0683602177342
3002485,-89.71269593278593
3002486,-102.50918960581457
3002487,-43.73371106444328
3002488,58.02603733595853
3002489,-53.52519168249254
3002490,32.385698843472674
3002491,-52.29917692313783
3002492,25.84664540953209
3002493,13.236703613111064
3002494,26.948766562375756
3002495,-61.826961484444645
3002496,-60.8670906654036
3002497,50.38403541407862
3002498,-3.0518828503561894
3002499,23.348628804994593
3002500,48.85255446681523
3002501,77.01930157778334
3002502,2788.767286744657
3002503,217.96780171292787
3002504,82.80810278519967
3002505,-124.48889926942392
3002506,-104.97832900128451
3002507,1.3306002340225018
3002508,87.8432485268324
3002509,-16.291198015013645
3002510,-67.72364406977321
3002511,-68.47784620037855
3002512,73.57941634781783
3002513,-44.816090948433875
3002514,-154.3542646297308
3002515,-97.3814689909771
3002516,-137.4720754290602
3002517,2100.599700096447
3002518,-64.26520595947424
3002519,-80.47574406621884
3002520,-30.167474829017504
3002521,96.10543895739939
3002522,-45.639054967268784
3002523,106.53181479290352
3002524,-69.37727712248925
3002525,73.95741162310851
3002526,-7.723950767141826
3002527,50.45124471691744
3002528,-76.15154103635068
3002529,-53.03673195783066
3002530,118.80220830141225
3002531,-0.8762122607143215
3002532,29.159343256443396
3002533,65.50061962199807
3002534,99.51292863134832
3002535,2439.944876276086
3002536,289.07559063493335
3002537,105.33795362204701
3002670,-92.2211011435018
3002671,-85.83199325273272
3002672,-15.552145382144584
3002673,323.0612145347888
3002674,1.9157368485022812
3002675,-88.56854497810563
3002676,-66.9706755311443
3002677,15.628176972563057
3002678,-89.54887728205885
3002679,-52.344722680590884
3002680,-95.99980378421314
3002681,96.75638390511183
3002682,895.3684811231556
3002683,-84.32351956178961
3002684,-62.61290771586429
3002685,-42.60902625078817
3002686,28.827844686798205
3002687,-2.8378936350880326
3002688,156.30597718948204
3002689,6.795871345700295
3002690,-8.278096506451487
3002691,-23.352064358604633
3002692,65.74716338535173
3002693,-34.70756560639419
3002694,-21.465759748274916
3002695,137.198657255891
3002696,27.294317690481154
3002697,57.195430957953896
3002698,93.44209888439555
3002699,120.3345456676022
3002700,488.6867330767811
3002701,64.03542488771355
3002702,58.759372145501594
3003033,-91.74805446913778
3003034,-83.3083264371733
3003035,27.002107684174195
3003036,479.5362224858065
3003037,1.8872774224721138
3003038,-77.88960081035002
3003039,-65.00439587469627
3003040,56.04886798025492
3003041,-77.10173085300157
3003042,-51.796398545215915
3003043,-96.598364487262
3003044,118.43617158627644
3003045,876.4074920399212
3003046,-84.33264756651242
3003047,-62.52752264745383
3003048,-42.95729877843727
3003049,2.70300798613285
3003050,-3.1861661627372473
3003051,127.27152737365687
3003052,6.678069722126299
3003053,-8.395898130026165
3003054,-23.469865982180902
3003055,96.03778989518487
3003056,-35.97040137962703
3003057,-20.25249405537333
3003058,140.35808321891247
3003059,28.863903823623065
3003060,56.94462619555426
3003061,92.8848119756769
3003062,123.0397759081804
3003063,424.06779670615805
3003064,66.81838592199638
3003065,60.973582659348004
3003396,-98.97441382361903
3003397,-99.30468263590846
3003398,21.72689799038672
3003399,319.15934515678526
3003400,9.854869805439382
3003401,-83.04204324536913
3003402,-70.27926806314353
3003403,95.17315605116092
3003404,-60.216874990936766
3003405,-131.88866679181118
3003406,-88.55750794996702
3003407,81.93673618163412
3003408,880.1399989657182
3003409,-93.07661470951523
3003410,-74.31741670682861
3003411,-52.7527627641953
3003412,45.35618347400506
3003413,-13.732379654831941
3003414,143.2472277424708
3003415,-9.962072736907242
3003416,-25.528881024087735
3003417,-5.1211926859098575
3003418,70.06544581450244
3003419,-42.54672079436322
3003420,-28.035949559593785
3003421,132.64435772176896
3003422,18.988806283034325
3003423,52.52243949568966
3003424,90.16911502088006
3003425,102.34755562272967
3003426,432.3470109469051
3003427,46.957152677405894
3003428,42.00898842009493
3003759,-96.96148594347578
3003760,-93.41252359179889
3003761,22.09277762813618
3003762,472.3676364915129
3003763,8.227200017610091
3003764,-83.27177717119484
3003765,-66.86475803771536
3003766,66.7175854729805
3003767,-65.1073401412521
3003768,-133.05080700480792
3003769,-90.88395210108438
3003770,109.69646536290584
3003771,925.4089011730498
3003772,-92.13945024129241
3003773,-71.85697581286063
3003774,-49.93808014115408
3003775,-30.60716028515257
3003776,-11.523779932734936
3003777,144.22217039456856
3003778,-6.7754061933911025
3003779,-21.849374045543794
3003780,-37.68298225277412
3003781,6.048903862805407
3003782,-42.74685983929593
3003783,-24.2943227571598
3003784,133.99105945526546
3003785,22.847329150921457
3003786,53.51058793626017
3003787,89.93193620289522
3003788,109.73227596851275
3003789,431.7637734343245
3003790,54.268952567462485
3003791,48.45895988455933
3004122,-97.99885579872243
3004123,-88.3933679078098
3004124,11.410410572015468
3004125,435.17432515992294
3004126,24.134464022704567
3004127,-69.45425133359531
3004128,-45.397998914041445
3004129,78.79136563789616
3004130,-58.69644921463331
3004131,-42.35262269400963
3004132,-75.78321878404113
3004133,335.8736535903235
3004134,1031.9354842524704
3004135,-92.10550379027113
3004136,-86.8312345905005
3004137,-20.32177754589956
3004138,-24.32413993619711
3004139,-28.840422852954173
3004140,127.15194617346329
3004141,-20.28378081534292
3004142,-36.221908249433945
3004143,-52.27029251200637
3004144,18.584923076325328
3004145,-52.9395163400848
3004146,-29.032674961926926
3004147,135.9135717048832
3004148,15.969222014972008
3004149,46.80996425575423
3004150,83.23131252238973
3004151,99.47793755673429
3004152,359.2350245936797
3004153,42.73187115613947
3004154,34.76383897017623
3004320,-92.75456433460458
3004321,-79.26125275068152
3004322,-12.7129979978079
3004323,292.4352965848786
3004324,1.7734397183496253
3004325,-91.83288766965488
3004326,-57.13927724889508
3004327,103.56085544871367
3004328,-58.78020223477487
3004329,-107.26353417518003
3004330,-98.99260729945699
3004331,206.4228661343885
3004332,1031.9453925857642
3004333,-84.36915958540344
3004334,-63.59133781993834
3004335,-18.575648432311976
3004336,27.16142100212456
3004337,-4.579256273331605
3004338,151.82554341376087
3004339,6.259481834542118
3004340,-8.867104624326924
3004341,84.10023567104618
3004342,20.664729952680506
3004343,-41.198507634664374
3004344,-17.337062564668752
3004345,148.16077914154104
3004346,28.520030401498122
3004347,55.94140714595979
3004348,90.28375127920317
3004349,126.70509954583868
3004350,322.5580177339713
3004351,77.79845690069142
3004352,69.83042471473136
3004353,-97.30645884054938
3004354,-90.0207195332212
3004355,-116.9119252580338
3004356,694.5853737105674
3004357,9.741032101320531
3004358,6.014788685873288
3004359,-62.414149437349614
3004360,-149.8993771359517
3004361,-43.47111847643263
3004362,-23.5856261667257
3004363,-90.8962261235727
3004364,163.37719532635649
3004365,-0.8877071675414459
3004366,-88.88964593501343
3004367,-73.97587643318643
3004368,-52.553956800955156
3004369,-33.266848280852436
3004370,-14.183467928434577
3004371,4.2360065172005825
3004372,-10.433279231207319
3004373,-25.507247083359783
3004374,-41.35258609964675
3004375,-57.84574320958317
3004376,-46.95715361746151
3004377,-22.4692491323929
3004378,-0.48581308622696495
3004379,22.19627287026488
3004380,51.1467060577672
3004381,87.56805432440315
3004382,113.16847658504203
3004383,61.74095253990682
3004384,58.08899681453905
3004385,50.86583047547739
3004386,-97.60619276717516
3004387,-87.69972875755302
3004388,-114.38825844247076
3004389,696.5263729885876
3004390,9.712572675288545
3004391,6.338249056673892
3004392,-60.44786978089795
3004393,-148.27325912110317
3004394,-43.092199560715734
3004395,-24.185851254201037
3004396,-91.43233816799084
3004397,185.6235753710245
3004398,2.002685173896755
3004399,-87.84290374138827
3004400,-73.89049136477563
3004401,-52.90222932860369
3004402,-33.3796203492523
3004403,-14.296239996834213
3004404,4.073705934563311
3004405,-10.551080854781542
3004406,-25.62504870693446
3004407,-41.29985652444592
3004408,-57.793013634383705
3004409,-45.74388792456174
3004410,-21.07757402559245
3004411,-1.365434620674289
3004412,21.945468107865697
3004413,50.49644088364831
3004414,86.91778915028426
3004415,115.87370682562205
3004416,64.39426281340884
3004417,60.871957848821886
3004418,53.080040989323344
3004419,-127.9938380550655
3004420,-158.2386404201268
3004421,-86.91403630175664
3004422,-235.0967549444711
3004423,-4.308820235680098
3004424,-93.72218473482353
3004425,-103.24884035519499
3004426,-39.04838115965939
3004427,-48.343273440048314
3004428,-38.80393069714754
3004429,-45.72733071340853
3004430,-72.74303211745409
3004431,1588.33570153226
3004432,-114.76203857401724
3004433,-96.72680764511226
3004434,-75.16112673351056
3004435,-28.411103148525665
3004436,-32.951031201173045
3004437,103.78409284832988
3004438,-47.0853472596223
3004439,-63.13373152219632
3004440,-21.197093721212507
3004441,10.445933009945481
3004442,-31.607330421604996
3004443,87.65396397465902
3004444,105.67397342494469
3004445,9.462177703082222
3004446,32.243530405206194
3004447,70.51494110916583
3004448,77.63353072160199
3004449,23.93948936813941
3004450,294.21681508243745
3004451,12.005001019663002
3002703,-99.74359944503412
3002704,-88.44176296269397
3002705,-17.55310681670998
3002706,308.85740561729216
3002707,-10.090009998579983
3002708,-75.53701838300621
3002709,-68.60744986724676
3002710,100.15070090382615
3002711,8.103143025784636
3002712,-38.33681211759703
3002713,-89.48375565154201
3002714,-71.93744983231129
3002715,1487.549543381814
3002716,-90.69956945817027
3002717,-73.8378775174828
3002718,-53.86384491576545
3002719,-33.88981231404822
3002720,-13.915779712331453
3002721,144.89205876526486
3002722,-0.02423533975460712
3002723,-15.077399993960437
3002724,-30.13056464816763
3002725,-27.567767603303576
3002726,-33.00369048362271
3002727,111.0879093399114
3002728,135.940908936662
3002729,22.681368799858962
3002730,54.68233020032877
3002731,92.95374090428659
3002732,121.1991443643994
3002733,67.46092894303656
3002734,65.4269341055935
3002735,60.632653947360005
3002736,-182.7291174788177
3002737,-212.97391984388267
3002738,-139.12888744744376
3002739,-477.9646948766029
3002740,-16.376887374221763
3002741,-106.49019700333774
3002742,-167.55687788280082
3002743,-176.36685218078927
3002744,-103.94061505010522
3002745,-111.11695663592381
3002746,-70.31687047569658
3002747,-158.5493199792609
3002748,1500.8225495013867
3002749,-85.44678333392964
3002750,-76.93048376426002
3002751,-4.990470329898965
3002752,16.575210581702965
3002753,-12.233441029452745
3002754,90.60758629363086
3002755,-37.6563421943927
3002756,-54.27922763085011
3002757,-43.68441642166139
3002758,-17.396566654831798
3002759,-19.323127921242115
3002760,77.9321056735591
3002761,100.77578165540963
3002762,27.05823683079389
3002763,44.770199024062286
3002764,65.21424810814933
3002765,94.83470260893064
3002766,39.995350670382514
3002767,11.369172508235085
3002768,28.404973226499084
3002769,-132.47588380291816
3002770,-155.14056279169998
3002771,-177.878371651869
3002772,81.2127721213139
3002773,-58.00937089120524
3002774,-123.82213073743587
3002775,-135.75732967025831
3002776,107.15732238480742
3002777,-65.88353630442889
3002778,26.454241075672332
3002779,-38.67760573578361
3002780,-131.0828437027956
3002781,1664.0735071938038
3002782,-91.29266201266937
3002783,-92.43753239620223
3002784,-88.20601819952576
3002785,-42.36133106276524
3002786,-49.433238098174606
3002787,77.86083329616845
3002788,-42.640900072059175
3002789,-44.89630943516594
3002790,19.799186671823197
3002791,14.500994715596978
3002792,-13.900102199196493
3002793,112.67667741479109
3002794,122.33863638079966
3002795,33.303374925290164
3002796,47.540984519861205
3002797,68.35335660835581
3002798,94.30210913253923
3002799,59.256186232672654
3002800,30.15323967179639
3002801,40.65218458064529
3002802,-125.27616882790862
3002803,-145.43040989389445
3002804,-168.2086696196591
3002805,258.89316304116
3002806,-56.873497137749645
3002807,-128.36416053369683
3002808,-126.97857520322104
3002809,122.98871804950723
3002810,63.06973846741331
3002811,2.094534596901401
3002812,-37.12673463879472
3002813,-130.71502248599452
3002814,1235.1182703478817
3002815,-90.52237846576513
3002816,-91.19745060912128
3002817,-60.318937962347526
3002818,-68.09200353029136
3002819,-48.234965294160055
3002820,80.51107489138322
3002821,-41.091791203324
3002822,-44.691320103813986
3002823,-34.404242143230285
3002824,-0.7970594190472116
3002825,-13.702063010215891
3002826,118.0468817731332
3002827,124.91298935900313
3002828,32.50276334568499
3002829,46.74037294025421
3002830,68.2033114601979
3002831,96.5941247276016
3002832,60.29955453074782
3002833,51.266101393440486
3002834,42.39152030132865
3002835,-158.3321400612938
3002836,-181.7438921461933
3002837,-108.2058921570122
3002838,-93.88162065558099
3002839,-44.34398511960061
3002840,-114.25987951601455
3002841,-146.88527663720632
3002842,27.855071645680443
3002843,-63.963292142337004
3002844,20.65680196125614
3002845,-34.774423310979536
3002846,-122.88658781160807
3002847,1327.6167195825783
3002848,-105.4460866570527
3002849,-99.70402009454067
3002850,-93.86050386440392
3002851,-55.49653944915352
3002852,-62.18374878955232
3002853,52.960663423066954
3002854,-75.33207784065807
3002855,-58.70355221389995
3002856,-42.78216263808262
3002857,-33.55013590344223
3002858,-26.274755810527306
3002859,86.75046071301558
3002860,99.02448769625717
3002861,17.064931040583094
3002862,31.619426163683062
3002863,53.38986311958771
3002864,87.7431383032983
3002865,41.25040249113882
3002866,22.13580114946554
3002867,29.264061118035176
3002868,-114.64927534671624
3002869,-138.06033063147586
3002870,-65.61536244606286
3002871,-205.94320727462653
3002872,-39.294306508515355
3002873,-120.31259999214016
3002874,-134.8490147630662
3002875,-27.22421644097521
3002876,-96.47149029899155
3002877,-96.75039325284779
3002878,-78.75699705500737
3002879,-148.79224711509258
3002880,1873.7923395835487
3002881,-86.85771497013256
3002882,-53.04103098492798
3002883,-33.035786291621925
3002884,-39.15989338360422
3002885,-19.282914621993125
3002886,122.20178233483485
3002887,-12.339208905956678
3002888,-27.342354714122205
3002889,-38.26370073441448
3002890,-7.931023420324703
3002891,-17.820502716953154
3002892,109.25145734741882
3002893,120.89573276095162
3002894,21.429280407391804
3002895,41.039266492947
3002896,79.30834765747768
3002897,117.20605344199994
3002898,82.61522202099532
3002899,23.953860962562164
3002900,67.99679640708719
3002901,-106.84868016423097
3002902,-99.29242059456992
3002903,-129.07462881777136
3002904,214.46639385711862
3002905,19.420753357241853
3002906,-76.53610853943137
3002907,-46.152547808468434
3002908,156.0084094319602
3002909,-43.421069583969064
3002910,18.75835803879018
3002911,-58.49486972691356
3002912,203.52388927322508
3002913,1130.267617275408
3002914,-82.33554767281343
3002915,-82.4633312701125
3002916,-76.42945615639978
3002917,-57.362608674063075
3002918,-40.38375839514428
3002919,125.04991669439751
3002920,-38.10317475058108
3002921,-54.151559013153964
3002922,-70.19994327572867
3002923,-81.92063992595676
3002924,-57.858618254648526
3002925,111.41184653285218
3002926,112.60774625787708
3002927,11.797524365669421
3002928,45.83156546856409
3002929,82.25291373519822
3002930,91.32573428427277
3002931,40.55581915905824
3002932,36.09946783361348
3002933,28.358258947866677
3002934,-103.38114196950009
3002935,-85.11859314729627
3002936,-18.47169371027375
3002937,236.75609421654664
3002938,-5.511055821227995
3002939,-97.17572571245618
3002940,-58.55707274670093
3002941,109.16795253178698
3002942,-71.76282822897865
3002943,-27.633743693036916
3002944,-84.43652573944182
3002945,6.835090454059202
3002946,1518.4051137302492
3002947,-97.14165839846468
3002948,-80.23600860031779
3002949,-60.266878610098765
3002950,-14.6065718455291
3002951,-20.495745994398515
3002952,135.76526542149506
3002953,-10.36356048827319
3002954,-25.520123228425557
3002955,-40.67668596857883
3002956,-38.053545271573775
3002957,-45.045476444956684
3002958,117.12784607245449
3002959,142.87305400339275
3002960,24.34833275219599
3002961,52.884004225377986
3002962,88.31619294624416
3002963,125.7084935980317
3002964,74.34461538216847
3002965,67.14525653525762
3002966,63.42484469242046
3002967,-109.30036803424336
3002968,-100.35743367494324
3002969,-27.446861266481204
3002970,-18.994377433030234
3002971,-20.421531402292015
3002972,-112.39801651092675
3002973,-73.83205700071339
3002974,61.12171026769848
3002975,-56.19391702467855
3002976,-92.97334760182075
3002977,-99.56098426326461
3002978,-84.34446175498378
3002979,1763.0643297108495
3002980,-107.17778424792088
3002981,-89.08987568481272
3002982,-69.11584308309584
3002983,-23.382134271127864
3002984,-29.167777879661156
3002985,146.5723117381044
3002986,-13.720151911327587
3002987,-28.773316565532507
3002988,14.968709743230836
3002989,7.010963593638014
3002990,-34.87203245030813
3002991,104.2769554444596
3002992,121.76728885663006
3002993,11.03484578203025
3002994,46.41075015768748
3002995,84.74956555088347
3002996,117.83274945162948
3002997,61.983578565945855
3002998,228.4938649757539
3002999,46.924790466010755
3003000,-131.49623952515938
3003001,-117.81573689422548
3003002,-53.30461876952794
3003003,891.2408136946426
3003004,-56.33655450487348
3003005,-119.04461029011945
3003006,-85.5468624067169
3003007,301.39407242076703
3003008,3.9088423560926526
3003009,34.93460711293229
3003010,-10.01949697879881
3003011,-115.96770862970997
3003012,1516.2582941309333
3003013,-78.89319221552857
3003014,-77.93787386992976
3003015,-73.61748018129269
3003016,-67.36672246263974
3003017,-47.69217185308029
3003018,34.7821650819512
3003019,-42.8897618031638
3003020,-37.148348248075116
3003021,-26.860196362715936
3003022,8.910152079254846
3003023,-6.1021378389175815
3003024,142.90137588276886
3003025,157.4639113578166
3003026,38.77944600810516
3003027,56.81345017232908
3003028,79.28425713537872
3003029,104.08487478044317
3003030,56.728595733842404
3003031,265.26239120306235
3003032,23.03227472665022
3003066,-112.39684943178035
3003067,-131.95460568299566
3003068,-59.1537013305522
3003069,-82.63974607342134
3003070,-4.62187392201194
3003071,-97.75589502080838
3003072,-81.61976413424854
3003073,153.1295340325298
3003074,-47.629099916325494
3003075,-33.7531111404758
3003076,-54.17267813285188
3003077,-92.35784938942406
3003078,1622.6583670089703
3003079,-109.2329633435874
3003080,-101.138049802103
3003081,-81.2524834942515
3003082,-9.81743627296309
3003083,-41.010921099825545
3003084,116.41335965002027
3003085,-45.85950517290079
3003086,-61.93366660486121
3003087,-53.9368893335898
3003088,-38.590637237849286
3003089,-44.280005872998835
3003090,83.62831918493494
3003091,105.49469419709222
3003092,3.3316905832100088
3003093,39.7159098763561
3003094,77.98732058031665
3003095,87.96198530836155
3003096,33.73505480095783
3003097,283.00909374900147
3003098,23.452922084020162
3003099,-110.49837250657838
3003100,-109.83274486159898
3003101,-134.32343099225434
3003102,-10.55012154278192
3003103,5.885148037424376
3003104,-90.97234223072228
3003105,-52.9118531656757
3003106,41.66909508252794
3003107,-40.41217109676089
3003108,-97.84200802597643
3003109,-61.13677168420217
3003110,21.399161970747816
3003111,1599.3513646451795
3003112,-95.68954893825075
3003113,-98.65304394874151
3003114,-80.73772421885523
3003115,-9.110276547786537
3003116,-43.058448170858846
3003117,122.82807335317894
3003118,-41.54666148541609
3003119,-57.59504574798988
3003120,-73.64343001056231
3003121,32.56683218154486
3003122,-55.903118663222166
3003123,99.78928462064614
3003124,127.04473464958274
3003125,8.277446611602233
3003126,46.01504615448149
3003127,84.5789267958382
3003128,86.19077834293212
3003129,35.32164559268377
3003130,32.353461355445425
3003131,25.610459644962436
3003132,-108.38434762365686
3003133,-102.44090639748065
3003134,-126.22514336487329
3003135,151.45675378566122
3003136,-3.3254151082826797
3003137,-67.5086953409107
3003138,-71.33302169114067
3003139,164.73690659386122
3003140,-69.7911269923623
3003141,4.737405192814737
3003142,-71.60849822006575
3003143,-100.99303141443629
3003144,1504.1709741773373
3003145,-95.47981164047364
3003146,-89.52920595407754
3003147,-18.063090519067185
3003148,-49.75807333837796
3003149,-29.87250703052727
3003150,122.84564740549622
3003151,-29.252010224632198
3003152,-45.1175758903153
3003153,-61.693327888251396
3003154,-28.991383645976196
3003155,-52.00013972122205
3003156,109.14335329804426
3003157,129.20667817632167
3003158,15.906176333826995
3003159,49.59692997433759
3003160,86.01827824097172
3003161,110.79510093007384
3003162,58.022116198070954
3003163,235.95482729736543
3003164,51.04019396408395
3003165,-96.92583390173859
3003166,-101.98196272455498
3003167,-32.85042991458503
3003168,489.97741361800144
3003169,6.599015723378404
3003170,-96.25035107633884
3003171,-108.44732910887505
3003172,-34.39756786190245
3003173,-131.74049196317426
3003174,-56.480445277032494
3003175,-144.38249999002304
3003176,227.4265321733358
3003177,1194.2090978763451
3003178,-58.95572611947993
3003179,-51.28093897083537
3003180,-32.14793491621359
3003181,12.218538198723497
3003182,4.944673664480167
3003183,63.62052426839838
3003184,-12.368913639756368
3003185,-29.679677413835446
3003186,-34.26686038250117
3003187,18.32012841628121
3003188,-70.0174822594161
3003189,-52.49735738957114
3003190,113.28521579923445
3003191,5.542594755379657
3003192,37.00333617756879
3003193,73.38265347783563
3003194,109.76197077810066
3003195,242.20171968646466
3003196,121.44094815696663
3003197,114.53588494350079
3003198,-125.54679180277417
3003199,-140.93515178831038
3003200,-165.90770806828985
3003201,640.1908181040083
3003202,-11.90544653289616
3003203,-14.248213893938367
3003204,-125.21721965933357
3003205,-179.2686250176437
3003206,-81.26113029039225
3003207,-25.09172359193489
3003208,-91.2369296912887
3003209,-168.82137338003238
3003210,-75.95140474965926
3003211,-76.60573717633308
3003212,-82.72665751134029
3003213,-71.9787875647069
3003214,-52.22107399045516
3003215,-32.743250547962624
3003216,-34.523062971931076
3003217,-51.09774104509214
3003218,-68.818783238394
3003219,-69.87642644585212
3003220,-59.9754783905103
3003221,-52.79760605457549
3003222,-45.61973371863977
3003223,-24.093969212889345
3003224,1.3887395084781997
3003225,39.62210927772704
3003226,77.85547904697633
3003227,101.34401614123426
3003228,48.505632415925184
3003229,43.02513055898972
3003230,37.95234687697822
3003231,-107.62556561955243
3003232,-90.13877813265098
3003233,-91.35332328456461
3003234,435.60002763198935
3003235,-24.48111048379796
3003236,-72.37939444328804
3003237,-21.129286218951886
3003238,83.32632917081465
3003239,-86.04622690987144
3003240,-19.851580037749766
3003241,-86.83784143470966
3003242,334.4267768056472
3003243,945.3220029319446
3003244,-70.4541876405231
3003245,-66.5817270165682
3003246,-66.8353296249907
3003247,-33.90593713517436
3003248,-43.907751219485625
3003249,46.298267355932886
3003250,-56.55713050463559
3003251,-68.17655748464794
3003252,-71.81954015095907
3003253,-11.065199461073274
3003254,-70.29632079446928
3003255,-46.095542400401236
3003256,127.40030875116481
3003257,8.45830834890258
3003258,45.23323970013117
3003259,70.94199329707699
3003260,103.7868981214353
3003261,74.6220484055586
3003262,69.34695608061811
3003263,62.70040388021899
3003264,-110.27233120093551
3003265,-97.25134705939745
3003266,-120.47252176084184
3003267,441.51855931830795
3003268,-26.355258641150424
3003269,-108.71964829794778
3003270,-105.92335613080722
3003271,3.2749418876439518
3003272,-92.63579266754896
3003273,-35.753053770448595
3003274,-102.8025026882945
3003275,-181.9160394017247
3003276,1147.329430918723
3003277,-83.99743385136712
3003278,-78.18717307525883
3003279,-31.540545849164385
3003280,-38.67257232294518
3003281,-18.91527194678933
3003282,35.663363749618576
3003283,-19.056928142744976
3003284,-34.65826373026156
3003285,-54.55537174667578
3003286,25.273735594154648
3003287,-41.73745379599885
3003288,-23.51023596477243
3003289,133.3922828618199
3003290,23.364719536411673
3003291,51.91085874026722
3003292,88.29017604053315
3003293,124.66949334080137
3003294,112.00846614908023
3003295,89.78281846286991
3003296,86.21030862589687
3003297,-127.43845932575532
3003298,-148.81649470507435
3003299,-76.99200567517873
3003300,178.0761530921438
3003301,-14.993611882608814
3003302,-97.29528440025096
3003303,-141.28807673473855
3003304,-20.173733998154415
3003305,-98.71690400701918
3003306,-109.32554639456957
3003307,-98.62908634495106
3003308,-176.16401688164254
3003309,994.4659363496568
3003310,-70.2099632475644
3003311,-75.69762507746513
3003312,-67.90811785758983
3003313,31.165957826617575
3003314,-28.392690709087486
3003315,73.97327779646453
3003316,-47.41449734150232
3003317,-70.0581913470317
3003318,-71.06008644208377
3003319,39.270877495496926
3003320,-52.97018895706632
3003321,-45.27739366363247
3003322,105.90257658662559
3003323,1.9209816347735864
3003324,40.11232043765332
3003325,78.31390172475331
3003326,107.90762192343819
3003327,326.66031293738996
3003328,49.990786862296055
3003329,46.9680134889447
3003330,-103.47567273727218
3003331,-87.63851545542893
3003332,-21.090260702558947
3003333,325.7253503872718
3003334,-17.81650038893603
3003335,-101.7897870427103
3003336,-83.98982633476116
3003337,156.19458789387247
3003338,-74.80993682997796
3003339,-122.68786566986982
3003340,-101.05037327277414
3003341,-59.08403502164462
3003342,1599.0798487790248
3003343,-85.1062217969973
3003344,-68.57087607084195
3003345,-21.722658064384444
3003346,-2.2647482582017733
3003347,-11.111321829414276
3003348,112.78315113426989
3003349,-18.306742637466453
3003350,-37.06201025634008
3003351,-56.06491369644099
3003352,-26.831922644393483
3003353,-52.58007475675576
3003354,111.03276658431305
3003355,134.56139864608096
3003356,22.962022027839527
3003357,50.87096547653365
3003358,93.5454028483693
3003359,116.76164498084218
3003360,155.32836289230838
3003361,123.88236387215666
3003362,116.68607520813585
3003363,-103.73668253546093
3003364,-87.07068597856305
3003365,-20.52243122568579
3003366,360.993256631443
3003367,-17.844959814968018
3003368,-100.53128192398871
3003369,-82.13270377021108
3003370,164.0026561660754
3003371,-79.64103297023102
3003372,-93.35518913588548
3003373,-101.88439586530494
3003374,-24.934745356807564
3003375,1663.8041012519093
3003376,-85.51865736763448
3003377,-68.9354040781514
3003378,-22.121803843004084
3003379,-3.5754995526565767
3003380,-12.438328603530447
3003381,108.11969753723652
3003382,-20.723279755972083
3003383,-39.478547374844574
3003384,-57.059472204942985
3003385,16.8901019184943
3003386,-53.83607575755995
3003387,113.02188873288578
3003388,132.75731226562695
3003389,22.507094389223955
3003390,50.554921916621616
3003391,79.74440168020483
3003392,116.12371898047259
3003393,154.0749589724721
3003394,126.12831162855555
3003395,118.93202296453155
3003429,-128.79874134617674
3003430,-148.79590966118738
3003431,-172.2950659981423
3003432,67.33584564079611
3003433,-23.735647271708142
3003434,-105.3539886937131
3003435,-122.26367568644928
3003436,102.91612027329866
3003437,-95.2508410641738
3003438,-12.326593868716184
3003439,-56.54454499095463
3003440,-152.00350738183445
3003441,1216.7842346080865
3003442,-85.4768488204633
3003443,-84.13850494115131
3003444,-53.387908280949695
3003445,-34.55290192522788
3003446,-41.64341402616996
3003447,80.31216077269865
3003448,-57.46237370870703
3003449,-74.18498357730532
3003450,-63.99945792540783
3003451,-15.568374889732052
3003452,-44.85876801319072
3003453,79.13770251007391
3003454,95.20472362333949
3003455,-0.3949929140288009
3003456,34.79937585213812
3003457,72.99071465501966
3003458,103.78943946204
3003459,51.438791562470406
3003460,45.95828970552858
3003461,40.47778784859175
3003462,-141.90227365463832
3003463,-165.83843848466384
3003464,-189.77460331468208
3003465,-289.7416931434389
3003466,-36.21411188424171
3003467,-121.52378891426888
3003468,-145.38187809762238
3003469,-56.418887615239136
3003470,-108.1813548338503
3003471,34.37239242404595
3003472,-78.65315358436719
3003473,-169.63454763984376
3003474,1731.254253390901
3003475,-80.63777398131838
3003476,-76.71871766794554
3003477,-64.85081703487599
3003478,-18.889117197926037
3003479,-25.159283694829167
3003480,100.50826204732967
3003481,-31.316797151016356
3003482,-53.73531960065774
3003483,-52.87928413214676
3003484,-7.472990477126398
3003485,-32.30143665645827
3003486,92.07260410624004
3003487,107.97305007599944
3003488,13.028893446263925
3003489,40.24427087624118
3003490,76.76622162398071
3003491,114.95756042686226
3003492,78.21856600207566
3003493,73.87577377134012
3003494,67.64267131051629
3003495,-127.82289437458057
3003496,-143.40723868967214
3003497,-166.9063950266125
3003498,113.1304777975085
3003499,-23.74813802345197
3003500,-69.82166125571057
3003501,-117.08748477786757
3003502,86.36985990754438
3003503,31.79569247949458
3003504,-6.8892243659463865
3003505,-57.10658196308558
3003506,-153.36112471702748
3003507,1258.2474105569083
3003508,-84.2074405712065
3003509,-84.99622649552013
3003510,-80.86403696072425
3003511,-62.30446175079468
3003512,-42.838507206380235
3003513,68.31609155479255
3003514,-57.30713338499644
3003515,-76.39650338120218
3003516,-66.47534829856413
3003517,-33.555828676478804
3003518,-46.95869062215096
3003519,78.6353158040708
3003520,75.96130239334225
3003521,0.8902380391634392
3003522,36.137120863168285
3003523,74.32845966605028
3003524,105.9024333918248
3003525,53.14749091699033
3003526,47.66698906005305
3003527,42.186487203113494
3003528,-117.39943785119867
3003529,-100.31595334295962
3003530,-33.767698590082354
3003531,227.99353787252696
3003532,-4.77432166126054
3003533,-94.65371588364978
3003534,-60.96948762543142
3003535,102.87082141615538
3003536,-89.86205404317734
3003537,-47.83756239835456
3003538,-62.516087334852536
3003539,-131.9399619468568
3003540,1479.2918159302842
3003541,-88.46516994728078
3003542,-100.02902661273679
3003543,-86.18011242120342
3003544,-66.9661499129193
3003545,-49.312966412166396
3003546,103.03286199122608
3003547,-52.78127243172188
3003548,-69.10814779210777
3003549,-85.68282586526702
3003550,-53.9937780426042
3003551,-53.361574610996094
3003552,110.70639884224666
3003553,132.082485131031
3003554,13.376018527599815
3003555,43.896588906271255
3003556,80.27989623819322
3003557,109.03730443364311
3003558,56.958400477177484
3003559,54.82760215299114
3003560,48.12646081647946
3003561,-131.2442721767682
3003562,-155.02753152423136
3003563,-82.22244775155086
3003564,-152.19013427159442
3003565,-36.856007697075974
3003566,-119.15919075354832
3003567,-117.73998902347084
3003568,58.87455932896702
3003569,-78.53558243017578
3003570,42.50429751349312
3003571,-48.14882768241913
3003572,-152.63367246398664
3003573,1660.0246333170974
3003574,-88.56988123818807
3003575,-84.43769170339219
3003576,-53.83805175601746
3003577,-41.74441879142436
3003578,-47.31354362471101
3003579,73.22794701535368
3003580,-60.06816322433023
3003581,-64.69473922297884
3003582,-54.50921357108272
3003583,-6.601585564392092
3003584,-34.138162267288216
3003585,83.23904870139195
3003586,100.1870328034358
3003587,6.759928479536217
3003588,30.31906685545228
3003589,68.27287577701027
3003590,106.46421457988909
3003591,58.51918955865832
3003592,52.48895123809617
3003593,46.45871291753311
3003594,-121.18495523878191
3003595,-108.52570821022782
3003596,-132.0248645471718
3003597,109.66420674946785
3003598,-18.5512122563894
3003599,-95.94758005112162
3003600,-76.09580600223744
3003601,227.01942953501677
3003602,26.847480628594173
3003603,42.683027599381795
3003604,-53.48057692111278
3003605,-146.11167009687895
3003606,1598.206468188232
3003607,-90.03004836973359
3003608,-100.83513466657227
3003609,-65.29860248840514
3003610,-72.92182419209193
3003611,-55.26864069134016
3003612,87.47935234182997
3003613,-63.11244353097326
3003614,-79.68712160413342
3003615,-76.1511884841223
3003616,-26.193441460621937
3003617,-55.31885130475147
3003618,90.28741822763659
3003619,64.22869701968393
3003620,3.9741069756034517
3003621,40.64424749904011
3003622,78.87761726828985
3003623,101.59239319764374
3003624,48.05634377947873
3003625,44.33752457285592
3003626,41.31475119950775
3003627,-107.84156912885628
3003628,-87.21456566509259
3003629,-16.362395121223738
3003630,488.91908899127446
3003631,-47.38592473286807
3003632,-90.36460098906245
3003633,-54.111774247744314
3003634,242.44809770574122
3003635,-115.43895896315807
3003636,-28.632487080931053
3003637,-107.61993493688287
3003638,372.2908358433219
3003639,1682.6259222478661
3003640,-88.88375719954938
3003641,-82.57819826188579
3003642,-64.071693609365
3003643,-18.221361687733445
3003644,-27.058684304323872
3003645,87.47900125346082
3003646,-42.943048518049444
3003647,-53.49166150868704
3003648,-57.11384097705358
3003649,0.8992752244814324
3003650,-62.31209310471221
3003651,110.99186754060311
3003652,111.6511319216681
3003653,21.16575164828301
3003654,49.6624081781276
3003655,77.70312290583861
3003656,109.01739602734206
3003657,142.95901225906638
3003658,129.39003651229334
3003659,118.23508632060857
3003660,-129.26743607239658
3003661,-115.96650759672666
3003662,6.879446221418409
3003663,422.05171747465937
3003664,-37.629004661063654
3003665,-109.35088012529631
3003666,-118.07973082731841
3003667,102.19170359367963
3003668,-77.68870267644597
3003669,-81.89798252788732
3003670,-76.90581134446829
3003671,-164.0092155842497
3003672,1213.7576782433744
3003673,-62.98508836762998
3003674,-58.78437306444702
3003675,-26.18009418715887
3003676,3.648057282312682
3003677,-42.29169424198975
3003678,60.556088491429556
3003679,-69.23653175894678
3003680,-67.23554412911908
3003681,-56.97271982179635
3003682,65.8744141146828
3003683,-39.06133416245101
3003684,-31.799081513174126
3003685,96.54553337550188
3003686,3.492165738236697
3003687,38.19858496677417
3003688,76.52016160159538
3003689,114.83082765870058
3003690,462.41700111254585
3003691,57.23382598126519
3003692,51.05425377305729
3003693,-114.219666333235
3003694,-95.4070592601045
3003695,11.671055614567383
3003696,435.18250626639673
3003697,-11.122095213085043
3003698,-94.87579467074538
3003699,-60.73566418757654
3003700,105.087539291959
3003701,-111.24613050050702
3003702,-68.40809271981634
3003703,-99.67251388509912
3003704,-17.213955037086446
3003705,1534.3035137242002
3003706,-75.8517475116012
3003707,-84.02986083129171
3003708,-45.6677931652387
3003709,-27.12148887489165
3003710,-36.30727068975674
3003711,117.4382414448773
3003712,-50.63297293204963
3003713,-46.17742378272332
3003714,-78.53558454921567
3003715,45.51590602957068
3003716,-59.38081011784633
3003717,-37.22184287616873
3003718,130.18182267747235
3003719,12.846827090144604
3003720,40.467345373795716
3003721,73.34844632811401
3003722,109.73175366003825
3003723,261.79612901790205
3003724,95.83921425676654
3003725,89.13807292025486
3003726,-144.09482247384474
3003727,-130.5110351319661
3003728,-71.370070177675
3003729,1076.0703707680434
3003730,-39.949116494509134
3003731,-50.55202984517636
3003732,-72.38655634291244
3003733,477.439618403215
3003734,184.233972256766
3003735,59.443681873712386
3003736,-8.018843947373892
3003737,-142.075524033545
3003738,1859.0867451093197
3003739,-65.58098941904807
3003740,-51.961173856548875
3003741,-40.98817745029263
3003742,-7.531272662898612
3003743,-29.52679607477243
3003744,44.35859318640288
3003745,-41.71148496919253
3003746,-31.448660661868683
3003747,-21.185836354546876
3003748,90.71177964784438
3003749,1.2467425057941068
3003750,120.76009347675217
3003751,134.67792526253854
3003752,45.05938522502603
3003753,67.50077918050165
3003754,94.83128172988764
3003755,94.77528276040648
3003756,41.76349924061261
3003757,450.9914661457794
3003758,29.20622072579609
3003792,-124.68241101964195
3003793,-111.63657702852542
3003794,-45.06148111787369
3003795,230.85745877446536
3003796,-27.86792043597124
3003797,-107.03167461809316
3003798,-79.4175178591966
3003799,146.76523968325566
3003800,-76.55264718612834
3003801,21.238391364259048
3003802,-51.24790996277151
3003803,-147.00086511906628
3003804,1629.1793096653723
3003805,-88.08745301917604
3003806,-93.32900283751978
3003807,-89.19681330272356
3003808,-77.38580226022309
3003809,-59.732618759467904
3003810,79.30793339764814
3003811,-69.30542160918348
3003812,-85.8800996823441
3003813,-72.38840449329818
3003814,-37.576004535635356
3003815,-53.00479616459578
3003816,87.97692677734649
3003817,113.14985299673317
3003818,3.1650466296739137
3003819,38.14611273223519
3003820,76.33745153511445
3003821,107.88497993253186
3003822,54.195606942672576
3003823,49.97011172729864
3003824,44.489609870361356
3003825,-119.13841951747126
3003826,-100.2962418300729
3003827,-34.38121949015002
3003828,465.04551669419124
3003829,-21.1970803734046
3003830,-102.38227995518791
3003831,-68.31640259060332
3003832,115.71681181857748
3003833,-78.83519454679644
3003834,-60.16759725489809
3003835,-87.78721250185372
3003836,-166.91432130171395
3003837,1533.8893307292365
3003838,-81.21251374837315
3003839,-94.15436350839336
3003840,-57.46883787492701
3003841,-65.35394902134867
3003842,-47.428405531309444
3003843,74.18552931270115
3003844,-53.5541503786715
3003845,-69.15441204141125
3003846,-84.75467370414826
3003847,-6.649512182501706
3003848,-45.37186829360807
3003849,-25.323728847267187
3003850,137.0739149298199
3003851,40.5720473680387
3003852,45.292522531823316
3003853,78.10786137102714
3003854,114.44913773658182
3003855,477.0853258334234
3003856,85.31057067100774
3003857,78.60942933449333
3003858,-125.61453515893918
3003859,-111.93609139810978
3003860,-106.51409102549478
3003861,693.1551787915225
3003862,-35.218846429209215
3003863,-31.803755419913426
3003864,-87.6822438726711
3003865,-158.35050188336643
3003866,-56.064812820116266
3003867,-10.105888442328972
3003868,-71.54203986658631
3003869,-158.01640249122218
3003870,-20.974585426937136
3003871,-63.722294707455525
3003872,-59.521579404272565
3003873,-55.32086410109063
3003874,-51.120148797907895
3003875,-42.98991100552602
3003876,-46.10604874643631
3003877,-66.22287067911502
3003878,-71.838031408189
3003879,-61.57520710086445
3003880,-51.312382793542646
3003881,-42.72390203103195
3003882,-35.46873103967099
3003883,-16.745165117894242
3003884,7.288829520781025
3003885,43.99149951682076
3003886,82.31422144943663
3003887,118.4355170802498
3003888,65.42568760420336
3003889,59.24611539599865
3003890,53.06654318779348
3003891,-111.72102119743685
3003892,-90.85822217653804
3003893,-21.005176862275032
3003894,558.1875611364715
3003895,-62.299992370143435
3003896,-108.96818339776728
3003897,-62.44107169938142
3003898,268.2909669399425
3003899,-101.14235254368741
3003900,-96.50300522529851
3003901,-108.27600400369856
3003902,175.3779976595234
3003903,1640.7935783132293
3003904,-83.637738045685
3003905,-83.28089877918164
3003906,-64.70586835827503
3003907,-46.13083793736704
3003908,-27.55580751645861
3003909,67.9766097406352
3003910,-47.59568867609668
3003911,-55.08610656238606
3003912,-59.65989778864404
3003913,39.66053988644372
3003914,-66.2344400240252
3003915,96.91662139254022
3003916,101.20984529567814
3003917,20.662038260123797
3003918,50.40631768670183
3003919,78.6916401100254
3003920,110.05083296175162
3003921,141.73078059142946
3003922,131.1378299014925
3003923,120.17360168491878
3003924,-129.70394428279067
3003925,-118.92013876750825
3003926,-39.25487915894954
3003927,286.73808225401734
3003928,-12.046262055852633
3003929,-99.93727852551164
3003930,-47.10978642346962
3003931,113.81523616932573
3003932,-23.772393282798287
3003933,-76.5345767994966
3003934,-69.79844549825911
3003935,-108.15564486751354
3003936,1746.0869797119533
3003937,-102.23000215061136
3003938,-114.53414926060547
3003939,-78.06365762479668
3003940,-6.558038784388867
3003941,-66.96613552499552
3003942,100.21629690773075
3003943,68.74427478718844
3003944,-80.12172756587306
3003945,34.791522977506894
3003946,58.01204161871666
3003947,-66.07538706456698
3003948,-42.29351130217291
3003949,127.34057810377836
3003950,4.331383050774281
3003951,41.54908997962658
3003952,79.81037491811112
3003953,96.67156327403127
3003954,293.0778402215471
3003955,269.5086676403409
3003956,36.461079503095526
3003957,-129.70601500413866
3003958,-109.67689871155999
3003959,-36.217611566927
3003960,318.0051589020779
3003961,-54.320159634072105
3003962,-117.45389996817975
3003963,-49.389528342834446
3003964,117.34120690455366
3003965,-80.24840165417645
3003966,-113.40024180342952
3003967,-106.60079898818667
3003968,-102.2483991769257
3003969,1814.387452371244
3003970,-121.0042019858535
3003971,-120.20385633582536
3003972,-100.22982373410836
3003973,-1.5268585088120221
3003974,-60.890115967014516
3003975,110.16761309623435
3003976,82.80101793566719
3003977,-64.31983079039291
3003978,-43.04244774455427
3003979,20.798241392754523
3003980,-63.36048583409437
3003981,-20.14476966900001
3003982,138.30692879862565
3003983,8.73500624999743
3003984,39.11692730270553
3003985,75.56763932386384
3003986,112.01835134502126
3003987,291.3722065879844
3003988,263.1624364787887
3003989,56.823291465253725
3003990,-130.49581116957668
3003991,-110.50130637665534
3003992,-19.62942388762421
3003993,404.5420124208169
3003994,-81.59148543173505
3003995,-108.87621890010523
3003996,-64.1156684174628
3003997,102.15040998341301
3003998,-88.34012325267012
3003999,-101.71125403155001
3004000,-126.75410656884405
3004001,52.12257125797074
3004002,1854.6942854890176
3004003,-128.95656381035874
3004004,-118.71087776180893
3004005,6.966750193387686
3004006,-53.003136348124634
3004007,-58.788779956657244
3004008,121.46845976879486
3004009,65.44316192723745
3004010,-57.62995009405385
3004011,11.744296809823215
3004012,56.07242359153971
3004013,-61.801835001650296
3004014,-39.539211034438985
3004015,136.16341706840487
3004016,5.4642991084217165
3004017,46.84436121583823
3004018,72.98406535918657
3004019,109.43477738034262
3004020,290.4592835146329
3004021,235.9711129965187
3004022,69.42677050459288
3004023,-131.1467777514579
3004024,-111.15227295853292
3004025,-20.89292498073591
3004026,318.5431975584335
3004027,-86.32732147304414
3004028,-122.8869057501477
3004029,-52.66364162978497
3004030,105.88159984056092
3004031,-81.85163863829057
3004032,-102.94920079779494
3004033,-128.72980332455543
3004034,90.48608619177499
3004035,1874.8768786587991
3004036,-128.49612643803712
3004037,-119.32402182541163
3004038,-73.59031301344412
3004039,-0.5639286460798689
3004040,-59.40192402025972
3004041,124.82756442390946
3004042,108.3247789220106
3004043,-58.03308195955132
3004044,59.49162974521979
3004045,56.05548192440593
3004046,-63.36677098209365
3004047,-40.88192427969606
3004048,135.30263503388707
3004049,4.723599439724882
3004050,36.612301003892036
3004051,71.9957108426831
3004052,108.44642286383915
3004053,237.39687483253348
3004054,248.91207986707715
3004055,71.23625050767187
3004056,-131.79774433334276
3004057,-111.80323954041414
3004058,-22.15642607384397
3004059,481.57841132045286
3004060,-91.0631575143514
3004061,-123.06809574966319
3004062,-52.30268804921324
3004063,109.61278969770702
3004064,-106.30352915231997
3004065,-104.18714756403806
3004066,-136.3961730246863
3004067,128.84960112557448
3004068,1890.0463580508763
3004069,-128.03568906571505
3004070,-119.93716588901388
3004071,-47.97453805506692
3004072,-54.229424475329814
3004073,-60.0150680838622
3004074,121.99413151956351
3004075,-6.782603306466893
3004076,-58.43621382504879
3004077,-12.749906494314285
3004078,-53.3375869821405
3004079,-64.93170696253519
3004080,-42.2235824151774
3004081,134.3975546663539
3004082,3.9828997710303224
3004083,35.871601335196566
3004084,71.00735632618053
3004085,107.45806834733658
3004086,297.9387981404072
3004087,239.06470701599048
3004088,73.04573051075313
3004089,-132.27526983199894
3004090,-112.28076503908123
3004091,-38.821477894444605
3004092,252.22257105194987
3004093,-73.26350379929754
3004094,-118.17865996624896
3004095,-47.94571402054388
3004096,91.27621575644953
3004097,-62.029556978747486
3004098,-60.41196424646004
3004099,-112.64530190264604
3004100,13.638229212282528
3004101,1869.6122210694975
3004102,-119.43172882923845
3004103,-122.65597271764709
3004104,-76.92181759652958
3004105,-3.918494126343869
3004106,-63.5821400231362
3004107,114.31605748573266
3004108,81.50232589102934
3004109,-66.14262483614748
3004110,-63.173178752032335
3004111,14.74388132551049
3004112,-63.37474329040496
3004113,-41.21006151935743
3004114,136.67480383701806
3004115,5.194791726172486
3004116,35.163509236694345
3004117,71.61422125784993
3004118,108.06493327900735
3004119,306.3312358395303
3004120,269.3496245177377
3004121,64.0612114775724
3004155,-131.78992961161092
3004156,-135.7212735100209
3004157,-12.384782190731851
3004158,321.18816041021563
3004159,-30.529695393090872
3004160,-131.10771522860594
3004161,-94.97186487091203
3004162,-39.44049715879354
3004163,-127.29452524563548
3004164,-118.83422457157285
3004165,-165.74737973633117
3004166,-243.6626427490468
3004167,1717.0425567600184
3004168,-100.00512062391856
3004169,-89.90977946108482
3004170,-44.17607064911844
3004171,-49.961714257651046
3004172,-29.987681655933823
3004173,99.4120421985378
3004174,31.909682376563712
3004175,-45.63002595980587
3004176,-70.11610467164137
3004177,43.144912845340706
3004178,-83.47996013606898
3004179,-60.05397508144714
3004180,110.0672603229229
3004181,-14.15385081906815
3004182,21.69578170657697
3004183,63.608844782305106
3004184,102.7477985317275
3004185,132.84893264440254
3004186,140.72763820441807
3004187,107.95214249372312
3004188,-139.41763908517058
3004189,-119.39840016419366
3004190,-53.37546351589007
3004191,1934.1985908127674
3004192,-66.71162181213258
3004193,37.707566238611626
3004194,-38.37645337736357
3004195,497.5678501288341
3004196,338.90062403872815
3004197,123.5742946935081
3004198,-15.818690857637005
3004199,-126.42684638219343
3004200,1810.7046262834035
3004201,-96.76919434940082
3004202,-86.31996740434924
3004203,-77.93555209001651
3004204,-5.931866200410962
3004205,-42.08329816832137
3004206,75.74502717701326
3004207,-26.237231001907997
3004208,-43.26932262561312
3004209,-45.58795479255904
3004210,65.89376664638458
3004211,-23.500929924541918
3004212,-13.005657320668245
3004213,149.166557705342
3004214,29.72454169523026
3004215,80.18306773664035
3004216,103.25605229033245
3004217,108.18246093954686
3004218,1030.0776582346791
3004219,41.75370998614945
3004220,27.728580991064707
3004221,-136.1186455098639
3004222,-116.1241407169462
3004223,-124.5729938546745
3004224,396.58881184011005
3004225,-53.042567106626656
3004226,-121.11023140236539
3004227,-59.51728867674209
3004228,91.86688702270222
3004229,-83.77989078166301
3004230,-88.92647053954515
3004231,-110.64242227864433
3004232,-186.8266099734283
3004233,1819.4192441920704
3004234,-115.87415925990108
3004235,-122.45522418166483
3004236,-103.08309729036255
3004237,-31.310112580495836
3004238,-63.35046879751648
3004239,93.11202762755029
3004240,-54.3093071179217
3004241,-69.72887203928967
3004242,-85.14843696065672
3004243,43.94252572574734
3004244,-64.94406255109224
3004245,-39.53182393614478
3004246,134.89634270580993
3004247,9.178785801444707
3004248,38.88929738863609
3004249,75.46583580738907
3004250,112.03587508277106
3004251,172.8912864274591
3004252,71.54054874819776
3004253,64.27520069370776
3004254,-130.04995892853074
3004255,-111.44998005876441
3004256,-92.85000118898351
3004257,631.2221610049594
3004258,-125.23251637540743
3004259,-71.586456484695
3004260,20.349985467003723
3004261,74.9610939223132
3004262,-50.89372991658073
3004263,-61.89120708332465
3004264,-95.244098699621
3004265,1127.3812348755007
3004266,1138.3895005000306
3004267,-88.86724568564937
3004268,-102.50108199939227
3004269,-96.5055984782155
3004270,-51.581550345115865
3004271,-53.405452081113516
3004272,40.33567085037267
3004273,-51.908166813834704
3004274,-55.53034628219829
3004275,-59.15252575056346
3004276,1.5932906057621108
3004277,-61.46297379105025
3004278,-60.39546134197898
3004279,36.786450320368395
3004280,-3.0575486693303833
3004281,23.37622580711214
3004282,48.96021185677929
3004283,77.20743128842624
3004284,109.49357273206142
3004285,95.66329179098712
3004286,83.00898999166402
3004287,-124.71953624464986
3004288,-105.22549403901466
3004289,-111.88318816398423
3004290,139.86698531185831
3004291,-18.00040824021634
3004292,-103.6798825103604
3004293,-69.38030089042404
3004294,159.9549045788901
3004295,6.406004029088951
3004296,0.7831116376484784
3004297,-97.35952051302483
3004298,-162.18458149264396
3004299,1686.1560509495982
3004300,-64.31624481880355
3004301,-80.49696240555811
3004302,-56.17277401430719
3004303,-64.06596460506675
3004304,-45.69048394195696
3004305,104.88925737203199
3004306,-69.21801467779214
3004307,-82.22283267006814
3004308,-89.73456243138325
3004309,-78.06466330987614
3004310,-76.13618452191967
3004311,97.42236994518335
3004312,117.87477855256857
3004313,-0.8116775782621448
3004314,29.340947929284273
3004315,65.68222429483895
3004316,99.68719637166096
3004317,120.29797805787366
3004318,113.04710025773802
3004319,105.79622245760102
3004452,-92.73462723716402
3004453,-82.5454481761797
3004454,-15.596932875784471
3004455,505.6936484480968
3004456,1.4472148953820647
3004457,-89.53800746256711
3004458,-69.86116167913569
3004459,11.05482019872871
3004460,-62.3792503122775
3004461,-219.1081376258442
3004462,-180.83641009699502
3004463,161.34973409050164
3004464,939.8284397494176
3004465,-83.62853968367055
3004466,-61.90095886620194
3004467,-42.13014600751493
3004468,3.5301607570547344
3004469,-2.3590133918144534
3004470,128.8350201376356
3004471,8.693624182443461
3004472,-6.3803436697094575
3004473,-21.45431152186192
3004474,90.04930864161652
3004475,-34.535025491955174
3004476,113.89885600751604
3004477,140.05759327977395
3004478,29.057966301343374
3004479,68.5625596986085
3004480,180.1197950120547
3004481,122.17831637828495
3004482,404.67603354984266
3004483,65.83326806558871
3004484,192.81864548914857
3004815,-93.03436116378616
3004816,-81.5773581517813
3004817,27.55291206379589
3004818,523.755108146873
3004819,1.4187554693537163
3004820,-58.72241803451906
3004821,-67.89488202268403
3004822,54.53397438523026
3004823,-45.6662579518941
3004824,-166.90624207974432
3004825,-217.97736029974365
3004826,183.59611413516515
3004827,888.2185984535936
3004828,-83.63766768839405
3004829,-61.81557379779171
3004830,9.082051169334779
3004831,28.956628686125175
3004832,-2.7072859194627585
3004833,153.33243002904962
3004834,8.575822558868328
3004835,-6.4981452932845905
3004836,36.97846583725023
3004837,67.71630402599767
3004838,-35.79786126518756
3004839,122.14625347258307
3004840,143.09479968747766
3004841,30.539543700719793
3004842,57.9609204451801
3004843,182.40724693208196
3004844,124.8835466188636
3004845,407.897337570416
3004846,68.61622909987064
3004847,188.45579793615772
3005178,-98.90033755709992
3005179,-95.76396870635544
3005180,-27.134906123896865
3005181,366.29590027015655
3005182,9.386347852319165
3005183,-81.82008628154908
3005184,-73.16975421113493
3005185,85.76763898093232
3005186,-57.03917503528081
3005187,-152.08044404704813
3005188,-230.6734745016777
3005189,140.55044332713734
3005190,833.3501888752467
3005191,-92.11008797895822
3005192,-73.6054678571658
3005193,-0.21067693695571732
3005194,19.20390457120057
3005195,-13.123732214469594
3005196,147.28650005831102
3005197,-8.064319900164076
3005198,-23.72904887155236
3005199,19.803631058178514
3005200,71.76910212941193
3005201,-42.3741806799242
3005202,0.019734402216915914
3005203,133.92566875814256
3005204,20.752454893896545
3005205,54.32228378544024
3005206,201.11357760953453
3005207,104.19132633341242
3005208,430.1413492567555
3005209,48.75499585528106
3005210,246.1813028305389
3005541,-97.0355574804842
3005542,-89.87180966224587
3005543,-21.767157166624013
3005544,493.2936164987761
3005545,7.7586780644898745
3005546,-82.08735838003376
3005547,-69.75524418570676
3005548,46.174229117574406
3005549,-49.8486808479145
3005550,-203.5175171606286
3005551,-212.76508475892686
3005552,175.85523354233848
3005553,914.308552140404
3005554,-91.1729235107362
3005555,-71.1450269631985
3005556,-23.6844594411621
3005557,-4.293004275745982
3005558,-10.915132492371907
3005559,140.58992364494608
3005560,-4.8776533566479365
3005561,-19.951621208801082
3005562,-35.88315010023761
3005563,83.2130918980799
3005564,-42.57431972485646
3005565,43.48905108350319
3005566,136.8499954791466
3005567,24.610977761785495
3005568,54.764581478658975
3005569,190.13596332776908
3005570,111.57604667919641
3005571,429.55811174417767
3005572,56.06679574533856
3005573,207.53214402803425
3005904,-99.47758833434891
3005905,-85.81428213763029
3005906,-22.22642443223121
3005907,299.17812651708226
3005908,14.515071976508995
3005909,-69.3382504954996
3005910,-48.28848506203102
3005911,82.99716877189185
3005912,-43.0577376222025
3005913,-182.89853836725868
3005914,-141.15438257772647
3005915,306.0455519684778
3005916,1018.8915011980596
3005917,-91.00937675936409
3005918,-85.62556734872457
3005919,-19.641095102615775
3005920,2.376826393766312
3005921,-28.020099572789643
3005922,142.310310393251
3005923,-18.386027978600207
3005924,-34.42207609690016
3005925,-50.4704603594735
3005926,82.98592766858447
3005927,-52.37904831246377
3005928,80.39332924462924
3005929,134.460089633558
3005930,16.985516264597397
3005931,48.06395779815394
3005932,193.33651836944793
3005933,101.32170826741658
3005934,343.29402329121666
3005935,43.9527618787799
3005936,267.35780980688577
3006102,-94.23329687023833
3006103,-79.30604024432141
3006104,-12.75778549144415
3006105,372.53913781344016
3006106,1.3049177652330468
3006107,-90.63142350899834
3006108,-60.02976339688647
3006109,134.6066210065803
3006110,-39.5491526228814
3006111,-164.87897212259466
3006112,-205.3948406551024
3006113,272.5816343138239
3006114,980.8583395422118
3006115,-83.67417970728529
3006116,-62.99094847806024
3006117,-18.096768189038624
3006118,54.48796331029754
3006119,-4.100376030058481
3006120,152.88324681281298
3006121,8.170595796640516
3006122,-6.969351787583303
3006123,61.24028302586722
3006124,90.84523964933506
3006125,-39.96872996368601
3006126,141.32017617648964
3006127,145.73851845728424
3006128,29.53632465112351
3006129,56.95770139558609
3006130,182.3735387040899
3006131,127.95909308823475
3006132,306.33096300186725
3006133,79.01934762333458
3006134,168.73928438973437
3006135,-98.78519137619041
3006136,-87.00849323714537
3006137,19.980494699984053
3006138,328.6082514641559
3006139,9.272510148198496
3006140,-82.73067034821979
3006141,-65.30463558533556
3006142,88.98154200662539
3006143,-42.82107903852992
3006144,-190.00972559028813
3006145,-174.61191357339774
3006146,118.19329487834132
3006147,1047.9315346765
3006148,-87.92311920445734
3006149,-73.26392758352362
3006150,-0.5255956442431784
3006151,18.752816297598844
3006152,-13.574820488070866
3006153,146.32124380172738
3006154,-8.535526394464835
3006155,-23.6094942466173
3006156,-39.500476538832835
3006157,82.75854439722589
3006158,-45.51429299971395
3006159,106.61374635255761
3006160,141.1866211593135
3006161,23.212567119889815
3006162,59.550201271047364
3006163,199.48514270227608
3006164,115.01224729572569
3006165,161.3105964431331
3006166,59.88683999241331
3006167,203.8832143600341
3006168,-99.08492530280164
3006169,-86.53544656276681
3006170,-21.464267439517055
3006171,271.51413824773334
3006172,9.244050722170147
3006173,-78.40578546173019
3006174,-63.33835592888935
3006175,95.85531211706093
3006176,-39.266555039341974
3006177,-175.24209421944468
3006178,-185.9592974234486
3006179,251.78234355045825
3006180,986.4346126748225
3006181,-86.87637701083149
3006182,-73.17854251511328
3006183,-52.42334908533079
3006184,-7.065464339845487
3006185,-13.687592556471866
3006186,143.73674634160736
3006187,-8.65332801803974
3006188,-23.72729587019175
3006189,-21.0578259409106
3006190,28.08756593847257
3006191,-44.301027306814184
3006192,3.746758751359
3006193,142.1836713488535
3006194,22.96176235749154
3006195,51.750434426047114
3006196,201.32434302391832
3006197,117.71747753630662
3006198,446.24786935962965
3006199,62.26896389792747
3006200,207.52862113458306
3006201,-124.45312412551975
3006202,-154.6979264905847
3006203,-83.62749122519999
3006204,-122.20133649294876
3006205,-4.777342188800315
3006206,-95.23437888056178
3006207,-106.13932650318638
3006208,58.38614497831187
3006209,-49.26142775448424
3006210,-116.43280922903959
3006211,-46.25300943887104
3006212,-84.3907231652211
3006213,1534.7393076480505
3006214,-114.47540944582572
3006215,-96.07908996254041
3006216,-24.139076528179242
3006217,-2.5733956165768563
3006218,-32.073795517537555
3006219,109.85647061752634
3006220,-45.28551510708716
3006221,-61.33389936966095
3006222,-38.47424810194824
3006223,54.838278930021
3006224,-31.086680359021823
3006225,-7.451922088301028
3006226,104.53168300054786
3006227,10.01820201068286
3006228,34.043374694955865
3006229,-0.7064095435646709
3006230,62.05562108720479
3006231,24.914799448234323
3006232,224.69620710322326
3006233,13.331208960956435
3004485,-100.96697939103142
3004486,-84.87133008880737
3004487,-108.52339190831007
3004488,292.13559905117944
3004489,-10.563442951294558
3004490,-75.45044599969223
3004491,-71.338674113468
3004492,68.63636911966314
3004493,-93.92220356287162
3004494,-299.75068127574633
3004495,-88.48842187164182
3004496,-41.99767350592882
3004497,1217.4082516910842
3004498,-89.91300635508257
3004499,-73.16898801979384
3004500,-53.19495541807627
3004501,-7.46124660610921
3004502,-13.246890214642956
3004503,153.76890787691784
3004504,2.1089586073878377
3004505,-12.944206046819811
3004506,-27.99737070102473
3004507,-7.52387685455032
3004508,-32.77066280150647
3004509,-22.577949117865312
3004510,136.73823408521477
3004511,24.44784910121071
3004512,56.48217449007662
3004513,205.6032286453303
3004514,122.65412294028393
3004515,69.20974672574376
3004516,168.92273723166156
3004517,61.8535446700018
3004518,-179.1884035492756
3004519,-209.43320591433329
3004520,-137.06770227004634
3004521,-458.69361124132485
3004522,-16.84540932734016
3004523,-105.82954846437751
3004524,-170.20380708374867
3004525,-156.46857873223487
3004526,-125.73071397180756
3004527,-183.3523257879249
3004528,-70.84254920116136
3004529,-160.00783349266683
3004530,1507.193181378168
3004531,-84.03672339534835
3004532,-76.28276608168783
3004533,-4.342752647325863
3004534,-7.964237997102639
3004535,-11.585723346880098
3004536,91.54707987348657
3004537,-35.67745135614613
3004538,-54.14560379933486
3004539,-43.51637922485114
3004540,-1.7441856524022046
3004541,-19.197515037363967
3004542,-2.678546425570214
3004543,103.96544841718988
3004544,27.67012028422251
3004545,45.234540967593794
3004546,-28.612175859194206
3004547,63.01390084286796
3004548,66.27887452120713
3004549,4.202560593496134
3004550,29.477677132052765
3004551,-130.11712680242525
3004552,-152.78180579121434
3004553,-79.53085872607589
3004554,219.36762024450329
3004555,-58.651831468160516
3004556,-123.90246984148943
3004557,-139.5654577389312
3004558,112.94458755233718
3004559,-51.21957412850387
3004560,-292.0236244675014
3004561,-40.33011575587242
3004562,-132.5416124512756
3004563,1477.2769310732176
3004564,-91.8398498846522
3004565,-92.45185030332475
3004566,-88.22033610664907
3004567,-69.10981543366943
3004568,-48.97755063679123
3004569,78.99998450532253
3004570,-41.010227162693845
3004571,-44.89782058576228
3004572,-11.920817125788556
3004573,30.502482635738676
3004574,-13.889869043571519
3004575,2.0750766666316918
3004576,122.58416206862076
3004577,33.945041034769666
3004578,48.18265062933889
3004579,111.41778930447545
3004580,95.66002044660281
3004581,60.782356790333516
3004582,120.82830168197297
3004583,40.41053036353215
3004584,-125.07801403025478
3004585,-143.07165289339426
3004586,-165.8606241158366
3004587,246.1779454886848
3004588,-57.519355994893694
3004589,-126.63537640287431
3004590,-130.66393769859022
3004591,81.26019209455372
3004592,-20.82424554194021
3004593,-345.9659790672802
3004594,-38.779244658884444
3004595,-132.17379123447498
3004596,1164.3638760019367
3004597,-91.06956633774773
3004598,-91.21176851624368
3004599,-86.98025431956744
3004600,-40.768639669358244
3004601,-47.948115272075746
3004602,59.978106647544074
3004603,-39.46111829395799
3004604,-44.692831254410784
3004605,-34.40512368331273
3004606,14.71286345285053
3004607,-13.691253291279093
3004608,0.9194479891636615
3004609,125.14630023997934
3004610,33.14442945516222
3004611,47.38203904973144
3004612,132.03833167365175
3004613,97.95203604166382
3004614,61.82572508840641
3004615,34.69529955409072
3004616,42.1498660842146
3004617,-154.75813605191686
3004618,-178.16988813681635
3004619,-105.52666283638864
3004620,59.85461827877699
3004621,-44.83364071224313
3004622,-112.96844272295748
3004623,-148.76745311403536
3004624,24.894116768630926
3004625,-78.34127298012463
3004626,-285.43597136215504
3004627,-35.84679810869674
3004628,-117.46379711924492
3004629,1316.432325145349
3004630,-105.33087312628338
3004631,-99.48735689614607
3004632,-93.64384066601023
3004633,-54.99378435535122
3004634,-61.56616685797966
3004635,51.876393958995514
3004636,-75.50908402537702
3004637,-58.84656236871232
3004638,-42.71208984612603
3004639,5.711224751559445
3004640,-25.74174409461447
3004641,-11.43289700592258
3004642,98.23260842706732
3004643,17.67609324028236
3004644,32.230588363382786
3004645,19.934779215040823
3004646,89.31252062378526
3004647,42.14162914719255
3004648,37.838902040702315
3004649,30.617101199235737
3004650,-114.45122378880369
3004651,-134.89866715658607
3004652,-158.46332472402972
3004653,-229.529398421794
3004654,-39.83662198267556
3004655,-119.74925612014049
3004656,-137.81604756414234
3004657,-52.85627421696953
3004658,-98.10734895956357
3004659,-303.6868231989245
3004660,-77.78125589089295
3004661,-169.44327897944257
3004662,1763.5192129239297
3004663,-86.51551388594821
3004664,-78.37585708290037
3004665,-32.51286850149294
3004666,-38.621899559676685
3004667,-18.744920798064452
3004668,123.40781919294791
3004669,10.386105727182855
3004670,-25.468297738424365
3004671,-38.172611291037164
3004672,-7.915850792374197
3004673,-17.75305268072206
3004674,-7.498483884269984
3004675,120.554237353195
3004676,22.10438313756295
3004677,42.96102089575489
3004678,120.83848464652893
3004679,118.72559745688996
3004680,68.33558167240035
3004681,24.23263435040754
3004682,69.70531079376424
3004683,-108.32741269986836
3004684,-95.75170666502054
3004685,-125.78808374121108
3004686,370.9119088184081
3004687,12.349404142346618
3004688,-75.87737604005706
3004689,-49.04303395645983
3004690,212.6377737016057
3004691,-46.26822326956225
3004692,-227.14687669822322
3004693,-58.49384322133327
3004694,260.87338775980174
3004695,1147.2598114214663
3004696,-81.23942064190582
3004697,-81.46179477544608
3004698,-50.115300146992276
3004699,-56.73742836361911
3004700,-39.67536015080922
3004701,125.96494448227004
3004702,-36.30334259804594
3004703,-52.35172686061882
3004704,-68.40011112319307
3004705,-22.066988725298227
3004706,-56.367599926845095
3004707,-30.743826760362747
3004708,67.55854165544015
3004709,12.81381861529572
3004710,47.085559010963344
3004711,191.25640832135215
3004712,93.16950499495506
3004713,42.30858441450956
3004714,37.275280633832345
3004715,29.57914967050893
3004716,-104.60452191546828
3004717,-85.19362679931764
3004718,-18.26112861425899
3004719,385.9245196538006
3004720,-5.98448877394075
3004721,-98.70274205148671
3004722,-61.288296992927634
3004723,104.84005306023319
3004724,-88.36041929822822
3004725,-144.33936138895095
3004726,-83.44119195954072
3004727,70.49217192644842
3004728,1503.2441255356832
3004729,-96.2393784236471
3004730,-79.673564674676
3004731,-34.01325791010576
3004732,-39.9024320589754
3004733,-20.016865751126073
3004734,147.7625859916645
3004735,-8.452446526175247
3004736,-23.609009266327387
3004737,-38.765572006480205
3004738,-18.274301867246134
3004739,-44.86063146736459
3004740,-22.00765402988308
3004741,145.39019898912986
3004742,25.364627001822743
3004743,54.13799776777497
3004744,201.25134831193574
3004745,126.98069430104552
3004746,76.09738063761843
3004747,201.7155865086049
3004748,64.64573541506498
3004749,-110.64261174037419
3004750,-96.787000801053
3004751,-24.04244740451649
3004752,44.900298979556474
3004753,-20.89496435500659
3004754,-111.22157642477832
3004755,-76.47286768041413
3004756,72.81758917834959
3004757,-62.52861904893397
3004758,-154.40120755361457
3004759,-98.56565048336397
3004760,-90.31143084444311
3004761,1742.9443497519017
3004762,-106.39122114483273
3004763,-88.42098618712423
3004764,-42.68727737515545
3004765,-48.47292098368988
3004766,-28.49888838197243
3004767,142.64264103992943
3004768,-11.586957964184688
3004769,-26.640122618391427
3004770,-23.949992795604242
3004771,51.25262962052667
3004772,-34.46405122546984
3004773,-24.144173597731236
3004774,126.4515385571287
3004775,12.72195406249121
3004776,48.45244123898666
3004777,156.15234975920177
3004778,117.34149446038528
3004779,63.70970727354025
3004780,117.93869507801874
3004781,48.69994456877222
3004782,-131.45951713260254
3004783,-117.77901450168319
3004784,-104.09851187074928
3004785,907.1400844039756
3004786,-56.99320668619729
3004787,-115.56435057067101
3004788,-85.78447952936658
3004789,317.45979955828915
3004790,-6.074229897275284
3004791,24.804447953292954
3004792,-10.26351963493816
3004793,-116.19576500747853
3004794,1710.7939799511835
3004795,-77.87046702664092
3004796,-77.76117340384796
3004797,-73.4407797152101
3004798,-66.88885406735271
3004799,-47.19320570496192
3004800,58.391607251708784
3004801,-41.02346885885007
3004802,-37.14723664294778
3004803,-26.859084757586782
3004804,8.868748377945582
3004805,-6.091328119980783
3004806,6.468597109294667
3004807,155.90997185483977
3004808,39.42111211758375
3004809,56.939648520746424
3004810,212.35236944739992
3004811,105.45869017454443
3004812,58.25476629149963
3004813,43.95817637038973
3004814,22.790620509535263
3004848,-113.78723476767009
3004849,-128.66806060644265
3004850,-55.86715625399555
3004851,-52.0589988815398
3004852,-5.090395875128518
3004853,-96.01169919887325
3004854,-84.51025028223994
3004855,132.99595501716723
3004856,-21.206401976820228
3004857,-116.82453286536092
3004858,-54.10010621746668
3004859,-98.07021348707285
3004860,1632.305280932123
3004861,-108.50397390353548
3004862,-100.65916955882896
3004863,-54.9988627942594
3004864,-35.11329648640939
3004865,-40.26345261328132
3004866,108.86578548862003
3004867,-44.04631189500973
3004868,-60.13383445232629
3004869,-71.6175258695328
3004870,-22.7262361771548
3004871,-44.10746575855982
3004872,-35.65065786234599
3004873,107.33259654097738
3004874,5.1343665634483
3004875,41.51575416610532
3004876,48.78219519899377
3004877,87.45895501427931
3004878,34.625414877494414
3004879,231.40580948720955
3004880,24.392307555721988
3004881,-111.97710504221577
3004882,-107.37622683358022
3004883,-131.0368859157086
3004884,43.25580667108007
3004885,5.416626084305978
3004886,-89.22814640878714
3004887,-55.80233931366528
3004888,189.14373831863142
3004889,-50.40569443122403
3004890,-117.5876569358059
3004891,-61.06419976881606
3004892,41.24474590415124
3004893,1560.1489714438394
3004894,-94.7250415046099
3004895,-97.90745620625073
3004896,-54.48410351886131
3004897,-8.671286337423037
3004898,-42.35004992652356
3004899,120.61885661308584
3004900,-39.7468293328814
3004901,-55.79521359545473
3004902,-71.84359785802808
3004903,32.3705916444571
3004904,-55.995938903832474
3004905,-38.168609175698556
3004906,123.71883804748059
3004907,10.080122591841434
3004908,64.07485449035103
3004909,103.74120918413901
3004910,83.88316922704708
3004911,39.53464839285717
3004912,34.106226610899476
3004913,26.831350367606507
3004914,-109.86308015929426
3004915,-99.15436132092763
3004916,-122.93859828832028
3004917,192.68016771022232
3004918,-3.793937061406534
3004919,-85.24249301509262
3004920,-74.22350783913207
3004921,159.06638351311378
3004922,-96.48483508774989
3004923,-269.51671505338146
3004924,-71.53592630468192
3004925,-106.70539551208553
3004926,1549.7726693613754
3004927,-94.51530420683268
3004928,-89.05032571080498
3004929,-69.16475940295418
3004930,-23.50445263838473
3004931,-29.3936267872546
3004932,118.41587977221543
3004933,-27.288618854253667
3004934,-43.25210520414456
3004935,-59.82785720208111
3004936,-8.149027769379511
3004937,-51.82759960678212
3004938,-28.50846943763217
3004939,131.04458052020502
3004940,17.669824944690124
3004941,50.85092351673412
3004942,201.70681091564367
3004943,112.63887164075568
3004944,59.770933980779056
3004945,218.96774851039228
3004946,52.261084686727564
3004947,-98.40456643737961
3004948,-98.44124879499832
3004949,-29.56388483803202
3004950,554.8005446793898
3004951,6.130493770258187
3004952,-93.96342359312511
3004953,-111.09115054087196
3004954,-28.79290373332496
3004955,-107.16545298660803
3004956,-244.1507794973975
3004957,-182.51999140594697
3004958,242.83538269845076
3004959,1175.314507226832
3004960,-58.47810780324759
3004961,-51.07486750704144
3004962,-32.06419656567042
3004963,38.122445373858646
3004964,5.028412015024248
3004965,109.13433129181676
3004966,-11.435735364251325
3004967,-28.74649913833063
3004968,-31.802893270506768
3004969,66.52793590729716
3004970,-67.50123773914429
3004971,141.12909196875464
3004972,114.01095548415579
3004973,6.1957665515703475
3004974,38.264128942340186
3004975,158.9902608744853
3004976,111.0227635428757
3004977,225.1236450052522
3004978,122.6167609571864
3004979,118.95073089923581
3004980,-125.47271553625505
3004981,-137.39443785876827
3004982,-162.62116299172956
3004983,255.9705494440652
3004984,-12.373968486014558
3004985,-92.85938064923248
3004986,-128.01611340415073
3004987,62.422213981538526
3004988,-84.14663533937237
3004989,-372.67344322127866
3004990,-225.51953777931274
3004991,-146.34433036984663
3004992,1045.2040807312258
3004993,-75.94242980616836
3004994,-82.53286004468696
3004995,-44.5013527696863
3004996,54.37809936430741
3004997,-32.14853434812975
3004998,28.002122218733764
3004999,-49.22964760319636
3005000,-66.73760684972858
3005001,-69.68790245033124
3005002,56.98867621575592
3005003,-52.26097211091045
3005004,-17.077865214703518
3005005,107.32771859489294
3005006,3.0956796381849085
3005007,41.32904940743466
3005008,179.5143502473836
3005009,102.32932914574504
3005010,380.47394667019506
3005011,43.919438108267705
3005012,186.6979024771674
3005013,-109.10429815518619
3005014,-91.61751066828474
3005015,3.8281291327050053
3005016,446.9631111395749
3005017,-34.1005025300008
3005018,-62.31923814460496
3005019,-24.019772366941464
3005020,83.47238771664725
3005021,-42.893353073999414
3005022,-311.9499943682079
3005023,-151.1760026720356
3005024,362.29327257306056
3005025,1177.468711592564
3005026,-68.65795969428613
3005027,-65.75340868133246
3005028,-66.24319154230993
3005029,-7.7274710850167985
3005030,-43.59449486787961
3005031,71.52598647309965
3005032,-55.58992796807619
3005033,-65.88675703650078
3005034,-69.52973970281145
3005035,16.181719340691604
3005036,-69.68357535857085
3005037,-60.71806886825588
3005038,127.26590184124434
3005039,9.474602598527515
3005040,36.89597934298782
3005041,188.20049260188645
3005042,104.27388020398185
3005043,75.79391373303334
3005044,70.52276888083834
3005045,98.60414990772479
3005046,-110.31711869458267
3005047,-97.29613455303733
3005048,-30.747879800160074
3005049,504.2444042241779
3005050,-26.823780594268822
3005051,-108.37738776519181
3005052,-108.72342871227447
3005053,-7.2471858346168965
3005054,-105.89548214830829
3005055,-244.2523159537166
3005056,-137.4620574227454
3005057,-182.5036692253814
3005058,1149.2369796643438
3005059,-83.69489324705403
3005060,-77.69321679818681
3005061,-57.93591642203004
3005062,-38.17861604587396
3005063,-18.42131566971697
3005064,106.67948473831412
3005065,-17.093536772366217
3005066,-32.694872359884165
3005067,-52.37889742952829
3005068,25.201178070665453
3005069,-41.551552556202104
3005070,134.606170860138
3005071,134.9824455912287
3005072,25.17834653729206
3005073,53.17165150504044
3005074,170.43013358427672
3005075,125.8692274850966
3005076,293.2442861702777
3005077,91.49119449039945
3005078,95.22872379389965
3005079,-127.36438305924348
3005080,-145.2757807755286
3005081,-73.70546059862936
3005082,192.30861742229283
3005083,-15.462133835727212
3005084,-98.13141603030708
3005085,-143.8785605724395
3005086,-12.091373960939375
3005087,-88.72049975734608
3005088,-357.23674552476297
3005089,-213.87661680926047
3005090,-177.24070782061793
3005091,1022.6625979086857
3005092,-69.54665587739946
3005093,-75.50382761081077
3005094,-40.33423095482252
3005095,5.326522118897362
3005096,-27.89772531322596
3005097,88.37307099945424
3005098,-45.546403899605174
3005099,-67.97701495836763
3005100,-70.87156244656425
3005101,56.03122055152172
3005102,-52.43355501340083
3005103,-18.316292499026797
3005104,107.75065863979144
3005105,3.720934727336687
3005106,41.82605978973671
3005107,176.60218835916314
3005108,108.89293492795169
3005109,296.0750624186837
3005110,51.61023368389916
3005111,161.05507569739595
3005112,-104.9544052729132
3005113,-87.68330294906518
3005114,-80.80888924206629
3005115,389.65164214541
3005116,-18.28502234205443
3005117,-100.3697695185463
3005118,-86.78872007957834
3005119,173.23388581306264
3005120,-81.1310912390989
3005121,-149.76956569544726
3005122,-100.97780135738803
3005123,0.44678875171333177
3005124,1602.892196676591
3005125,-84.71110995335998
3005126,-68.07691979376959
3005127,-21.243777821110864
3005128,23.63915891693269
3005129,-11.01250744507119
3005130,111.36807171956089
3005131,-17.27390156726987
3005132,-36.02916918614236
3005133,-54.81045635564332
3005134,-24.367955532399076
3005135,-51.95648262962667
3005136,-28.921856458881205
3005137,133.96954948349114
3005138,23.808395883427426
3005139,51.851311363588785
3005140,146.01315520796626
3005141,127.47544789718468
3005142,132.3433945423246
3005143,125.14710587830378
3005144,117.95081721428069
3005145,-105.25413919952443
3005146,-87.11547347219566
3005147,-20.567218719332953
3005148,411.1132131320457
3005149,-18.313481768088234
3005150,-99.30932496016503
3005151,-84.93159751502644
3005152,181.0419540852665
3005153,-75.13045225384558
3005154,-158.14174332833116
3005155,-101.8118239499202
3005156,35.428484723732446
3005157,1607.9170759956696
3005158,-85.12354552399692
3005159,-68.44144780107972
3005160,-22.038065492460913
3005161,-30.757552577841846
3005162,-12.339514219186906
3005163,110.0191244213133
3005164,-19.690438685775273
3005165,-38.44570630464822
3005166,-54.71633913355644
3005167,42.08138738637009
3005168,-53.21248363043359
3005169,-30.177857459687214
3005170,132.4374425680205
3005171,23.38250807032519
3005172,51.53526780367539
3005173,141.98755856301042
3005174,122.2172345795113
3005175,199.92295921270826
3005176,127.39305363470221
3005177,120.19676497067776
3005211,-128.6639763920746
3005212,-144.8131362528209
3005213,-168.31229258976853
3005214,86.17213525633561
3005215,-24.141716361881475
3005216,-105.16326089456815
3005217,-123.9199689828536
3005218,87.31653109096915
3005219,-92.8995175465323
3005220,-258.87299590157073
3005221,-56.77397433918603
3005222,-153.08019832080916
3005223,1227.6062475078393
3005224,-84.90611268962327
3005225,-83.94470747449775
3005226,-79.81251793970232
3005227,-34.07301256316604
3005228,-40.87986038703847
3005229,82.60690888353925
3005230,-55.59428026681079
3005231,-73.99645958178534
3005232,-63.810933929886495
3005233,-15.432128302491758
3005234,-44.32213406952432
3005235,-37.144261733590874
3005236,94.93112236569523
3005237,1.610192786603609
3005238,36.51311520422106
3005239,121.58362918849635
3005240,104.8413603069218
3005241,52.33309911175066
3005242,46.85259725481156
3005243,41.372095397872464
3005244,-138.3425522774294
3005245,-162.27871710743673
3005246,-186.2148819374586
3005247,-243.84049085965015
3005248,-36.685589508534385
3005249,-121.95984034036591
3005250,-148.0226887773304
3005251,-52.256985311453526
3005252,-101.37843485238845
3005253,-241.45067300592544
3005254,-78.24295483228552
3005255,-170.1571836757037
3005256,1405.7435625484757
3005257,-80.16497109191691
3005258,-76.33592006566418
3005259,-38.19426030195499
3005260,-44.32108483336632
3005261,-24.47514316629285
3005262,102.27191670403995
3005263,-29.06094624285178
3005264,-51.4320632269494
3005265,-52.468680151582966
3005266,10.724434613558703
3005267,-31.988290761399906
3005268,-21.802765109503337
3005269,109.32568175965407
3005270,13.78742747426141
3005271,42.24945657687268
3005272,49.368758190380696
3005273,115.72687479131146
3005274,79.19785528454095
3005275,74.85901052654954
3005276,67.11722329612367
3005277,-127.68812942048571
3005278,-139.42446528129838
3005279,-162.92362161824238
3005280,128.17281318809657
3005281,-24.154207113630758
3005282,-102.8681786066325
3005283,-118.74377807427554
3005284,129.94246150231376
3005285,30.62750694862662
3005286,-136.33508036971196
3005287,-57.33601131131653
3005288,-154.43781565600264
3005289,1267.3983814346225
3005290,-83.63670444036602
3005291,-84.80242902886657
3005292,-80.6702394940708
3005293,-61.809496354932925
3005294,-42.243791006547816
3005295,22.200941193676915
3005296,-55.43903994309975
3005297,-74.31532699253584
3005298,-66.28682430304188
3005299,-17.795284204714147
3005300,-46.42205667848547
3005301,-39.24418434254975
3005302,54.78839446234152
3005303,2.8954237397949396
3005304,37.85086021525259
3005305,145.4284119421288
3005306,106.9766756022611
3005307,52.639912753385225
3005308,48.56129660933194
3005309,43.08079475239557
3005310,-118.87817038682515
3005311,-100.59841736951675
3005312,-116.77972553127874
3005313,295.4830981788338
3005314,-5.242843614382576
3005315,-93.97355959396809
3005316,-63.859973773424635
3005317,103.9230591109319
3005318,-90.58826036350347
3005319,-226.54363394002738
3005320,-62.4465580051722
3005321,-136.89301025454668
3005322,1654.0549273202619
3005323,-87.80186257711573
3005324,-99.26735371765885
3005325,-59.577179803407525
3005326,-66.37143371308689
3005327,-48.718250212334205
3005328,72.70680736203026
3005329,-50.81525830561626
3005330,-67.24005435021154
3005331,-83.81473242337124
3005332,-53.86889130108947
3005333,-51.86066962825661
3005334,-29.277824000881804
3005335,134.65386423602988
3005336,14.335942579912814
3005337,45.05767828862664
3005338,190.92203729648665
3005339,110.74775671047537
3005340,134.12774026303416
3005341,55.87009651936133
3005342,49.168955182848286
3005343,-130.65558171593764
3005344,-151.0554696125171
3005345,-78.25038583984751
3005346,-119.30349508659747
3005347,-37.262076787252944
3005348,-117.89442996950747
3005349,-119.39628231987881
3005350,74.65553456499875
3005351,-80.16385460186284
3005352,-138.57705584324665
3005353,-48.08522887422422
3005354,-153.10014519705422
3005355,1745.4082784451161
3005356,-88.37608377153394
3005357,-84.24389423673817
3005358,-80.11170470194183
3005359,-41.26452942936297
3005360,-46.649740789551096
3005361,76.31673944104223
3005362,-58.20006978243422
3005363,-64.50621522745796
3005364,-54.32068957556047
3005365,32.9441721153914
3005366,-33.94963827176597
3005367,-20.860780257004347
3005368,101.62133101615628
3005369,7.518462507532792
3005370,32.324252556083785
3005371,46.54272146634022
3005372,109.35123220958685
3005373,59.50242631386592
3005374,53.47218799330286
3005375,47.44194967274162
3005376,-122.60299908683264
3005377,-108.13043825095046
3005378,-128.04209113879804
3005379,206.16300933838212
3005380,-18.959236674982815
3005381,-60.097569227581324
3005382,-77.75209929864722
3005383,176.12587099976483
3005384,32.95712134961396
3005385,-116.95192649117489
3005386,-53.52053827709714
3005387,-147.1883610358548
3005388,1573.176393367266
3005389,-89.4593122388931
3005390,-100.6413371999178
3005391,-91.69619718677568
3005392,-72.32710799225974
3005393,-54.67392449150638
3005394,64.47651433769325
3005395,-61.24435008907657
3005396,-77.81902816223582
3005397,-76.1757474353697
3005398,-26.05719487338028
3005399,-54.78221736108552
3005400,-39.16324918766876
3005401,110.8889027472098
3005402,5.5271754982029115
3005403,42.351187628748185
3005404,188.26912802672152
3005405,102.57770620215543
3005406,48.94670385601486
3005407,45.95697139445948
3005408,42.777537122366276
3005409,-109.18381283498711
3005410,-88.55680937121979
3005411,-69.65885586289623
3005412,557.1790581555936
3005413,-56.03527148210086
3005414,-102.42524918692543
3005415,-56.751406090787704
3005416,274.7787470989371
3005417,-116.65965376973672
3005418,-204.55710917331797
3005419,-105.30745825974809
3005420,425.54030469357207
3005421,1669.7418612500926
3005422,-88.09451343511573
3005423,-82.28937462312733
3005424,-36.58238466698712
3005425,7.857490495347253
3005426,-26.769860665566096
3005427,87.14916173800857
3005428,-41.68812746280927
3005429,-50.9664199501406
3005430,-54.673554782567216
3005431,26.177717868871884
3005432,-61.688500977583125
3005433,-38.65387480683675
3005434,112.07350970779198
3005435,22.041165329383336
3005436,50.68509898010753
3005437,123.73323929626413
3005438,119.59302176712363
3005439,143.88238688188832
3005440,129.96187281123568
3005441,118.80692261955183
3005442,-129.3890170335824
3005443,-115.28414137397958
3005444,5.472106361511766
3005445,543.831583825445
3005446,-38.14941045840968
3005447,-108.17138204086659
3005448,-120.42660402732581
3005449,106.97595598031985
3005450,-56.3633390028488
3005451,-320.79770380805877
3005452,-225.67674485299975
3005453,-164.7595741624555
3005454,1231.425987344937
3005455,-62.8524254484037
3005456,-58.65171014522097
3005457,-54.45099484203869
3005458,-21.73352606685584
3005459,-41.85786339355722
3005460,62.44868702819141
3005461,-67.22431655711152
3005462,-67.11598132042609
3005463,-56.85315701310336
3005464,64.6889517527381
3005465,-38.593661405613865
3005466,96.01780040280319
3005467,98.10072704939303
3005468,5.471996202821362
3005469,39.804642693003835
3005470,189.36532788662018
3005471,116.4381104491933
3005472,429.7223308654108
3005473,58.35028940216872
3005474,181.67987183869602
3005475,-115.69839886887239
3005476,-97.00465555589362
3005477,12.221859994189078
3005478,386.54006083217536
3005479,-20.741487259282433
3005480,-93.21965110982892
3005481,-63.626150335569754
3005482,97.36867488643948
3005483,-64.1272040673246
3005484,-203.30188356864235
3005485,-194.03354643166657
3005486,32.70954424421446
3005487,1507.7966980239908
3005488,-50.83258484196612
3005489,-83.26919705500272
3005490,-45.58405481469462
3005491,-27.03755113263723
3005492,-36.108126022692694
3005493,103.96043935175699
3005494,-49.597509106127326
3005495,-68.35170280022503
3005496,-76.22980021998664
3005497,60.969232714301334
3005498,-58.75459523499084
3005499,140.76730892903944
3005500,130.75568931102154
3005501,13.770802779886441
3005502,41.39132106353801
3005503,161.55122100444007
3005504,110.89284304239546
3005505,337.14089371627614
3005506,96.88170862313991
3005507,143.48393430932057
3005508,-144.24025044527187
3005509,-130.6564631033896
3005510,-117.07267576150007
3005511,1085.6819744670277
3005512,-37.29526144408991
3005513,-40.32268911696955
3005514,-72.45977304597436
3005515,489.1218856340649
3005516,218.64518322529986
3005517,206.38449442729072
3005518,-9.526389485297653
3005519,-142.55919168953895
3005520,1809.3292827550372
3005521,-64.31622558135261
3005522,-50.52224460510141
3005523,-40.686677091766605
3005524,17.666747701083484
3005525,-29.19902497648972
3005526,45.39602083441033
3005527,-41.591922160499315
3005528,-31.329097853176602
3005529,37.10296223340193
3005530,69.71356700177985
3005531,1.9799212977429375
3005532,16.197963386565522
3005533,129.8140969367116
3005534,45.32314138266266
3005535,67.76453533813738
3005536,142.64317762538687
3005537,91.66998429669748
3005538,41.79137466117137
3005539,33.392898143664034
3005540,28.505833976762194
3005574,-125.40344478892693
3005575,-111.62067583457137
3005576,-45.04557992392328
3005577,209.37304432348103
3005578,-28.284782850329787
3005579,-106.30393032649481
3005580,-80.97347221465388
3005581,204.02746932187367
3005582,-82.16051504714487
3005583,-234.8189272915986
3005584,-51.838908633386644
3005585,-147.46733785213317
3005586,1603.5059921927862
3005587,-87.51671688833532
3005588,-93.13520537086667
3005589,-89.00301583606988
3005590,-23.649069420312156
3005591,-59.13790255963708
3005592,85.15701425705738
3005593,-67.43732816728634
3005594,-84.0120062404465
3005595,-72.1998804977773
3005596,-3.6069165950500905
3005597,-52.468162220929834
3005598,-40.92655474508346
3005599,115.76796443540862
3005600,5.170232330307233
3005601,39.85903273847472
3005602,162.0113328215218
3005603,108.95922214297089
3005604,55.12399994075505
3005605,50.8644192765798
3005606,45.38391741963934
3005607,-120.67532712567372
3005608,-100.41792603098911
3005609,15.93979226813936
3005610,465.8806168466919
3005611,-21.92633379565704
3005612,-100.5476806899067
3005613,-69.88110348383888
3005614,97.08111773849414
3005615,-64.4828168940292
3005616,-188.59654866883992
3005617,-219.67511473984158
3005618,-167.2057017481375
3005619,1545.463653063661
3005620,-80.6417776175329
3005621,-93.96056604173923
3005622,-84.61669719974138
3005623,-64.85898362548896
3005624,-46.833689331477025
3005625,51.95381882559624
3005626,-51.58813625256679
3005627,-67.18839791530517
3005628,-82.78865957804673
3005629,60.89229551996069
3005630,-44.843574094960594
3005631,155.77816176575126
3005632,137.64778156337044
3005633,17.539139489071847
3005634,46.21649822156652
3005635,189.27009288757674
3005636,115.61702634131207
3005637,461.5871020145743
3005638,86.35306503737702
3005639,91.79416092336324
3005640,-125.73611612011045
3005641,-112.0815193695369
3005642,-56.90476619102518
3005643,597.5973877105455
3005644,-35.739252226551606
3005645,-106.39845811391096
3005646,-90.02911707268031
3005647,130.2364429278725
3005648,-65.04557418259246
3005649,-300.6231326425894
3005650,-213.66076705822778
3005651,-158.766761069428
3005652,1301.642868000759
3005653,-63.50254493247318
3005654,-59.38891648504697
3005655,-26.718436243252466
3005656,-22.38945500837603
3005657,-42.456329353122136
3005658,60.79772232710612
3005659,-64.21065547727794
3005660,-71.71846859949783
3005661,-61.45564429217283
3005662,64.7957657557351
3005663,-42.25622927419571
3005664,118.38105773595653
3005665,110.73823808277048
3005666,9.268659985367965
3005667,45.597557243050424
3005668,221.71691302488418
3005669,119.6429859563852
3005670,446.0970768959252
3005671,60.36257881690627
3005672,241.66662058772837
3005673,-113.06316166382275
3005674,-92.33794803777964
3005675,-73.03263951774242
3005676,572.8498085982258
3005677,-70.13934954437791
3005678,-108.29742659588082
3005679,-65.77246228268704
3005680,298.5712505133744
3005681,-133.31448595397686
3005682,-186.78943572773713
3005683,-106.19568106644037
3005684,238.25651024792361
3005685,1638.422422702257
3005686,-83.22568443104664
3005687,-83.05320968785126
3005688,-64.47817926694488
3005689,-45.90314884603689
3005690,-27.328118425128917
3005691,64.11033816510708
3005692,-46.40972880768485
3005693,-52.62982619066796
3005694,-56.99053447015675
3005695,-3.791728803199742
3005696,-65.45772909868064
3005697,-42.24238019781868
3005698,99.77018432938912
3005699,21.163837595387765
3005700,51.21706833797699
3005701,112.54535377507155
3005702,114.00647373342709
3005703,142.26024874389142
3005704,131.74535304797857
3005705,120.78112483140576
3005706,-130.90512362426924
3005707,-116.60079809460767
3005708,-6.393400003608615
3005709,311.80158635753577
3005710,-14.393956837199578
3005711,-99.45634916106319
3005712,-48.606817818109256
3005713,139.38513028915006
3005714,-6.4668830310281855
3005715,-52.47885722543723
3005716,-177.34306139036224
3005717,-113.15536111535975
3005718,1761.0245400016463
3005719,-101.4890037346825
3005720,-113.5975431449098
3005721,-51.42519576749013
3005722,-32.591265768056054
3005723,-66.19648610454469
3005724,98.27869812708646
3005725,81.77622191344354
3005726,-78.03155413893528
3005727,36.73884844709411
3005728,58.315515926990166
3005729,-65.66478308400137
3005730,173.87184686500606
3005731,129.28090447079578
3005732,6.47115965737267
3005733,43.49107767850884
3005734,127.57087478047033
3005735,98.67167771809291
3005736,274.53223084941527
3005737,246.3295440928807
3005738,-4.913227796211952
3005739,-131.0482587102804
3005740,-111.04298942794303
3005741,-15.741174798788773
3005742,341.16202556186107
3005743,-62.95235210126774
3005744,-106.32909044525222
3005745,-49.42915607996182
3005746,129.3817702019971
3005747,-46.44734153276094
3005748,-50.04963068250053
3005749,-209.65414511158113
3005750,-86.12926321029413
3005751,1829.3250126609335
3005752,-120.26007249306353
3005753,-119.53448732078145
3005754,-73.8003321996628
3005755,-0.8968499252421611
3005756,-60.12046654656573
3005757,117.51890148516686
3005758,97.92012954833145
3005759,-62.18401408752724
3005760,31.127865304228823
3005761,57.032190533848016
3005762,-61.67956135022249
3005763,185.12872349379742
3005764,139.7538580556422
3005765,9.493479814021345
3005766,40.51986347661451
3005767,146.4887581368914
3005768,113.42128751892842
3005769,272.0980296812633
3005770,228.22527146276272
3005771,-0.27846460452864674
3005772,-131.861901885967
3005773,-111.86739709304202
3005774,-19.36525286116993
3005775,457.03651006023136
3005776,-90.22367789892887
3005777,-86.64945586908907
3005778,-53.06422294748044
3005779,102.8358442856581
3005780,-56.89138722132592
3005781,-20.256207108763913
3005782,-221.3678881790254
3005783,105.80913857061178
3005784,1879.9841129422925
3005785,-127.89845385483311
3005786,-118.04198826411975
3005787,-72.30827945215223
3005788,-26.20926075975039
3005789,-58.11989045896875
3005790,122.62633556103692
3005791,43.452033555661465
3005792,-55.49611888790404
3005793,13.619493920212523
3005794,56.9708609923966
3005795,-60.96181491013639
3005796,180.9127481877351
3005797,134.93776628326597
3005798,6.064454577837029
3005799,64.29298303493051
3005800,144.43093227049778
3005801,110.83771355425161
3005802,271.1851066079118
3005803,212.42811784131638
3005804,35.90905421959334
3005805,-132.51286846784095
3005806,-112.51836367492324
3005807,-20.628753954274355
3005808,298.9613759181786
3005809,-94.95951394023795
3005810,-108.31589394068105
3005811,-52.70326936690507
3005812,106.56703414280692
3005813,-57.83098650215451
3005814,-26.656952650957276
3005815,-222.6092822391345
3005816,144.17265350441275
3005817,1890.1404785566654
3005818,-127.43801648251092
3005819,-118.65513232772177
3005820,-98.68109972600546
3005821,0.06507081870059439
3005822,-58.73303452257009
3005823,122.88917143642057
3005824,109.4829348388309
3005825,-55.898607828929734
3005826,61.543435574849546
3005827,58.45755199697506
3005828,-62.51847611419661
3005829,175.1004446762001
3005830,135.17568366267116
3005831,5.323754909137467
3005832,37.212456473305075
3005833,155.43286871742995
3005834,109.84935903774767
3005835,274.92486392079735
3005836,225.369084711878
3005837,40.128488040147396
3005838,-133.16383504972217
3005839,-113.16933025680082
3005840,-21.892255047382417
3005841,574.5062470288078
3005842,-99.69534998153976
3005843,-107.77825745407317
3005844,-52.342315786336975
3005845,121.70978224388837
3005846,-64.09975661593107
3005847,-43.63735177626476
3005848,-202.15460601999328
3005849,182.53616843821416
3005850,1905.309957948743
3005851,-126.97757911018884
3005852,-119.26827639132493
3005853,-73.53456757935719
3005854,-27.405573305526826
3005855,-59.34617858617347
3005856,120.05585677266954
3005857,106.64967628221684
3005858,-56.30109676995816
3005859,-34.7402406590434
3005860,56.954752819054384
3005861,-64.0834120946377
3005862,171.62111861741252
3005863,134.91109511043143
3005864,4.583055240443816
3005865,61.99098928973509
3005866,149.85393789790507
3005867,108.8610045212442
3005868,215.89581509683987
3005869,203.1008519214217
3005870,44.34792186069691
3005871,-133.64136054838926
3005872,-113.64685575546791
3005873,-40.18756861082401
3005874,279.97026988963006
3005875,-81.895696266495
3005876,-118.0772142215963
3005877,-47.985341757673076
3005878,91.96165005869462
3005879,-44.876567823127324
3005880,-45.56731725578519
3005881,-203.70724132847934
3005882,-79.4833417321136
3005883,1882.114771279375
3005884,-118.69073041330994
3005885,-121.9860741011692
3005886,-102.01162830135836
3005887,-30.161006505170956
3005888,-62.812490602687866
3005889,118.57105015147336
3005890,-48.74187912220331
3005891,-63.95453072499985
3005892,-61.03736204916576
3005893,54.761284016101136
3005894,-62.62436910671594
3005895,184.19571085100708
3005896,136.54429853675012
3005897,5.794947195587344
3005898,36.566445410601055
3005899,159.88567204809007
3005900,109.46786945291451
3005901,287.0570589328078
3005902,223.01828964089165
3005903,12.468037682458277
3005937,-133.15602032798668
3005938,-133.95241311875614
3005939,-11.64647841598416
3005940,408.8366465236879
3005941,-39.161887860286505
3005942,-129.93127514246115
3005943,-97.49978340562556
3005944,-49.130845604275954
3005945,-128.51522005221412
3005946,-176.98683589725877
3005947,-231.26214627376683
3005948,-189.4090944111413
3005949,1729.7995997690339
3005950,-98.94701066839211
3005951,-89.24088996339655
3005952,-43.50718115142971
3005953,2.4206264464387073
3005954,-29.3187921582451
3005955,100.52839892574703
3005956,55.080478420647715
3005957,-44.22939788956118
3005958,-68.70037807791304
3005959,44.82505974765737
3005960,-82.68656543217575
3005961,164.8390101909574
3005962,108.83861382527284
3005963,-13.49732515234454
3005964,22.563804896667268
3005965,108.07580588789797
3005966,104.24363886567626
3005967,122.35466892426867
3005968,125.00110290461653
3005969,113.01083107033965
3005970,-140.72293787423658
3005971,-120.70369895325602
3005972,-53.12795350279956
3005973,1945.7067006300251
3005974,-72.45673508268446
3005975,34.30081299466948
3005976,-40.59364736944443
3005977,531.5643197751317
3005978,356.9798478208906
3005979,485.21847683219784
3005980,190.38750379231644
3005981,-97.05503623521126
3005982,1805.8449806112915
3005983,-97.03806240550414
3005984,-86.5888354604529
3005985,-77.59473421822558
3005986,21.976732748869342
3005987,-41.43969484622861
3005988,75.56177089804505
3005989,-24.118098077590087
3005990,-40.93710675452602
3005991,-45.14839131461694
3005992,74.0055904366588
3005993,-23.150557849690625
3005994,208.70026023789225
3005995,145.22662937533343
3005996,30.921702012888733
3005997,65.51195299115098
3005998,675.762142992807
3005999,109.95391800592161
3006000,896.2576154487085
3006001,43.572623604264855
3006002,743.9138234792165
3006003,-137.45816168672425
3006004,-117.43880704423172
3006005,-16.763503257824407
3006006,419.7703588947308
3006007,-62.29782690273422
3006008,-120.62930203792602
3006009,-59.48982066123134
3006010,73.75187668174767
3006011,-51.574216543883985
3006012,-31.971504076447484
3006013,-203.21430827346447
3006014,-172.4983528114026
3006015,1835.023534149674
3006016,-115.19659078008094
3006017,-122.14762804182173
3006018,-50.75014279559836
3006019,-30.741238544355422
3006020,-62.62687789069745
3006021,94.91505745758032
3006022,-52.1901741936047
3006023,-67.6097391149713
3006024,-83.02930403633654
3006025,55.11915973880624
3006026,-63.33209925405007
3006027,173.82034105029672
3006028,136.51334026955894
3006029,9.868011178020158
3006030,40.18455193669134
3006031,155.14398704751395
3006032,113.332354695088
3006033,155.54966170615418
3006034,73.09486115342425
3006035,96.2738815749728
3006036,-131.9902650931024
3006037,-113.39028622332516
3006038,-94.79030735355518
3006039,682.9956812548382
3006040,-129.32048488365834
3006041,-70.73861269515218
3006042,21.496748554115772
3006043,97.55265762716336
3006044,-35.24039686740051
3006045,-227.48641830817476
3006046,-183.25473780872088
3006047,1176.713204575983
3006048,1131.5363013947224
3006049,-83.23867337998949
3006050,-101.80440947428364
3006051,-96.21677483945773
3006052,-77.71027018693694
3006053,-52.010771903778085
3006054,35.53016494610798
3006055,-49.38292525528713
3006056,-53.0051047236523
3006057,-56.62728419201611
3006058,14.965482014328433
3006059,-59.11030585483994
3006060,-22.215980122513695
3006061,45.198786478030534
3006062,-3.1296870833223625
3006063,23.460273136891562
3006064,97.68770428025819
3006065,77.77459052326203
3006066,109.85383428793166
3006067,96.30850601984703
3006068,86.24137716070818
3006069,-125.94291619062169
3006070,-106.56773774515277
3006071,-108.54717882725781
3006072,258.4252804028194
3006073,-27.03177039336769
3006074,-103.50913947720692
3006075,-70.87733228506367
3006076,173.46018123111955
3006077,-16.168435447867335
3006078,-258.2011581452769
3006079,-96.37315984031538
3006080,-113.96978677149063
3006081,1791.5857918998229
3006082,-63.855799873130344
3006083,-79.94042214879418
3006084,-55.89801729055811
3006085,-63.776131847520254
3006086,-45.30090038043776
3006087,84.9851232534249
3006088,-67.96047086682601
3006089,-79.69496835579484
3006090,-86.99361517034122
3006091,-75.43980679986434
3006092,-75.47270794950718
3006093,-52.43700785398395
3006094,74.83933214982353
3006095,0.1122981114796926
3006096,30.508836534016343
3006097,123.61750454804151
3006098,100.08807351653805
3006099,119.31659551873709
3006100,114.17852383003465
3006101,106.92764602989992
3006234,-92.34782035239077
3006235,-85.83331378382972
3006236,-15.68190224474419
3006237,516.5935211010449
3006238,1.0956452726870407
3006239,-90.23097650237723
3006240,-68.78157203196933
3006241,91.01613289081907
3006242,-51.64469467893813
3006243,-24.672806481766923
3006244,-96.64620631720872
3006245,109.31432128812237
3006246,912.5071987313092
3006247,-84.58282188055107
3006248,-62.844234036368825
3006249,-17.06925447507346
3006250,-22.958428623943103
3006251,-3.072862316092635
3006252,156.18028448759375
3006253,6.913556681024108
3006254,-8.160411171126082
3006255,-23.234379023280137
3006256,95.26922009599112
3006257,-35.004847147490445
3006258,-21.60302577868769
3006259,139.01971561577577
3006260,27.307945550710162
3006261,67.58926842788806
3006262,93.621549160621
3006263,120.90437722518728
3006264,483.7297626986735
3006265,64.62127659935796
3006266,59.50180656160884
3006597,-91.87477367801584
3006598,-83.30964696826668
3006599,-15.114072767867395
3006600,431.89185657443267
3006601,1.0671858466568733
3006602,-91.53512303421739
3006603,-66.81529237551949
3006604,74.35143561735659
3006605,-56.50078712891517
3006606,-52.95469843212485
3006607,-97.24476702025804
3006608,130.99410896928995
3006609,864.6023799295234
3006610,-84.59194988527365
3006611,-62.75884896795825
3006612,-17.417527002722448
3006613,2.4680393051280203
3006614,-3.4211348437418496
3006615,156.72238498262206
3006616,6.79575505744943
3006617,-8.278212794702807
3006618,-5.518833033237836
3006619,88.4885421566325
3006620,-36.267682920723736
3006621,-20.389760085787014
3006622,143.99362858493825
3006623,28.877531683852983
3006624,56.838394509287546
3006625,92.97128398650257
3006626,123.60960746576593
3006627,482.78466987004475
3006628,67.40423763363897
3006629,61.71601707545343
3006960,-99.101133032508
3006961,-99.29950768883172
3006962,-30.422771731550522
3006963,320.88227109430153
3006964,9.034778229622322
3006965,-83.56055601797998
3006966,-72.09016456397039
3006967,94.03062780968612
3006968,-62.54196073551592
3006969,-133.29631629266876
3006970,-89.20391048296123
3006971,88.08862513419326
3006972,877.9757524657895
3006973,-93.2730606120022
3006974,-74.54874302733326
3006975,-27.06665377211497
3006976,45.13708633165171
3006977,-13.937643891499004
3006978,143.14083552162262
3006979,-9.84438740158252
3006980,-25.449802754440764
3006981,18.28524913627935
3006982,78.61611108324469
3006983,-42.84400233545674
3006984,-28.08229694831952
3006985,132.4961229022367
3006986,19.002434143263333
3006987,52.696454212392574
3006988,90.25558703170255
3006989,102.91738718031611
3006990,429.8057344521946
3006991,47.543004389047574
3006992,42.75142283620263
3007323,-97.08820515237203
3007324,-93.40734864472579
3007325,-23.411565729725037
3007326,404.07709762184385
3007327,7.4071084417966695
3007328,-83.30601371161974
3007329,-68.6756545385404
3007330,100.06916642578035
3007331,-55.290938822344096
3007332,-111.0688985701734
3007333,-73.60862875394587
3007334,122.37157965844524
3007335,868.8378777648103
3007336,-92.33589614377927
3007337,-72.08830213336527
3007338,-24.398308365439146
3007339,-5.1069159527758465
3007340,-11.729044169402226
3007341,114.55458507568865
3007342,-6.657720858066607
3007343,-21.73168871021816
3007344,-37.603903983125555
3007345,51.80021303128179
3007346,-43.04414138039082
3007347,-24.34067014588599
3007348,136.84292325281532
3007349,22.860957011150465
3007350,53.59705994708448
3007351,90.01840821372043
3007352,110.3021075261001
3007353,520.2850862740795
3007354,54.85480427910644
3007355,49.201394300667936
3007686,-98.20436995663731
3007687,-88.38819296074034
3007688,11.822159490349083
3007689,283.51866912485747
3007690,22.61510644817027
3007691,-70.57395119658104
3007692,-47.20889541486648
3007693,86.52863356592407
3007694,-54.07954620670606
3007695,-72.09436170038116
3007696,-76.50913521197963
3007697,338.7550982557131
3007698,1002.6439423417717
3007699,-92.27228345202677
3007700,-86.97599862729764
3007701,-46.600776432980446
3007702,1.45766336135144
3007703,-29.023643404471652
3007704,127.1639942153824
3007705,-20.166095480018196
3007706,-36.14282997978629
3007707,-52.19121424235917
3007708,43.373051377145394
3007709,-53.211624592421494
3007710,-29.221896190976434
3007711,135.61087627594517
3007712,15.862990328705752
3007713,46.89643626657854
3007714,83.31778453321586
3007715,100.0477691143221
3007716,439.59435667721135
3007717,43.474305572244894
3007718,35.506273386284384
3007884,-92.96007849253401
3007885,-79.39100961327749
3007886,-12.84275486040023
3007887,426.02736698314146
3007888,0.9533481425416608
3007889,-91.32439254880119
3007890,-58.950173749720115
3007891,121.26234539321759
3007892,-45.05193832311469
3007893,-108.42183406208987
3007894,-99.63765746490235
3007895,219.09798042993216
3007896,957.2421210181424
3007897,-84.62846190416501
3007898,-63.80334399669088
3007899,-18.810617113317033
3007900,26.912619415431625
3007901,-4.81422495433689
3007902,151.34187913358457
3007903,6.380225606923165
3007904,-8.74941928900152
3007905,59.658614084786414
3007906,89.13255801939404
3007907,-41.418660688362515
3007908,-17.623568825360774
3007909,147.80959938044109
3007910,28.413798715230957
3007911,55.83517545969308
3007912,90.37022329002703
3007913,126.79157155666162
3007914,396.75856197785396
3007915,78.53608177077167
3007916,70.5728591308377
3007917,-97.51197299848245
3007918,-90.01554458615173
3007919,-22.11706628533174
3007920,250.22733617311243
3007921,8.920940525503472
3007922,-84.50910271058164
3007923,-64.22504593817102
3007924,97.38967659984628
3007925,-59.040301066761266
3007926,-132.36275443196135
3007927,-91.52971365544708
3007928,176.0523096219019
3007929,1045.1086825923016
3007930,-89.08609183750052
3007931,-74.20720275369051
3007932,-27.014185025240334
3007933,44.74594922090656
3007934,-14.388732165101413
3007935,111.10116468524502
3007936,-10.315593895883733
3007937,-25.38956174803506
3007938,-22.887676634466327
3007939,82.76966986049975
3007940,-47.09441964787246
3007941,-22.515596521119544
3007942,137.4803023123047
3007943,22.09004118399726
3007944,58.47522263998618
3007945,87.65452633522655
3007946,113.7383081426312
3007947,345.48545776077225
3007948,58.67484852618255
3007949,51.60826489158509
3007950,-97.81170692507912
3007951,-87.69455381048355
3007952,-21.549236808473136
3007953,323.22363925957796
3007954,8.892481099476942
3007955,-84.72778591986825
3007956,-62.25876628172117
3007957,98.87016434831203
3007958,-44.76934073957617
3007959,-132.1293639667836
3007960,-92.0658256998643
3007961,198.2986896665669
3007962,925.2920930696121
3007963,-88.03934964387558
3007964,-74.12181768528005
3007965,-27.36245755288932
3007966,44.648164943220046
3007967,-14.501504233501276
3007968,145.83957086085158
3007969,-10.433395519457275
3007970,-25.50736337161133
3007971,-22.778579823798093
3007972,82.3392170841491
3007973,-45.881153954971786
3007974,-21.123921414318186
3007975,141.55768358382485
3007976,21.839236421598986
3007977,50.58291289447262
3007978,87.00426116110812
3007979,116.44353838320713
3007980,526.3523654748872
3007981,61.457809560465385
3007982,53.82247540543013
3007983,-127.9886631079924
3007984,-158.23346547306463
3007985,-86.91535683285728
3007986,-186.35438738634437
3007987,-5.128911811497158
3007988,-94.84188459781471
3007989,-105.05973685602002
3007990,-4.651976629175618
3007991,-33.11983784602743
3007992,-97.70516407942868
3007993,-46.38496514828493
3007994,-98.38797332977929
3007995,1644.086012239114
3007996,-115.03735210969369
3007997,-96.8952090001175
3007998,-50.14236182713584
3007999,-3.431865685490077
3008000,-33.048300979911836
3008001,111.01481100471047
3008002,-47.00626898997556
3008003,-63.054653252547986
3008004,-38.75523003576499
3008005,74.3229486590446
3008006,-31.806112709048005
3008007,-8.096979171730066
3008008,105.7925024566759
3008009,9.4178451987943
3008010,32.41754512190638
3008011,70.68895582586875
3008012,78.08706555458794
3008013,24.386088476708398
3008014,255.48953287378956
3008015,42.51817529642104
3006267,-99.9136687907474
3006268,-88.4036777854697
3006269,-112.05573960496876
3006270,144.98776465024022
3006271,-10.910783257159704
3006272,-76.21306109144898
3006273,-70.39623964806997
3006274,126.11803428184722
3006275,-53.825536364259996
3006276,-10.535159538122382
3006277,-89.72138829630448
3006278,-87.65138645375264
3006279,1427.1195003458852
3006280,-90.88573335145593
3006281,-74.04647152043269
3006282,-28.312762708465964
3006283,-8.338730106749193
3006284,-14.12437371528112
3006285,155.60147484461842
3006286,0.12733476330113946
3006287,-14.925829890903781
3006288,-29.978994545110066
3006289,-27.454804565923762
3006290,-33.267087256985896
3006291,-23.047770773398764
3006292,136.73116185888395
3006293,22.633683513197145
3006294,54.85634491702759
3006295,93.12775562099087
3006296,121.65267919738672
3006297,68.02382477620422
3006298,183.93997434946797
3006299,61.37508836346634
3006300,-182.72394253175187
3006301,-212.96874489681684
3006302,-139.2238441579382
3006303,-428.161684775482
3006304,-17.196978950033365
3006305,-106.52827900107222
3006306,-169.22259571602152
3006307,-176.57158457524636
3006308,-131.1709860150702
3006309,-112.08457664401594
3006310,-70.97450491057207
3006311,-156.17916960637265
3006312,1483.5362934043146
3006313,-85.5939280527355
3006314,-77.09888511926538
3006315,-30.346037946283257
3006316,-8.780357034680758
3006317,-12.40184238445799
3006318,89.6373442441422
3006319,-37.510997911344965
3006320,-54.5670843449307
3006321,-43.97863952569768
3006322,15.453247318525161
3006323,-19.49965216329228
3006324,-3.4520171854553996
3006325,96.63055344545974
3006326,27.02669080047936
3006327,44.776687538913585
3006328,67.16152210737637
3006329,95.28823744191614
3006330,40.441949778949684
3006331,77.0920742507994
3006332,-16.505963749574942
3006333,-132.6287220389993
3006334,-155.2934010277884
3006335,-178.02935484521257
3006336,209.39549240723792
3006337,-58.857388109755256
3006338,-130.66248064675054
3006339,-137.77302467824737
3006340,86.05113800731961
3006341,-66.91295257572237
3006342,-3.596280475983615
3006343,-39.539705761567156
3006344,-142.88236182985273
3006345,1724.4571517313432
3006346,-91.79129258160201
3006347,-92.7641132791188
3006348,-61.90002013900702
3006349,-42.62530935741737
3006350,-49.63248503982758
3006351,77.75558319556235
3006352,-42.61170981775653
3006353,-45.21743315470466
3006354,19.382821548271938
3006355,30.40595858130128
3006356,-14.222780714191497
3006357,1.8917125087065938
3006358,125.87421115387879
3006359,33.290274417412284
3006360,47.52788401198378
3006361,68.30962883006005
3006362,94.4128037600678
3006363,59.7812212916244
3006364,29.555768072870894
3006365,38.83342754779115
3006366,-125.37203983669569
3006367,-145.58324812997924
3006368,-72.36018539102479
3006369,254.91303926128714
3006370,-57.721514356301476
3006371,-128.97335522378015
3006372,-128.9721634912028
3006373,51.057592796535765
3006374,-50.54241662091389
3006375,15.533872277834423
3006376,-37.98883466457645
3006377,-46.878703003620366
3006378,1669.2545306622824
3006379,-91.02100903469788
3006380,-91.5240314920383
3006381,-87.29251729536149
3006382,-41.30439195229432
3006383,-48.500779561811704
3006384,80.30766277944913
3006385,-41.06260094902135
3006386,-45.01244382335407
3006387,-34.72536586277082
3006388,14.438829530451319
3006389,-14.024270476958275
3006390,0.7360838312371993
3006391,126.19722681698995
3006392,32.489662837805746
3006393,46.72727243237724
3006394,68.15958368190259
3006395,96.7048193551288
3006396,60.824589589697744
3006397,65.46336964437815
3006398,40.57701956450838
3006399,-158.2790879612683
3006400,-181.69084004616414
3006401,-108.25630353884371
3006402,-197.316190629678
3006403,-45.16248830250223
3006404,-114.19721053685934
3006405,-148.59121158149608
3006406,-6.83091421817225
3006407,-73.44702332971319
3006408,48.491701940202994
3006409,-35.542176795992226
3006410,-156.24325866083862
3006411,1265.5483550365755
3006412,-105.76189897701481
3006413,-99.9532650885025
3006414,-94.10974885836576
3006415,-82.42009169288785
3006416,-62.330800036320205
3006417,55.121102354628384
3006418,-75.74066318707473
3006419,-59.09519001131256
3006420,-43.09091341220873
3006421,-33.76038742391737
3006422,-26.417463392615257
3006423,-12.065543632069687
3006424,97.17294657038128
3006425,17.043446614135707
3006426,31.59794173723795
3006427,53.36333200750433
3006428,87.88568977346968
3006429,41.67683554104607
3006430,49.65259563929995
3006431,28.62495745860834
3006432,-114.74516428152747
3006433,-48.11251825045364
3006434,-161.6384138012534
3006435,106.90708232799007
3006436,-40.124344975881094
3006437,-119.62289503026913
3006438,-136.6945712268887
3006439,-46.44311996028845
3006440,-101.70902814131004
3006441,18.073859899093993
3006442,-78.99709864904916
3006443,-132.22535948028852
3006444,1767.4865478276513
3006445,-87.12758670122405
3006446,-79.14267540171436
3006447,-33.26277481350784
3006448,-13.25753012020213
3006449,-19.511739116878555
3006450,122.17984113396615
3006451,-12.22861118236828
3006452,-27.25068460926722
3006453,-18.89877877275448
3006454,7.230157050247914
3006455,-18.12965236355903
3006456,-7.886099057337372
3006457,121.3558159522856
3006458,21.42126498910166
3006459,41.18828514875323
3006460,79.44809992611017
3006461,117.82621992550158
3006462,79.23022518149828
3006463,53.15232311065957
3006464,67.20817476707744
3006465,-107.05419432214948
3006466,-99.28724564749318
3006467,-129.07594934886473
3006468,143.23174832885636
3006469,18.600661781424794
3006470,-77.65580840242073
3006471,-47.96344430929529
3006472,169.5836790726855
3006473,-44.57936947087709
3006474,10.483637670727337
3006475,-58.84819808000501
3006476,-39.36391132332475
3006477,1145.8259192863904
3006478,-82.50232733456816
3006479,-82.5828147898582
3006480,-76.63472039306639
3006481,-57.55134004064829
3006482,-40.54759549988379
3006483,124.94352447354932
3006484,-38.024096480933885
3006485,-54.07248074350722
3006486,-70.12086500608011
3006487,-46.308356813918444
3006488,-57.98148627670506
3006489,-32.48790903370517
3006490,112.338062912009
3006491,11.691292679403166
3006492,45.91803747938794
3006493,82.3393857460239
3006494,91.89556584185921
3006495,41.1182342654317
3006496,36.818465644448416
3006497,29.10069336397392
3006498,-103.55121131520245
3006499,-85.212905197687
3006500,-18.566005760649926
3006501,338.3108244548595
3006502,-6.331829079805896
3006503,-99.37873922504586
3006504,-60.34586252752414
3006505,135.3373016566222
3006506,-51.77045963414347
3006507,-57.58899659362286
3006508,-84.67415838420429
3006509,-180.75096213489863
3006510,1509.197728923883
3006511,-97.33378266504876
3006512,-80.44460260326916
3006513,-34.7271068343853
3006514,-14.841540526534839
3006515,-20.73071467540448
3006516,149.84035867653571
3006517,-10.242816715891916
3006518,-25.39937945604542
3006519,18.51081818009853
3006520,-20.028871700545817
3006521,-45.34075581119968
3006522,-23.58778067804114
3006523,144.29270743254912
3006524,24.242101065930644
3006525,52.970476236201385
3006526,88.21512301097319
3006527,125.81317276947057
3006528,74.90703048853875
3006529,240.0597113403803
3006530,62.87907005965072
3006531,-109.4734750336418
3006532,-100.31934849771169
3006533,12.887938940840474
3006534,-61.691463343092245
3006535,-21.242304660866278
3006536,-113.51582660746207
3006537,-75.63650482034136
3006538,89.49548396011797
3006539,-51.6833259383391
3006540,-93.95856819143391
3006541,-99.79861690802845
3006542,-176.84678346669173
3006543,1761.8008411444098
3006544,-107.36394814120574
3006545,-89.29846968776273
3006546,-69.3244370860455
3006547,-23.590728274078668
3006548,-29.37637188261196
3006549,146.38537729073252
3006550,-13.568581808270476
3006551,-28.621746462477216
3006552,15.024521978865511
3006553,6.646050585194832
3006554,-35.135429223671316
3006555,-24.825725364982457
3006556,126.72684058367504
3006557,10.929865808339134
3006558,46.618947581250005
3006559,80.19023070890144
3006560,118.32649151782944
3006561,62.52549771246296
3006562,204.36622284227334
3006563,35.652649937402394
3006564,-131.57122537783542
3006565,-117.89072274690515
3006566,-53.39635989575144
3006567,797.0463808549387
3006568,-57.18325730266114
3006569,-122.34671310585945
3006570,-86.31983887026654
3006571,282.9066837743605
3006572,-9.892755866029614
3006573,22.388683441903783
3006574,-10.499854342008614
3006575,-123.37031262208647
3006576,1860.603665377422
3006577,-79.15987629793987
3006578,-78.23792660654935
3006579,-46.67499047082723
3006580,-39.95887471435825
3006581,-47.91883889783097
3006582,73.86425801356445
3006583,-42.75737132063913
3006584,-37.46907309513407
3006585,-27.1809212097758
3006586,24.14661370653285
3006587,-6.4243453056599655
3006588,6.285232951370023
3006589,159.9079877386341
3006590,38.766345500227736
3006591,56.7697223940315
3006592,79.24052935708205
3006593,104.19530094219245
3006594,57.25363079279142
3006595,350.61164884577346
3006596,25.58365100821739
3006630,-112.52356864067296
3006631,-131.95592621409267
3006632,-59.15502186165285
3006633,-80.66852370235829
3006634,-5.44196549782718
3006635,-98.33286322252097
3006636,-83.43066063507722
3006637,103.20357694376544
3006638,-21.271484635786504
3006639,-63.780833403010355
3006640,-54.53839689201212
3006641,-127.94155862175357
3006642,1693.2559484065928
3006643,-109.44542046298913
3006644,-101.37301848310692
3006645,-55.71271171853781
3006646,-61.601885867406544
3006647,-41.13789532290347
3006648,120.74369597626419
3006649,-45.777368466196585
3006650,-61.85458833521378
3006651,-71.89850780335091
3006652,19.92001718315142
3006653,-44.577287414093725
3006654,-36.370090212371714
3006655,106.30739286990884
3006656,3.444392153020733
3006657,39.88992459305674
3006658,73.9557438040999
3006659,88.41552014134886
3006660,34.16137864947196
3006661,260.94941090481205
3006662,99.38228555572432
3006663,-110.7038866645078
3006664,-109.82756991452952
3006665,-37.739610203522524
3006666,3.093528107251775
3006667,5.065056461612773
3006668,-92.09204209371346
3006669,-54.72274966650074
3006670,126.1056167111421
3006671,-49.30785224165701
3006672,-60.73566337411902
3006673,-61.5024904433615
3006674,-103.91213504512852
3006675,1568.737671254816
3006676,-95.84465907202825
3006677,-98.8262764046937
3006678,-55.19795244313972
3006679,-9.359078134478334
3006680,-43.222285275597905
3006681,131.70631532117156
3006682,-41.46758321576866
3006683,-57.51596747834245
3006684,-73.56435174091602
3006685,32.16647996232151
3006686,-56.27692083764877
3006687,-39.91269144904144
3006688,125.77337669647586
3006689,8.390148181413412
3006690,46.481530808579656
3006691,84.7529415125393
3006692,86.64431317591762
3006693,55.736193295378335
3006694,32.915876461820254
3006695,64.18051766192339
3006696,-108.58986178157174
3006697,-102.44222692857765
3006698,-126.22646389596666
3006699,208.51632270213415
3006700,-4.14550668409974
3006701,-94.70779996100354
3006702,-73.14391819196571
3006703,190.52792727642574
3006704,-90.97793549470389
3006705,-25.290317069720725
3006706,-71.97421697922736
3006707,-107.60645756449257
3006708,1557.431838214795
3006709,-95.6349217742508
3006710,-89.76417463508317
3006711,-18.31189210575921
3006712,-24.218301562662457
3006713,-30.107475711532782
3006714,132.08565003437658
3006715,-29.137632842205033
3006716,-45.041805573567025
3006717,-61.61755757150221
3006718,-8.353139451513737
3006719,-52.29742126231512
3006720,-30.293953638669148
3006721,130.01937684913966
3006722,15.919804194056457
3006723,49.683401985160536
3006724,86.10475025179603
3006725,111.36493248765846
3006726,58.58501203123634
3006727,276.11005190966233
3006728,81.95478199594818
3006729,-97.13134805966074
3006730,-101.97678777748187
3006731,22.676903460590626
3006732,527.1815853832188
3006733,5.778924147561344
3006734,-94.65639263293342
3006735,-110.11358515299507
3006736,-31.431017720016637
3006737,-121.56627846816336
3006738,-28.906696907505914
3006739,-145.0270977342989
3006740,227.59267062865567
3006741,1230.3138564004578
3006742,-59.193370517236
3006743,-51.5814397848657
3006744,-32.446275848082486
3006745,37.7555715086207
3006746,4.6463327326125246
3006747,114.26504898322305
3006748,-12.417089544596859
3006749,-29.72785331867639
3006750,-50.46344102408583
3006751,64.46491415559804
3006752,-69.80944257329911
3006753,-52.749778759494156
3006754,115.03216005773056
3006755,5.339596777765298
3006756,37.091364568795335
3006757,73.47068186906218
3006758,109.84999916932993
3006759,239.1094677778053
3006760,122.15994596780293
3006761,115.27831935960667
3006762,-125.67351101166314
3006763,-140.92997684124455
3006764,-69.32388727955076
3006765,148.82207482918895
3006766,-12.725538108707763
3006767,-94.59985038565974
3006768,-127.03732759953054
3006769,26.08197607375151
3006770,-70.51303511391033
3006771,-137.60914201261838
3006772,-91.85993127400143
3006773,-169.57790807908148
3006774,1017.2926059848222
3006775,-76.826602057442
3006776,-83.02407531236786
3006777,-45.21605734450876
3006778,26.801866707841288
3006779,-32.93847460179794
3006780,89.89428980988824
3006781,-51.021571855862284
3006782,-68.65972702587787
3006783,-70.1702506774066
3006784,57.06113396658949
3006785,-52.99293103248127
3006786,-45.815058696546465
3006787,105.4610463601086
3006788,1.548625226284646
3006789,39.78199499553212
3006790,78.01536476478232
3006791,101.777275714169
3006792,404.53481810551256
3006793,43.450973680709204
3006794,38.494486723300916
3006795,-107.83107977747459
3006796,-90.34429229057314
3006797,-21.321993729946183
3006798,442.7126342886342
3006799,-26.000468058332256
3006800,-72.66515570708616
3006801,-22.940182719776924
3006802,89.18790646058478
3006803,-32.158797440659136
3006804,-43.954299359892765
3006805,-87.47132896658245
3006806,335.62625941181244
3006807,899.8385108687733
3006808,-70.68148594129939
3006809,-66.78700969238746
3006810,-67.0616133342467
3006811,-34.1331464907776
3006812,-44.13496057508909
3006813,46.16178189725061
3006814,-56.58868539959193
3006815,-68.05446325887515
3006816,-71.69744592518582
3006817,63.74644778412058
3006818,-70.57479543676281
3006819,-46.26215770292155
3006820,127.82135361259334
3006821,8.352076662634506
3006822,35.77345340709709
3006823,71.02846530789994
3006824,104.08153412852717
3006825,138.94832419895212
3006826,70.06595389145532
3006827,63.419401691057566
3006828,-110.4020880635424
3006829,-97.38110392199705
3006830,-30.83284916912343
3006831,443.46456077162946
3006832,-27.175350216967484
3006833,-108.97331912783811
3006834,-107.74991067043884
3006835,-5.853821570641951
3006836,-108.51049302166011
3006837,-17.826506819043782
3006838,-103.47055830434537
3006839,-182.58535300312045
3006840,1290.794180642401
3006841,-84.27468510096405
3006842,-78.42397772926385
3006843,-58.6666773531072
3006844,-38.90937697695134
3006845,-19.152076600794583
3006846,81.14607354349887
3006847,-18.94255076031872
3006848,-34.54388634783371
3006849,-54.358107340960295
3006850,68.11467157567786
3006851,-42.03167690003719
3006852,-23.644443558125925
3006853,133.19353416992155
3006854,23.327494164727984
3006855,86.388306931238
3006856,88.37820443176152
3006857,124.75752173202609
3006858,306.46592283575745
3006859,90.34531470670045
3006860,86.77280486973014
3006861,-127.56517853462974
3006862,-148.81131975801216
3006863,19.38089446683553
3006864,119.70391928405952
3006865,-15.813703458418598
3006866,-98.48593589659576
3006867,-143.10818467493553
3006868,6.864704627082762
3006869,-80.43514584954828
3006870,-110.320366405829
3006871,-99.2520879276638
3006872,-176.92055158069164
3006873,1015.2596241898261
3006874,-70.43082812867299
3006875,-75.99504287849236
3006876,-68.14476904335224
3006877,4.61181754407399
3006878,-28.62934189484967
3006879,90.36124720701123
3006880,-47.33832815227246
3006881,-69.89913513451602
3006882,-71.35391067364053
3006883,56.11151093779173
3006884,-53.16551393497392
3006885,-45.31270313085205
3006886,106.2803682507094
3006887,2.082423732983177
3006888,48.38729179244066
3006889,78.47378744256021
3006890,108.34088149637383
3006891,306.94397122168783
3006892,50.53292670862012
3006893,47.510153335269216
3006894,-103.68118689518342
3006895,-87.76827231802854
3006896,-21.22001756514764
3006897,343.74852574801406
3006898,-18.63659196475491
3006899,-91.43734706561627
3006900,-85.80993427496178
3006901,155.79027086220978
3006902,-64.94857120980559
3006903,-123.84207681266598
3006904,-101.41609203193393
3006905,-166.56078197097227
3006906,1594.0910410881006
3006907,-85.38943341989447
3006908,-68.80768072484743
3006909,-49.05038034869089
3006910,23.257079634520284
3006911,-11.41149873428348
3006912,110.67040173594883
3006913,-18.341605485318762
3006914,-37.096873104191026
3006915,-56.01688952100839
3006916,70.5385733317
3006917,-52.824915514711655
3006918,-29.79028934396619
3006919,133.64424997598346
3006920,22.828591714832516
3006921,50.75650500703906
3006922,80.47035607180415
3006923,116.84967337206872
3006924,129.9814044734987
3006925,124.62171808050171
3006926,121.8290414925652
3006927,-103.94523434709372
3006928,-87.20044284115538
3006929,-81.57308803416053
3006930,364.373072175141
3006931,-18.66505139078326
3006932,-101.04979469659592
3006933,-83.9528117104117
3006934,163.59833913441273
3006935,-69.77966735005775
3006936,-65.63588915893415
3006937,-102.25011462446564
3006938,-157.45122605964562
3006939,1676.4290265061682
3006940,-85.8018689905313
3006941,-69.17220873215733
3006942,-22.42014477487241
3006943,21.9463283400648
3006944,-12.738505508399651
3006945,107.66420128830823
3006946,-20.758142603825757
3006947,-39.51341022269916
3006948,-56.89434804423107
3006949,63.03488765781341
3006950,-54.08091651551903
3006951,-31.04629034477129
3006952,131.48512766629094
3006953,22.377054263443558
3006954,50.44046144712703
3006955,79.8324300714332
3006956,116.21174737170004
3006957,154.30508140536787
3006958,126.86766583690014
3006959,117.04381492123112
3006993,-128.9162309317533
3006994,-148.6913467816146
3006995,-172.19050311856225
3006996,-3.752072845622745
3006997,-24.546876923532903
3006998,-105.92108470075327
3006999,-123.9162826197633
3007000,157.19949758823824
3007001,-96.22946281012064
3007002,7.50746738321978
3007003,-57.157125392492425
3007004,-51.37709428369252
3007005,1214.3846935301317
3007006,-85.69175332827335
3007007,-84.43592274217933
3007008,-80.30373320738322
3007009,-61.812551658946894
3007010,-41.772070754005235
3007011,81.43897285967564
3007012,-57.386204519476486
3007013,-74.47880780886071
3007014,-64.29328215696641
3007015,-31.48013061585497
3007016,-45.054092991095594
3007017,-37.87622065515988
3007018,94.95104705096965
3007019,-0.2351248880511707
3007020,34.96081795034771
3007021,73.15215675322743
3007022,104.22269903497563
3007023,51.86463468419125
3007024,46.38413282725079
3007025,43.617777900372595
3007026,-141.86233343467646
3007027,-165.79849826469834
3007028,-189.73466309470567
3007029,-335.313673579806
3007030,-37.03522377129483
3007031,-123.71659335229997
3007032,-147.1863259172558
3007033,-49.28585658494993
3007034,-90.63651716160784
3007035,-82.26074042423333
3007036,-79.18088136156739
3007037,-136.83672550531563
3007038,1776.2331559896688
3007039,-80.88724523352634
3007040,-76.98991425916147
3007041,-39.071743802594746
3007042,-19.097711200877978
3007043,-25.369713670780396
3007044,99.97898483785612
3007045,-31.14661413389926
3007046,-53.54543705746509
3007047,-53.142282033027904
3007048,70.37058042309964
3007049,-32.56443455734078
3007050,-22.285113336581883
3007051,109.90703716333856
3007052,13.031727398146092
3007053,40.404138902220176
3007054,76.92766372218848
3007055,115.1190025250714
3007056,78.665246248099
3007057,74.3219732905729
3007058,69.79293509321924
3007059,-127.94038396016076
3007060,-143.30267581008482
3007061,-166.8018321470361
3007062,60.69108948905815
3007063,-24.559367675280367
3007064,-88.32117938197443
3007065,-118.74009171118887
3007066,90.53269976815245
3007067,16.397719630943545
3007068,-13.518882579642007
3007069,-57.71916236462338
3007070,-31.483899331290143
3007071,1460.2373003694574
3007072,-84.42234507901576
3007073,-85.29364429654724
3007074,-81.16145476175147
3007075,-62.54111293655573
3007076,-43.0337312602151
3007077,44.45754518321856
3007078,-57.23096419576704
3007079,-76.23744716868514
3007080,-66.76917253012134
3007081,-0.43819555957751843
3007082,-47.15401560005538
3007083,-39.97614326412103
3007084,98.2301354008625
3007085,1.0501060651415242
3007086,36.29856296137924
3007087,74.48990176426078
3007088,106.35604936226873
3007089,52.17587652536641
3007090,48.09283218177571
3007091,42.61233032483525
3007092,-117.60495200910991
3007093,-100.44571020555195
3007094,-120.06759113892876
3007095,202.07030019192754
3007096,-5.594413237075781
3007097,-93.5810653112192
3007098,-62.780384126260095
3007099,211.25638391955292
3007100,-74.12029619187415
3007101,-48.991773541149804
3007102,-62.881806094012326
3007103,-76.00653806083942
3007104,1649.9888463557597
3007105,-88.68603482838971
3007106,-100.20394157344622
3007107,-86.41676360696538
3007108,-41.017763397512944
3007109,-49.50819046600149
3007110,106.04501694271103
3007111,-52.6664961768145
3007112,-69.03197860287837
3007113,-85.60665667603853
3007114,-54.284294321263395
3007115,-53.443020159658126
3007116,-31.109785226777415
3007117,132.89542337686564
3007118,13.261213980276086
3007119,43.9689319181991
3007120,80.35223925012197
3007121,109.58686073117697
3007122,57.50102105029301
3007123,55.526324703775764
3007124,47.756933456161015
3007125,-131.13785425443965
3007126,-154.92111360190646
3007127,-178.70437294936963
3007128,-149.85507370461235
3007129,-37.66723734890619
3007130,-119.72628676059212
3007131,-119.3925959567885
3007132,26.363953278984997
3007133,-77.36898236373399
3007134,57.00210573458863
3007135,-48.515911084685094
3007136,-122.7144304705942
3007137,1638.6288525088555
3007138,-88.86729903921575
3007139,-84.73510950441941
3007140,-54.13363358404494
3007141,-41.979234004186345
3007142,-47.48362748447247
3007143,75.00843575068889
3007144,-59.99199403510105
3007145,-64.9885634545365
3007146,-54.80303780263856
3007147,32.7122217629778
3007148,-34.431986498844516
3007149,-21.616480333116026
3007150,102.27441929045717
3007151,6.762762431420658
3007152,30.47893488142991
3007153,68.4343178752185
3007154,106.62565667809959
3007155,58.965389077892006
3007156,52.935150757327584
3007157,60.64878903012069
3007158,-121.38123977339892
3007159,-108.42114533063686
3007160,-131.92030166758084
3007161,135.45858369118216
3007162,-19.36210327974258
3007163,-96.61073766516056
3007164,-77.7484129355551
3007165,225.9519258086668
3007166,-2.8593389622317704
3007167,13.46603207083827
3007168,-53.847660323380104
3007169,-57.543044610905135
3007170,1427.7494355351134
3007171,-90.24495287754284
3007172,-101.13255246759972
3007173,-92.42781376839666
3007174,-73.11704824592748
3007175,-55.46386474517434
3007176,87.37748059856104
3007177,-63.03627434174272
3007178,-79.61095241490311
3007179,-76.52789973896488
3007180,37.1843912078759
3007181,-55.51417628265771
3007182,-41.00551310186464
3007183,117.62417318022308
3007184,3.9468870418538313
3007185,40.804133216845194
3007186,79.03750298609403
3007187,102.02565277057893
3007188,49.889206581406334
3007189,44.87966441917634
3007190,40.43415453221743
3007191,-108.01467612827291
3007192,-87.38767266449467
3007193,-69.96373300928717
3007194,492.2989045349688
3007195,-48.79537553800473
3007196,-68.23713595064218
3007197,-55.90977546793946
3007198,255.77494229192618
3007199,-93.24886726273307
3007200,-67.79055244061492
3007201,-107.6463262234336
3007202,-201.6551627566702
3007203,1677.4782046384014
3007204,-89.07548140280078
3007205,-82.8520004887012
3007206,-37.12809852576087
3007207,-18.493327941547744
3007208,-27.332486531138596
3007209,87.81538175722626
3007210,-42.947085035227055
3007211,-53.33568251518253
3007212,-56.957861983547254
3007213,24.040851584020135
3007214,-62.556933862667655
3007215,-39.52230769192264
3007216,112.29224226510514
3007217,21.035711522503068
3007218,49.56464298527336
3007219,77.58866243634493
3007220,109.31358841483889
3007221,143.23232581816248
3007222,129.69258995862694
3007223,118.53763976694081
3007224,-129.3711901121376
3007225,-115.99436568637502
3007226,6.728669801047733
3007227,502.535928284976
3007228,-38.45689864331761
3007229,-109.87887590887367
3007230,-77.3289307930143
3007231,113.37516809739755
3007232,-73.15358718008956
3007233,-82.93847880925641
3007234,-77.57810543461237
3007235,-164.69239983563196
3007236,1211.8421047812028
3007237,-63.29312126336814
3007238,-59.09240596018552
3007239,-0.9871208753018368
3007240,-22.157309875021195
3007241,-42.5389605224639
3007242,60.99856871794346
3007243,-69.08944961936304
3007244,-67.54134243360913
3007245,-57.27851812628504
3007246,65.44766818841772
3007247,-39.26863321328873
3007248,-32.00790861617751
3007249,96.49636158331278
3007250,3.647631208811806
3007251,38.341274018363684
3007252,76.66311911896692
3007253,114.97378517607122
3007254,534.8022028694752
3007255,57.703158307292334
3007256,51.523586099089435
3007257,-114.42518049116079
3007258,-95.61561107173002
3007259,12.079124927743766
3007260,386.1811051543929
3007261,-12.64145278761752
3007262,-95.39430744335623
3007263,-62.546560688403396
3007264,128.99936878959963
3007265,-70.88385590506441
3007266,-98.43581498235089
3007267,-100.32593627521946
3007268,-4.675264172987379
3007269,1535.5203348816997
3007270,-76.0721027182232
3007271,-84.20492926024535
3007272,-20.145965272515962
3007273,-27.41982980675952
3007274,-36.56602046269794
3007275,117.18783620100722
3007276,-50.667436907422406
3007277,-69.42163060151942
3007278,-78.41003301390565
3007279,45.62777260433332
3007280,-59.625252003321556
3007281,-37.406392573670736
3007282,129.7065975957623
3007283,12.723793759592088
3007284,40.344312043241835
3007285,73.42078934004094
3007286,109.80409667196655
3007287,436.08437616824466
3007288,96.53793680755162
3007289,89.83679547104266
3007290,-144.1944466310113
3007291,-130.61065928912902
3007292,-71.4864496083781
3007293,1056.8109788281101
3007294,-40.70739676031079
3007295,-38.54939987629658
3007296,-73.13678932904877
3007297,476.9738952019008
3007298,202.5866703180902
3007299,25.83912811108367
3007300,-8.620165285120304
3007301,-204.53613257887926
3007302,1757.0529251194735
3007303,-65.75786266697587
3007304,-52.06937912465427
3007305,-41.22964302003064
3007306,-7.770902259636653
3007307,-29.753333545781555
3007308,44.092034242325745
3007309,-42.01728327368122
3007310,-31.754458966358737
3007311,58.51423040524579
3007312,90.19209475491489
3007313,1.245173902274662
3007314,15.463215991097702
3007315,132.6955717004914
3007316,45.0329916943626
3007317,67.47438564983868
3007318,89.91577960531431
3007319,95.31214850584884
3007320,41.14867176583558
3007321,517.0618254429303
3007322,259.55300685788114
3007356,-124.80293825894368
3007357,-111.75710426781261
3007358,-45.18200835716451
3007359,175.82078662175556
3007360,-28.677835667037282
3007361,-107.59877062513515
3007362,-64.14012983020693
3007363,216.88200382917714
3007364,-77.53126893207245
3007365,20.243571353000522
3007366,-51.73856731414916
3007367,-127.99444146918613
3007368,1594.032026910939
3007369,-88.30235752698518
3007370,-93.62642063854769
3007371,-89.49423110375191
3007372,-24.42209766717978
3007373,-59.92784281330345
3007374,82.32008834913195
3007375,-69.22925241995362
3007376,-85.80393049311515
3007377,-72.68222872485403
3007378,-3.85619522057895
3007379,-53.20012114249884
3007380,-42.78003341143066
3007381,113.95701807976793
3007382,3.324914655654727
3007383,38.307554830442506
3007384,79.43830527021892
3007385,108.33859590297398
3007386,54.62193079118625
3007387,50.395954849020846
3007388,73.71833933563921
3007389,-119.33774170581346
3007390,-100.40001379583445
3007391,-34.50174672945176
3007392,453.7394290378008
3007393,-22.006656975991785
3007394,-101.90649362498225
3007395,-69.97822096329473
3007396,133.70227915320285
3007397,-56.3274721457963
3007398,-90.0015394561431
3007399,-88.45464839360311
3007400,-167.5385808697702
3007401,1529.3389705425404
3007402,-81.42741825618252
3007403,-94.45178130942035
3007404,-31.928879519913192
3007405,-65.59060020711199
3007406,-47.62362958514499
3007407,102.04438938734184
3007408,-53.439374123764345
3007409,-69.039635786505
3007410,-84.63989744924338
3007411,66.64012254275367
3007412,-45.65491724475968
3007413,-25.508278544769194
3007414,136.9894826492443
3007415,16.607132656728215
3007416,45.169489201272164
3007417,89.37572464410205
3007418,114.52303712891235
3007419,438.12490527781137
3007420,86.0092932217919
3007421,79.30815188527886
3007422,-125.71828919866566
3007423,-112.03571555527269
3007424,4.7568611995750025
3007425,610.6707546561422
3007426,-36.04674041145953
3007427,-107.60118294657768
3007428,-89.47987470274602
3007429,135.38948082949102
3007430,-52.01225903423873
3007431,-102.13941302475796
3007432,-72.20003820799256
3007433,-158.69958674260263
3007434,1301.7890402388896
3007435,-64.02707885328407
3007436,-59.82961230001164
3007437,-55.628896996829816
3007438,2.6859314180535034
3007439,-43.195750154072165
3007440,59.09965705629539
3007441,-66.07578853953127
3007442,-72.1438297126795
3007443,-33.2278264067343
3007444,64.92824397636805
3007445,-42.93120108187103
3007446,-35.67603009050962
3007447,109.13387261669159
3007448,7.444294991357953
3007449,44.134188568413
3007450,82.45691050102705
3007451,118.9122658574931
3007452,473.6784177448564
3007453,59.715447722028976
3007454,53.53587551382335
3007455,-111.89411027081842
3007456,-91.01455597637941
3007457,-21.099470986619774
3007458,552.6428328909017
3007459,-63.624641264409355
3007460,-109.48853960754313
3007461,-64.39054341576484
3007462,282.5381955720579
3007463,-81.5459161837096
3007464,-68.21096631192158
3007465,-108.342705295642
3007466,-173.61480243269094
3007467,1642.6103863220155
3007468,-83.90378326229443
3007469,-83.56531610070742
3007470,-37.361049753190436
3007471,-18.657753400588984
3007472,-27.840224837984845
3007473,66.08649745849125
3007474,-47.61169926620713
3007475,-54.942101641814396
3007476,-59.43300584478428
3007477,16.791117956525984
3007478,-66.46042852424016
3007479,-43.24510561212154
3007480,102.08237783282512
3007481,20.43546149105642
3007482,50.26131727725825
3007483,78.57891463350752
3007484,110.3470380959745
3007485,142.0269857256478
3007486,131.44039609454805
3007487,120.47616787797615
3007488,-129.87401362848576
3007489,-118.97292813962376
3007490,-39.109055528296075
3007491,288.9766193336956
3007492,-12.858173390443692
3007493,-100.4861571498539
3007494,-48.74028663678363
3007495,135.86101268848435
3007496,-8.259646088293078
3007497,-77.36040625757305
3007498,-70.28111924211798
3007499,-108.25041922115479
3007500,1751.1705244848383
3007501,-102.41712666103244
3007502,-114.68085357026023
3007503,-78.27209815950327
3007504,-6.738885092855792
3007505,-67.13314892777503
3007506,100.1454687793857
3007507,92.17098293718728
3007508,-80.01473204596896
3007509,34.881348774163335
3007510,57.52775428390779
3007511,-66.33838496544858
3007512,-42.39649369237012
3007513,125.60378100971884
3007514,4.4954656332904115
3007515,41.741602023889946
3007516,79.9153442564968
3007517,97.26132680478231
3007518,290.7110032873981
3007519,279.1499645552528
3007520,37.2000092870937
3007521,-129.87912200354802
3007522,-109.84587582840577
3007523,-15.60898731087472
3007524,319.9537318044178
3007525,-55.70783862681018
3007526,-106.97034747931393
3007527,-50.13495284941636
3007528,75.66338791787275
3007529,-47.45416280987755
3007530,-114.38546239304087
3007531,-107.19782910102758
3007532,-104.06100863864008
3007533,1812.1659669046815
3007534,-121.19081682178755
3007535,-120.41245033877549
3007536,-74.67867135084775
3007537,-1.7491319492049047
3007538,-61.05712936979538
3007539,110.09678496788929
3007540,102.8831959238225
3007541,-64.16786181485604
3007542,29.29595755277997
3007543,57.66403954199651
3007544,-63.46346822429113
3007545,-20.24291999700453
3007546,138.97121966579627
3007547,8.48106756569651
3007548,47.73582808086777
3007549,75.6741650426513
3007550,112.12487706380826
3007551,351.42882575165385
3007552,261.6471589874388
3007553,57.58257764676201
3007554,-130.66478828642246
3007555,-110.67028349350112
3007556,-19.23306537325224
3007557,405.5230760094939
3007558,-82.97916442446767
3007559,-109.49478746135246
3007560,-53.77001971693861
3007561,118.05021070886797
3007562,-57.89820849844072
3007563,-131.66650693213504
3007564,-127.05336718880862
3007565,64.2721257782999
3007566,1864.6024214390125
3007567,-129.079871287369
3007568,-118.91947176475928
3007569,-73.18576295279176
3007570,-0.18819928182851298
3007571,-58.99737395960805
3007572,124.4937755384578
3007573,112.28290384517932
3007574,-57.47837999099628
3007575,-12.065572913529916
3007576,39.565881315873604
3007577,-62.01545055645219
3007578,-39.793149718738995
3007579,136.12569293549424
3007580,5.23856013336918
3007581,63.210906346276
3007582,73.09059107797584
3007583,109.54130309913326
3007584,302.06617970856786
3007585,257.2441752268116
3007586,70.18605668610253
3007587,-131.31575486830732
3007588,-111.32125007538234
3007589,-20.496566466356665
3007590,443.9894647683879
3007591,-87.71500046578039
3007592,-108.95715097474094
3007593,-53.40906613636506
3007594,133.65742935523414
3007595,-58.837807779270214
3007596,-103.93442138740538
3007597,-129.0290639445209
3007598,102.63564071210233
3007599,1872.2522301645315
3007600,-128.61943391504738
3007601,-119.53261582836198
3007602,-47.59880869081625
3007603,-0.7863555547167311
3007604,-59.6105180232103
3007605,121.66034263411002
3007606,109.14632669668045
3007607,-57.88151185649421
3007608,59.62264888273622
3007609,57.21436297544479
3007610,-63.58038653689372
3007611,-41.13586296399834
3007612,135.08326930420773
3007613,4.49786046467371
3007614,36.38656202883859
3007615,72.1022365614701
3007616,108.55294858262842
3007617,291.12675192438763
3007618,247.3968023757263
3007619,71.99553668918198
3007620,-131.96672145019946
3007621,-111.97221665725992
3007622,-38.51292951262693
3007623,325.4937350962711
3007624,-92.45083650708038
3007625,-108.41951448813124
3007626,-53.04811255579333
3007627,67.9349707110252
3007628,-65.10657789304496
3007629,-105.1723681536494
3007630,-131.0047607002314
3007631,140.99915564590285
3007632,1889.9282664454615
3007633,-128.15899654272542
3007634,-120.14575989196378
3007635,-100.17172729024678
3007636,-28.256999678944833
3007637,-60.22366208681323
3007638,118.82690972976498
3007639,111.72923046515162
3007640,-58.28485560996459
3007641,11.17173952549884
3007642,36.88464734553255
3007643,-65.14532251733526
3007644,-42.475805035656585
3007645,134.04084567291804
3007646,3.7571607959773314
3007647,61.16633976003978
3007648,71.11388204496934
3007649,107.5645940661254
3007650,294.86650923727456
3007651,248.94359938546287
3007652,73.80501669226096
3007653,-132.44424694884836
3007654,-112.44974215593065
3007655,-20.662991683310604
3007656,254.80184369726814
3007657,-74.65118279203561
3007658,-119.29647006278974
3007659,-48.69113852712943
3007660,111.08302263480455
3007661,-45.88338910024576
3007662,-90.36721714704326
3007663,-113.2423320154874
3007664,25.78778373260953
3007665,1867.3907356029383
3007666,-119.61885333965965
3007667,-122.86441325235391
3007668,-77.13025813123618
3007669,-57.155812331424194
3007670,-63.74915342591661
3007671,114.24522935738942
3007672,-14.41063348090692
3007673,-65.9970222505679
3007674,-20.377435273447002
3007675,36.879461367514715
3007676,-63.62696591088369
3007677,-41.46228413983844
3007678,136.2828964377206
3007679,4.969052751120859
3007680,35.27003495548225
3007681,71.72074697663875
3007682,108.1714589977948
3007683,317.938132033468
3007684,245.0460073047395
3007685,64.82049765908069
3007719,-131.95890672844942
3007720,-135.7722078393879
3007721,-11.919368954216036
3007722,274.7274643411085
3007723,-31.917374385828946
3007724,-131.6880281543952
3007725,-96.62106315082455
3007726,-44.502042986655205
3007727,-120.57462110941815
3007728,-119.81944516118328
3007729,-166.34440984917117
3007730,-231.5130882287191
3007731,1714.4179082657506
3007732,-100.12842810092859
3007733,-90.11837346403608
3007734,-70.14434086231954
3007735,1.5692000730216091
3007736,-30.196275658884854
3007737,99.3834274556245
3007738,109.75559775744541
3007739,-45.54480906374173
3007740,-70.03088777557814
3007741,44.242828419108456
3007742,-83.68760817339425
3007743,-60.267989508729706
3007744,108.57207843617353
3007745,-14.371016933066397
3007746,21.6387927791172
3007747,63.55185585484488
3007748,102.8684532494105
3007749,93.20092294406568
3007750,130.91539982724836
3007751,108.73170393528217
3007752,-139.5773686526907
3007753,-119.55812973171741
3007754,-14.201378980926886
3007755,1976.1330657828723
3007756,-68.06692275644018
3007757,50.029014187047515
3007758,-38.94660061831272
3007759,513.4496583771609
3007760,359.24955126226195
3007761,58.467257949639325
3007762,-16.23174542344604
3007763,-126.97461274290235
3007764,1791.3459488883811
3007765,-97.0327456033978
3007766,-86.58351865834565
3007767,-50.969643692722265
3007768,-6.1500911922626464
3007769,-42.2917388644178
3007770,73.40744385969147
3007771,-26.10360248925853
3007772,-43.05280708967829
3007773,-45.824319700696186
3007774,65.5834191542378
3007775,-23.777511629550457
3007776,-13.282239025675874
3007777,151.8557688912658
3007778,29.592556334961234
3007779,80.05624412736843
3007780,103.4313676683807
3007781,108.75953391820549
3007782,1026.3545127472037
3007783,42.31836235013062
3007784,27.721497716336405
3007785,-136.28762262670605
3007786,-116.2931178337847
3007787,-15.864426835893749
3007788,295.3242730742797
3007789,-54.525003079007355
3007790,-126.31982587270504
3007791,-60.25250916432086
3007792,111.99761109113133
3007793,-58.72656397412428
3007794,-89.75229999762159
3007795,-111.16794584089966
3007796,-187.3535621992103
3007797,1824.6343081600473
3007798,-116.07229742475594
3007799,-122.7350464263482
3007800,-77.54172144079648
3007801,-57.49874987259799
3007802,-63.5299332680086
3007803,102.5707515564679
3007804,-54.17567860527314
3007805,-69.59524352664202
3007806,-85.01480844800635
3007807,43.60555468873982
3007808,-65.05901901422276
3007809,-39.64835676785723
3007810,135.15396531116514
3007811,8.912823210866652
3007812,38.977070060807556
3007813,75.55387694534075
3007814,112.12391622072137
3007815,290.2845066036968
3007816,72.32296773650769
3007817,65.05761968201405
3007818,-130.318982267984
3007819,-111.71900339821768
3007820,-39.541753951779164
3007821,581.7660775977522
3007822,-126.25629760494375
3007823,-71.07049227408133
3007824,19.794832501657954
3007825,79.28372718573537
3007826,-23.3205394850991
3007827,-91.78774508377982
3007828,-95.26339918939748
3007829,1131.3797561968531
3007830,1196.8268627105256
3007831,-88.57939432851758
3007832,-102.68684582934411
3007833,-96.77940070503045
3007834,-25.513516668191226
3007835,-53.53995544728358
3007836,35.37058785065661
3007837,-51.75218782032906
3007838,-55.37436728869287
3007839,-58.99654675705714
3007840,25.205886851327893
3007841,-61.31834460881081
3007842,-60.11009933321001
3007843,47.844021172000986
3007844,-3.049381679408991
3007845,23.414861048567406
3007846,49.08899631891355
3007847,77.4725087159356
3007848,117.40343774443836
3007849,95.93473027733235
3007850,83.28042847801017
3007851,-124.88960559034494
3007852,-105.39860103842402
3007853,-111.84510298675632
3007854,182.2135412146101
3007855,-19.388087232954415
3007856,-104.78528705202625
3007857,-71.01080110373805
3007858,219.94994631179927
3007859,-16.38901290516041
3007860,0.07719097299032684
3007861,-97.59851780089438
3007862,-34.85795634137518
3007863,1683.8751577030425
3007864,-64.57178605546692
3007865,-80.70887493907689
3007866,-82.00420543862838
3007867,-64.33961336363818
3007868,-45.922705568600385
3007869,102.28525869656842
3007870,-69.22165232249044
3007871,-82.06645480408206
3007872,-89.49529754211135
3007873,-39.17939486485992
3007874,-76.34980007671884
3007875,-53.30766462231558
3007876,117.52707115006088
3007877,-0.9347109088146612
3007878,29.414847321614804
3007879,65.75612368716948
3007880,99.96925976026087
3007881,121.01705700616613
3007882,113.76617920603185
3007883,105.46420263627734
3008016,-92.41949003275913
3008017,-86.03273530263941
3008018,-15.74799547692491
3008019,534.6374509352693
3008020,0.6891352528848143
3008021,-82.11487661929532
3008022,-69.56699473513872
3008023,13.290968000812615
3008024,-68.27933190417188
3008025,-25.114821315262628
3008026,-96.95324324067114
3008027,112.19072769450777
3008028,907.9905699533452
3008029,-84.76233445151279
3008030,-63.009938853045504
3008031,-42.99753852620851
3008032,2.662768238361157
3008033,-3.226405910508031
3008034,102.70093708766917
3008035,6.861209431483264
3008036,-8.21275842066829
3008037,-23.28672627282121
3008038,43.29898284819202
3008039,-35.17290815760433
3008040,-21.7630514321725
3008041,136.78234560698658
3008042,27.208532267564085
3008043,57.17022830413563
3008044,93.59157657077112
3008045,121.09503665927441
3008046,417.93549734604966
3008047,64.82320745432044
3008048,59.82164816182577
3008379,-91.94644335839511
3008380,-83.50906848708
3008381,27.59324418231809
3008382,397.837248488536
3008383,0.6606758268510089
3008384,-91.338149035694
3008385,-67.60071507868706
3008386,74.05814060655594
3008387,-51.56633954378666
3008388,-82.22692935135073
3008389,-97.55180394371955
3008390,133.87051537567388
3008391,857.628371399427
3008392,-84.77146245623548
3008393,-37.245805504836234
3008394,-43.34581105385681
3008395,2.3144957107133064
3008396,-3.5746784381572456
3008397,127.17244035433164
3008398,6.743407807909268
3008399,-8.330560044243423
3008400,-23.404527896397024
3008401,65.94490657445859
3008402,-36.43574393083717
3008403,-20.549785739273187
3008404,142.524477335711
3008405,28.77811840070645
3008406,56.72061666053761
3008407,92.94131139665224
3008408,123.80026689985353
3008409,482.151430620265
3008410,67.60616848860373
3008411,62.035858675670816
3008742,-99.17280271288
3008743,-99.51085344288258
3008744,-30.62219325035657
3008745,320.939076024076
3008746,8.628268209820096
3008747,-83.9093741417535
3008748,-72.87558726713796
3008749,93.67593298815264
3008750,-62.975198995256314
3008751,-54.78640942690962
3008752,-89.51094740642502
3008753,90.38683257756743
3008754,828.247785409766
3008755,-93.43566377657423
3008756,-74.71444784400926
3008757,-27.229338786559577
3008758,44.98652391059519
3008759,-14.083283611065593
3008760,146.15334016856238
3008761,-9.896734651123818
3008762,-25.516699941622203
3008763,67.61854172016429
3008764,70.04546706366519
3008765,-43.012063345573814
3008766,-28.213071484102596
3008767,132.3400493538554
3008768,18.9030208601168
3008769,52.67989468651805
3008770,90.22561444185358
3008771,103.10804661440143
3008772,530.4445903682538
3008773,47.744935244013696
3008774,43.07126443641865
3009105,-97.15987483272947
3009106,-93.618694398773
3009107,22.683914126283714
3009108,448.50190225392106
3009109,7.000598421990805
3009110,-84.73723469693213
3009111,-69.46107724170979
3009112,94.45169555372577
3009113,-66.53330484499274
3009114,-134.9638854004286
3009115,-91.8373915575401
3009116,125.09204032541386
3009117,922.7735147034346
3009118,-92.4984993083513
3009119,-72.25400695004139
3009120,-50.326592416574535
3009121,-30.95806424138554
3009122,-11.874683888967905
3009123,147.1282828206599
3009124,-6.710068107606542
3009125,-21.784035959760825
3009126,-37.67210202026562
3009127,51.72597257629442
3009128,-43.21220239050562
3009129,-24.471444681670885
3009130,134.60555324402523
3009131,22.761543728003932
3009132,53.56708735723324
3009133,89.9884356238692
3009134,110.49276696018633
3009135,519.651847024302
3009136,55.056735134073016
3009137,49.52123590088578
3009468,-98.22392851961449
3009469,-88.5995387147912
3009470,-22.498889587989463
3009471,375.4037124915914
3009472,22.39113125329205
3009473,-70.91970885933624
3009474,-47.99431811803405
3009475,83.2094067091004
3009476,-43.116094875119224
3009477,-72.58572185176654
3009478,-76.85795400040233
3009479,338.2140943538897
3009480,959.9482102056527
3009481,-92.42699290711452
3009482,-87.12565804283354
3009483,-72.67421812294894
3009484,-50.6222293096096
3009485,-29.17039384873787
3009486,141.17715050350327
3009487,-20.21844272955995
3009488,-36.20972716696932
3009489,-52.25811142954243
3009490,-6.4993246669785485
3009491,-53.389794011622406
3009492,-29.36900029693224
3009493,134.92393300921614
3009494,15.745212479957633
3009495,46.866463676727754
3009496,83.2878119433637
3009497,100.23842854840423
3009498,519.1995315212946
3009499,43.79414717246046
3009500,35.82611498649813
3009666,-92.97963705550391
3009667,-79.45710284546185
3009668,-12.908848092584588
3009669,261.97542190479834
3009670,0.5468381227303394
3009671,-91.67015021155457
3009672,-59.7355964528895
3009673,150.73539298129
3009674,-45.48517658285508
3009675,-108.86384889558285
3009676,-99.94604675591408
3009677,221.8184410968938
3009678,959.6591556394463
3009679,-84.80797447512707
3009680,-63.95205918551009
3009681,-18.964160707731974
3009682,26.75415311952675
3009683,-4.967768548751604
3009684,152.96650643081213
3009685,6.328692158289147
3009686,-8.8017665385435
3009687,59.56863806617795
3009688,66.58892243721876
3009689,-41.609751655092886
3009690,-17.80646067582283
3009691,146.83014521397874
3009692,28.29602086648193
3009693,55.71739761094178
3009694,90.34025070017624
3009695,126.7615989668122
3009696,434.0420174489206
3009697,78.73801262573961
3009698,70.8927007310519
3009699,-97.53153156144872
3009700,-90.22689034020623
3009701,20.020826818520806
3009702,382.153285563628
3009703,8.514430505703064
3009704,-83.22666538949743
3009705,-65.01046864133859
3009706,60.00364135909805
3009707,-43.32131107645072
3009708,-132.86818332672445
3009709,-91.85393860132699
3009710,178.77277028886627
3009711,1040.5858689170875
3009712,-89.24869500207255
3009713,-74.3729075703673
3009714,-27.167728619655502
3009715,44.595386799848676
3009716,-14.534371884667774
3009717,135.4648582948109
3009718,-10.367941145424805
3009719,-25.441908997577723
3009720,18.519350024248713
3009721,48.68489748989233
3009722,-47.25444530136182
3009723,-22.646371056903984
3009724,139.36615405417135
3009725,21.972263335248687
3009726,51.20320547873981
3009727,87.62455374537804
3009728,113.92896757671424
3009729,344.8954832537849
3009730,58.876779381146854
3009731,51.928106491799745
3009732,-97.83126548806358
3009733,-87.90589956453441
3009734,19.446524901011077
3009735,290.3131580741676
3009736,8.485971079665621
3009737,-78.87422066077197
3009738,-63.04418898489056
3009739,101.07837173047774
3009740,-42.785132323839925
3009741,-132.63479286154487
3009742,-92.39005064574512
3009743,201.0191503335304
3009744,966.454675999772
3009745,-88.20195280844739
3009746,-74.28752250195662
3009747,-53.29074160402414
3009748,44.49760252216216
3009749,-14.647143953067182
3009750,135.41689518492169
3009751,-10.48574276899971
3009752,-25.559710621151947
3009753,-4.941471903935319
3009754,48.84590145558396
3009755,-46.04117960845932
3009756,-21.25469595010308
3009757,141.46861704462182
3009758,21.721458572849958
3009759,50.5529403046232
3009760,86.97428857125824
3009761,116.63419781729426
3009762,525.7191262251083
3009763,61.65974041543196
3009764,54.142317005645246
3009765,-128.20000886205415
3009766,-158.44481122711912
3009767,-87.11477835166333
3009768,-237.3534607310219
3009769,-5.535421831299384
3009770,-761.1478052111786
3009771,-105.84515955918941
3009772,11.728968981885561
3009773,-47.898237589239024
3009774,-98.14358337855064
3009775,-46.701879111769166
3009776,-73.88651599508721
3009777,1614.9596769340765
3009778,-12.368852195723928
3009779,-97.02366520637649
3009780,-50.27081803339551
3009781,-3.552418016899576
3009782,-33.15291874114477
3009783,110.60903384784929
3009784,-47.073166177157226
3009785,-63.12155043973011
3009786,20.82572142170712
3009787,74.09958686945602
3009788,-31.942994716416063
3009789,-22.900477410242996
3009790,105.0855445128147
3009791,9.360718587222625
3009792,32.400985596033216
3009793,65.96117812040411
3009794,78.25990630930592
3009795,24.56099302435378
3009796,276.1811264755963
3009797,12.689003948253418
3008049,-99.92987328428607
3008050,-88.59937042341953
3008051,-112.25143224291496
3008052,145.06411934925856
3008053,-11.317357783195614
3008054,-269.04853457790233
3008055,-71.17957043794631
3008056,85.26279788402844
3008057,-89.60806815474443
3008058,16.096332802343756
3008059,-89.90757183418309
3008060,-72.05437452435653
3008061,1556.4854521167117
3008062,-39.99899008145511
3008063,-74.19751933349487
3008064,-54.22348673177752
3008065,-34.2494541300612
3008066,-14.275421528343752
3008067,153.6817730773466
3008068,0.07871834672137767
3008069,-14.97444630748468
3008070,-30.02761096169142
3008071,-45.66735892083833
3008072,-33.431417434141885
3008073,-23.21583178351538
3008074,135.5245972877585
3008075,22.501588784830535
3008076,54.839785391154884
3008077,93.11119609511589
3008078,121.82551995210288
3008079,68.21654800322104
3008080,183.2871170216442
3008081,61.69492996368191
3008082,-182.9352882857991
3008083,-213.1800906508677
3008084,-239.61434353406983
3008085,-465.1170872959563
3008086,-17.603488969842868
3008087,-800.2096559541594
3008088,-169.945766661999
3008089,-162.3339740704221
3008090,-93.59225417525867
3008091,-112.50681120747849
3008092,-71.29141887405676
3008093,-159.67180113590896
3008094,1577.3191648041259
3008095,35.53554153042236
3008096,-77.22734132552391
3008097,-30.474494152542587
3008098,-8.908813240940429
3008099,-12.530298590716296
3008100,90.03150237551422
3008101,-37.553585504974116
3008102,-54.72779492733756
3008103,-44.14588673490679
3008104,15.254002841405242
3008105,-19.600846261363852
3008106,-3.494336752137126
3008107,96.74474982958664
3008108,26.97296646396281
3008109,44.75205147113066
3008110,67.13647191180344
3008111,95.46107819663457
3008112,40.61685432659552
3008113,192.37959044005694
3008114,29.058640389141335
3008115,-132.85238436422404
3008116,-155.51706335300585
3008117,-178.2513858944865
3008118,107.85338394940045
3008119,-59.267982518024645
3008120,-625.757760666115
3008121,-138.6115528923372
3008122,105.58086865977494
3008123,-73.24718991333047
3008124,-4.042928006727191
3008125,-39.89690005311676
3008126,-132.24483091412665
3008127,1539.7297142176174
3008128,-17.070096695735668
3008129,-92.93641136219996
3008130,-88.70489716552383
3008131,-42.78171208969756
3008132,-49.76568545074819
3008133,77.67325277777213
3008134,-42.69483102162716
3008135,-45.38761203410949
3008136,40.75832672520229
3008137,30.2045668587909
3008138,-14.394341698430974
3008139,1.7870846485604557
3008140,127.78744411268072
3008141,33.2445296856824
3008142,47.4821392802539
3008143,68.27881234049865
3008144,94.38939139009172
3008145,59.967331893825495
3008146,50.83736581035392
3008147,40.63046131599932
3008148,-125.43485521980874
3008149,-145.8069104552076
3008150,-72.58221644030236
3008151,207.37005221801266
3008152,-58.13210876456723
3008153,-379.1863443221235
3008154,-129.80859979200503
3008155,86.97901294314688
3008156,9.304734729351555
3008157,15.143295227790265
3008158,-38.346028956127874
3008159,-131.87700969732649
3008160,1383.2025106652154
3008161,-40.67539941869669
3008162,-91.69632957511844
3008163,-87.46481537844288
3008164,-41.460794684574275
3008165,-48.6590673608894
3008166,80.32201016264976
3008167,-41.14572215289221
3008168,-45.182622702758444
3008169,-34.8955447421752
3008170,-1.278411694933577
3008171,-14.195768977225082
3008172,0.6314559710910612
3008173,129.3106611976079
3008174,32.44391810607632
3008175,46.68152770064736
3008176,68.12876719234255
3008177,96.68140698514999
3008178,62.27175659563655
3008179,65.18954424808017
3008180,42.36979703668222
3008181,-158.46706057857844
3008182,-181.8788126634743
3008183,-205.29056474837378
3008184,-127.19915128609755
3008185,-45.56687825670159
3008186,-440.5657567818533
3008187,-149.38194781154814
3008188,10.90391400538029
3008189,-92.1153990901228
3008190,9.251460476725885
3008191,-35.88442342355555
3008192,-108.14749073903276
3008193,1157.541801228969
3008194,-80.08548712286226
3008195,-100.09852346474808
3008196,-94.25500723461145
3008197,-82.55133978512872
3008198,-62.44611355838496
3008199,48.41233002967575
3008200,-75.94660574099775
3008201,-59.29420199687255
3008202,-43.25886008452816
3008203,-9.989587047350863
3008204,-26.46240685342745
3008205,-12.113889367937457
3008206,97.84465108626974
3008207,16.995100878267028
3008208,31.54959600137018
3008209,53.33553388400397
3008210,87.86638231966772
3008211,41.84905610459028
3008212,21.0111286186786
3008213,29.95425436986189
3008214,-64.96343353946467
3008215,-138.27204527493703
3008216,-161.8367028423843
3008217,-34.639441698715736
3008218,-40.53166722760651
3008219,-534.6786756128265
3008220,-137.49374336862346
3008221,-65.63854134109606
3008222,-113.87391187826124
3008223,-11.300430559311092
3008224,-79.18340663442932
3008225,-169.84622540521335
3008226,1707.0822092060205
3008227,-37.0683677138965
3008228,-79.29653545813362
3008229,-59.419556696522285
3008230,12.1526915640347
3008231,-19.665599173297363
3008232,122.09528403603368
3008233,-12.292086119403205
3008234,-27.32113996334719
3008235,-38.71721055613833
3008236,-28.50743125097851
3008237,-18.29765194582141
3008238,-8.05547167470176
3008239,121.16988130632417
3008240,21.37619478827556
3008241,41.15110058840465
3008242,79.4277165762821
3008243,117.80583657567168
3008244,79.4147619448906
3008245,2.1147438288723674
3008246,68.76307032311452
3008247,-107.07375288511211
3008248,-99.49859140154767
3008249,-32.69022954783831
3008250,191.24187451960026
3008251,18.194151761622567
3008252,-478.40185687793274
3008253,-48.74886701246286
3008254,196.81299656038593
3008255,-85.11202532711722
3008256,0.9917485934422143
3008257,-59.035606344320776
3008258,212.20005517393778
3008259,1121.9806387427327
3008260,-9.07053303259583
3008261,-82.70672686280516
3008262,-76.7803601126332
3008263,-32.06017695033464
3008264,-40.67730064927108
3008265,127.95602912048794
3008266,-38.09099366811578
3008267,-54.13937793068866
3008268,-70.18776219326337
3008269,-22.377812837455433
3008270,-58.13678949893009
3008271,-32.612146942685094
3008272,133.33660577257544
3008273,11.573514830654592
3008274,45.88806488953852
3008275,82.30941315617402
3008276,92.08622527594544
3008277,41.31046391105084
3008278,37.12860603531609
3008279,29.420534964191763
3008280,-103.56741580874841
3008281,-85.27564436044013
3008282,-18.628744923403058
3008283,205.6749935511991
3008284,-6.738403605841807
3008285,-571.1593480577055
3008286,-61.129193317400485
3008287,148.65291413720317
3008288,-57.889188270991134
3008289,-58.011424665456424
3008290,-84.86034192208426
3008291,21.743344707699823
3008292,1534.3130044860889
3008293,32.43762111186853
3008294,-80.59565041633088
3008295,-34.880650428799335
3008296,-40.769824577669205
3008297,-20.88425826981874
3008298,150.80011433679212
3008299,-10.29435016452707
3008300,-25.450912904678983
3008301,18.42201175884266
3008302,3.146985841585963
3008303,-45.50800302040606
3008304,-23.747806331527766
3008305,144.13157189550904
3008306,24.124323217179796
3008307,52.9405036463506
3008308,88.1026449380981
3008309,125.7832001796216
3008310,75.09926013415698
3008311,268.81137588220935
3008312,64.48712070874099
3008313,-109.48410307901467
3008314,-100.51504113566152
3008315,13.076075013913584
3008316,-53.89057004717578
3008317,-21.648879186905827
3008318,-662.5804619185881
3008319,-76.43360487900354
3008320,96.46703544753036
3008321,-54.63525582822857
3008322,-123.35102857423935
3008323,-99.98480044590706
3008324,-84.36992461526829
3008325,1775.3672637962895
3008326,22.91423559423784
3008327,-89.44951750082525
3008328,-69.47548489910814
3008329,-23.7417760871413
3008330,-29.527419695674592
3008331,146.2653245720489
3008332,-13.617198224851602
3008333,-28.670362879058114
3008334,-25.93546937538194
3008335,50.584032500678596
3008336,-35.29975940082776
3008337,-24.99143739532091
3008338,125.25907850113681
3008339,10.772190809970386
3008340,46.605889545105775
3008341,80.18255992131272
3008342,118.50313700004536
3008343,62.70847031481954
3008344,194.18145755751286
3008345,47.68184572131323
3008346,-131.61320574205345
3008347,-117.93270311114138
3008348,-104.25220048020746
3008349,895.0765853287769
3008350,-57.5925021426472
3008351,-428.983402095925
3008352,-86.71532861097948
3008353,211.38286624497525
3008354,2.3912970734574697
3008355,21.97917017671917
3008356,-10.73980059726254
3008357,-116.93646598879722
3008358,1682.1060082276658
3008359,11.682315530762896
3008360,-78.40770855090265
3008361,-74.08731486226434
3008362,-67.7617802443438
3008363,-48.069195190989184
3008364,72.95719555043725
3008365,-42.809374301321704
3008366,-37.639199064594585
3008367,-27.35104717923404
3008368,8.42933333559559
3008369,-6.595843805925863
3008370,6.1806050912234305
3008371,154.4818599743996
3008372,38.72060076849649
3008373,56.73890590447373
3008374,79.20971286752156
3008375,104.17182029657233
3008376,57.439741394994336
3008377,88.84765390635148
3008378,23.010551462002883
3008412,-112.59523832103768
3008413,-132.15534773289508
3008414,-59.35444338045162
3008415,-104.15693707512291
3008416,-5.8484755176294065
3008417,-642.1054177705271
3008418,-84.21608333824297
3008419,34.941165556913994
3008420,-25.674708346157598
3008421,-93.09276382187618
3008422,-54.73670095455626
3008423,-92.33039860495255
3008424,1692.9062934596238
3008425,-12.299030203448677
3008426,-101.52656207752266
3008427,-81.64099576967219
3008428,-10.205948548383088
3008429,-41.25041695898407
3008430,113.94698764111327
3008431,-45.8434518524712
3008432,-61.921485522395905
3008433,-54.50328120457224
3008434,19.719603108676626
3008435,-44.7453484242067
3008436,-36.50697221973977
3008437,107.50577417588893
3008438,3.3951511819252187
3008439,39.87336506718312
3008440,73.94457152677951
3008441,88.58836089606639
3008442,34.33359370872059
3008443,273.00607061022055
3008444,24.08362449820807
3008445,-110.72344522747771
3008446,-110.03891566858401
3008447,-37.93903172233585
3008448,-25.614007775303246
3008449,4.65854644180509
3008450,-532.4436862012797
3008451,-55.50817236966831
3008452,109.12648425678181
3008453,-42.030653893470834
3008454,-87.64734958020362
3008455,-61.700794505906096
3008456,29.72503397602914
3008457,1654.763341412736
3008458,26.44220485049455
3008459,-98.96321194252157
3008460,-55.35149603755443
3008461,-9.517544430384799
3008462,-43.351990424987015
3008463,131.60389383000185
3008464,-41.53448040294942
3008465,-57.58286466552389
3008466,-73.63124892809701
3008467,31.966065887846714
3008468,-56.469510534205064
3008469,-40.03692935802227
3008470,126.62842300067923
3008471,8.340907210316079
3008472,46.464971282704674
3008473,79.12167986089499
3008474,86.8171539306356
3008475,36.07629034467546
3008476,33.10810610743848
3008477,26.672735661284793
3008478,-108.60942034455256
3008479,-102.6416484473837
3008480,-126.42588541477635
3008481,128.17710785805977
3008482,-4.552016703901966
3008483,-328.29382592489566
3008484,-73.92934089513692
3008485,192.96234079965527
3008486,-87.33824040256222
3008487,3.144774750898439
3008488,-72.1725210417715
3008489,-100.96558062996546
3008490,1573.6960080335903
3008491,-71.77754845030942
3008492,-89.91771822949845
3008493,-44.257411464928545
3008494,-24.37184515707808
3008495,-30.261019305947496
3008496,125.7470802481234
3008497,-29.19570291764357
3008498,-45.114425586644565
3008499,-61.69017758458066
3008500,-29.453331677439376
3008501,-52.465482272431736
3008502,-30.42280028940949
3008503,131.90775338174555
3008504,15.82039091091129
3008505,49.653429395310205
3008506,86.0747776619457
3008507,111.55559192174333
3008508,60.64882146371402
3008509,233.70145300786382
3008510,52.10246998040676
3008511,-97.15090662263792
3008512,-102.18813353153273
3008513,-33.051171964488084
3008514,368.184814818019
3008515,5.372414127759118
3008516,-82.12149236214536
3008517,-110.83722938752616
3008518,-35.936336207615376
3008519,-128.43172134260365
3008520,-58.080759997435315
3008521,-145.36109270966406
3008522,226.46912967995254
3008523,1189.3158463884013
3008524,-59.34825656122374
3008525,-51.75323523524313
3008526,-6.78936034810776
3008527,64.52037594819394
3008528,4.48307940799619
3008529,114.11520050657982
3008530,-12.499058710804132
3008531,-29.809822484884346
3008532,-17.666212127824377
3008533,41.376143891638286
3008534,-69.8512781758407
3008535,-52.919234756456525
3008536,115.91456484638839
3008537,5.192466532179157
3008538,37.061806106738196
3008539,73.44112340700413
3008540,109.82044070727052
3008541,238.5024829092483
3008542,122.47008635867151
3008543,115.59816095982315
3008544,-125.74518069202058
3008545,-141.1413225952954
3008546,-166.1084501181929
3008547,210.4954032759317
3008548,-13.132048128513627
3008549,-95.69395042672367
3008550,-127.83317265307305
3008551,25.788681062947223
3008552,-70.9541194597221
3008553,-138.02641827346886
3008554,-92.18156871804904
3008555,-169.91394516507992
3008556,1016.1371407973792
3008557,-76.98381876563182
3008558,-83.19349390020948
3008559,-19.594807013774737
3008560,53.53100597817362
3008561,-33.077948335457485
3008562,90.96027311578764
3008563,-51.094138958993916
3008564,-68.70122881576644
3008565,-70.33744497667139
3008566,17.030909519724634
3008567,-53.12894632899569
3008568,-45.95107399306088
3008569,105.8005875783435
3008570,1.530191506021954
3008571,39.76356127527034
3008572,77.99693104451735
3008573,101.94742698048749
3008574,481.1453090416382
3008575,43.62269515856152
3008576,38.684026880521024
3008577,-107.85063834045904
3008578,-90.36385085355032
3008579,-21.393663410307266
3008580,435.99456479356485
3008581,-26.224443253214115
3008582,-61.8684252160463
3008583,-23.725605422944493
3008584,86.13479262947403
3008585,-64.41670819990468
3008586,-21.3099522540554
3008587,-87.79555391246349
3008588,334.5773132355893
3008589,1232.1821263706454
3008590,-70.84546790366055
3008591,-66.94594161519505
3008592,-67.21740002230335
3008593,-59.91396371609452
3008594,-44.274375454678
3008595,46.049047964933116
3008596,-56.663898846109795
3008597,-68.12817797556754
3008598,-71.77116064187958
3008599,39.302122227737264
3008600,-70.75950148276688
3008601,-46.37858632001761
3008602,127.25763766068958
3008603,8.234298813884113
3008604,35.65567555834533
3008605,70.9984927180496
3008606,104.20831430404924
3008607,137.50329379520483
3008608,70.37609428232481
3008609,63.7295420819266
3008610,-110.46818129571584
3008611,-97.44719715417777
3008612,-120.67326381074126
3008613,394.8227521435139
3008614,-27.58186023676971
3008615,-110.18221581269135
3008616,-108.54910264239224
3008617,-2.2835840896921513
3008618,-116.96538095268697
3008619,-18.209622947184283
3008620,-103.79817211070421
3008621,-182.90471376059057
3008622,1381.1726727351518
3008623,-84.43998589311438
3008624,-78.57940639047642
3008625,-58.82210601432033
3008626,-39.0648056381638
3008627,-19.30750526200681
3008628,81.05196055932034
3008629,-19.00062083575612
3008630,-34.60195642327225
3008631,-54.38511210315645
3008632,24.735252467919697
3008633,-42.19892410924539
3008634,-23.8036554107055
3008635,133.71450684747398
3008636,23.19809489316886
3008637,51.969328669435264
3008638,88.34864596970301
3008639,124.72796326996986
3008640,324.9814426452269
3008641,90.54027137386784
3008642,86.9677615368948
3008643,-127.63684821500173
3008644,-149.02266551206665
3008645,19.380628627682388
3008646,119.35391032527805
3008647,-16.22021347822628
3008648,-98.83475402037111
3008649,-143.90402972847622
3008650,-21.67192735938151
3008651,-124.72226915750416
3008652,-110.73764266668222
3008653,-99.57372537171186
3008654,-177.25658866669053
3008655,1027.6888730170324
3008656,-70.5880448368628
3008657,-76.16446146633432
3008658,-68.30017734719063
3008659,4.45829430703289
3008660,-28.78475019868851
3008661,89.4163951086418
3008662,-47.41089525540546
3008663,-69.9406369244055
3008664,-71.52110497290441
3008665,55.92252608735563
3008666,-53.301529231486974
3008667,-45.440683070740114
3008668,106.04515185358578
3008669,2.064404140510949
3008670,40.25574294339068
3008671,78.45535372229524
3008672,108.51103276269187
3008673,324.23883966360216
3008674,50.72246686583795
3008675,47.699693492488414
3008676,-103.70074545817151
3008677,-87.83436555020562
3008678,-84.29617636852235
3008679,351.262608821876
3008680,-19.043101984560774
3008681,-491.43408371260995
3008682,-86.60577932850065
3008683,148.21306856587145
3008684,-65.40835444055647
3008685,-153.15400723152996
3008686,-101.61439609447807
3008687,-44.668209658002105
3008688,1655.990344322053
3008689,-7.917626538576126
3008690,-68.96310938606011
3008691,-22.111170339804442
3008692,-2.7263425146864324
3008693,-11.5766371256971
3008694,109.89709170877059
3008695,-18.422541757733637
3008696,-37.1778093766059
3008697,-56.06676048017952
3008698,16.50719386944839
3008699,-52.992443626626745
3008700,-29.957817455881735
3008701,134.68640191102733
3008702,22.70041622721165
3008703,50.636537611428786
3008704,80.44079760974655
3008705,116.82011491001204
3008706,130.177973998929
3008707,124.9372749813203
3008708,117.74098631729676
3008709,-103.95921646188326
3008710,-87.26653607333974
3008711,-81.7725095529593
3008712,379.95708220596606
3008713,-19.071561410587304
3008714,-476.76320205365374
3008715,-84.74865676395238
3008716,163.22481662192806
3008717,-81.8943785840127
3008718,-152.69484181728583
3008719,-102.44841868700841
3008720,-10.518919993159823
3008721,1632.5998794516772
3008722,17.764463512869913
3008723,-69.32763739337001
3008724,3.236770725103004
3008725,-4.037093809140099
3008726,-12.90364389981168
3008727,107.34459489898855
3008728,-20.839078876239267
3008729,-39.59434649511221
3008730,-56.96724896001596
3008731,16.92959537071302
3008732,-54.2484446274323
3008733,-31.213818456686834
3008734,132.58000252427811
3008735,22.255170764858764
3008736,50.32049405151721
3008737,79.80287160937424
3008738,116.18218890964154
3008739,154.36164518628786
3008740,127.18322273771737
3008741,119.98693407369338
3008775,-128.98667631391325
3008776,-148.87672299574731
3008777,-172.3758793326913
3008778,44.379775678665474
3008779,-24.952464282335125
3008780,-507.05217154854
3008781,-124.69240065490958
3008782,138.63340685001933
3008783,-92.67031056642627
3008784,35.92512945801192
3008785,-57.468062993666344
3008786,-153.09607916688222
3008787,1214.2301062297947
3008788,-10.76306286203241
3008789,-84.60534133002061
3008790,-53.85102363002128
3008791,-61.96795996278551
3008792,-41.8864570995086
3008793,81.35967933842353
3008794,-57.458771622611074
3008795,-74.64600210812414
3008796,-64.46047645622757
3008797,-31.6407882883157
3008798,-45.19010828761092
3008799,-38.01223595167611
3008800,72.50230832261941
3008801,-0.27160144222288407
3008802,34.94279835787457
3008803,73.13413716075566
3008804,104.39630184319113
3008805,52.03635616204175
3008806,46.555854305103104
3008807,41.07535244816446
3008808,-142.05639479667914
3008809,-165.9925596266901
3008810,-93.3857329690316
3008811,-311.3790583719372
3008812,-37.44209607833617
3008813,-645.171415738613
3008814,-147.98342597591434
3008815,-56.964260786550575
3008816,-106.22684196257232
3008817,-111.65320080703968
3008818,-79.48550252613431
3008819,-170.61482933989808
3008820,1730.0472441586255
3008821,48.33158970221617
3008822,-77.15685742302485
3008823,-39.22279161565624
3008824,-19.248759013939473
3008825,-25.52264655064077
3008826,100.73306485314056
3008827,-31.192768412333447
3008828,-53.58402181530236
3008829,-53.30655930023867
3008830,-23.494053646196146
3008831,-32.72871182455109
3008832,-22.452307635844857
3008833,109.7467881480181
3008834,12.987365203497308
3008835,49.554941068359504
3008836,76.90964412971762
3008837,115.10098293259735
3008838,78.84287781729718
3008839,74.49911127837022
3008840,68.2991466321625
3008841,-128.0108293423098
3008842,-143.48805202422116
3008843,-166.98720836117243
3008844,115.07524840697734
3008845,-24.96495503407895
3008846,-420.6598076893486
3008847,-119.52817413565644
3008848,176.96163115665988
3008849,16.002477080767864
3008850,-7.604309416586869
3008851,-58.03009996579684
3008852,-154.4536965020748
3008853,1255.6932821786181
3008854,-11.461297091729573
3008855,-85.46306288438909
3008856,-54.67623422506748
3008857,-62.696521240393885
3008858,-43.17320499387532
3008859,20.487432645238375
3008860,-57.303531298899124
3008861,-76.27894895857507
3008862,-66.9363668293834
3008863,-34.003944190539904
3008864,-47.290030896571615
3008865,-40.11215856063681
3008866,98.04802724075371
3008867,1.0136295109698108
3008868,36.280543368907466
3008869,74.471882171789
3008870,106.53161713853406
3008871,52.34809158461413
3008872,48.26455365962621
3008873,42.784051802685745
3008874,-117.62451057207981
3008875,-100.51180343772903
3008876,-120.26701265773481
3008877,186.97317196128571
3008878,-6.000923256883464
3008879,-473.0619125198926
3008880,-63.5658068294313
3008881,192.71000236373604
3008882,-89.1859287702553
3008883,8.316829399215937
3008884,-63.080110156558284
3008885,-131.91251116238575
3008886,1656.1386102126462
3008887,-65.03255501217886
3008888,-100.34274182069707
3008889,-86.57217191080376
3008890,-67.30084770041417
3008891,-49.64766419966217
3008892,109.04848991920012
3008893,-52.724513342305535
3008894,-69.10454570601114
3008895,-85.6792237791722
3008896,-38.79808485835455
3008897,-53.60299290319998
3008898,-31.238578967573442
3008899,134.80598844501603
3008900,13.142298952013068
3008901,43.93708513395878
3008902,80.32039246588347
3008903,109.77483067686326
3008904,57.69105478890716
3008905,55.83377560624805
3008906,49.13263426973682
3008907,-131.3215991926252
3008908,-155.104858540092
3008909,-178.88811788756246
3008910,-126.55298795847447
3008911,-38.072824707704775
3008912,-634.3960049217646
3008913,-120.16871399193478
3008914,-24.67334363399713
3008915,-71.97545624309878
3008916,27.74570728375075
3008917,-48.714396165466304
3008918,-153.5754689208882
3008919,1815.1738516528396
3008920,-13.460607097421796
3008921,-84.9045280922616
3008922,-80.77233855746549
3008923,-42.13275724122608
3008924,-47.61394840015536
3008925,74.93824451253245
3008926,-60.06456113823314
3008927,-65.15575775379948
3008928,-54.9702321019029
3008929,-22.67399896297483
3008930,-34.59918079810749
3008931,-21.660842527766174
3008932,101.12257575830627
3008933,6.718400236770055
3008934,30.442458327257743
3008935,68.41629828274718
3008936,106.60763708562736
3008937,59.142527065687055
3008938,53.112288745127636
3008939,47.08205042456412
3008940,-121.39957403816042
3008941,-108.60652154477684
3008942,-132.10567788172446
3008943,229.5862100058632
3008944,-19.767392857539374
3008945,-129.4960491042191
3008946,-78.52453097069956
3008947,236.65836358956332
3008948,-3.276615223082256
3008949,-14.959707811683796
3008950,-54.04614540416086
3008951,-147.20424188192672
3008952,1425.9238062127367
3008953,7.131042851524814
3008954,-101.30197105544055
3008955,-65.68694093820663
3008956,-73.25652197958838
3008957,-55.603338478833656
3008958,84.15290018554397
3008959,-63.108841444875715
3008960,-79.68351951803542
3008961,-76.72615935147205
3008962,14.70035813527939
3008963,-55.65019157916985
3008964,-41.133493041749524
3008965,115.32038170930419
3008966,3.838128487182264
3008967,40.7856994965825
3008968,79.01906926583042
3008969,102.19580403689561
3008970,50.060928059256376
3008971,45.06920457640009
3008972,42.04643120304919
3008973,-108.02530417362395
3008974,-87.39830070986027
3008975,-70.0264721720403
3008976,468.96733089123626
3008977,-49.04071668565192
3008978,-366.5172901674967
3008979,-56.703528608188925
3008980,262.74649377933673
3008981,-78.56264432052357
3008982,-97.18301282342308
3008983,-107.80014391399963
3008984,387.9394087844957
3008985,1690.4506345953707
3008986,-15.072407588906383
3008987,-83.01464309876023
3008988,-64.5081384462408
3008989,-18.65408548480927
3008990,-27.49512914119877
3008991,84.4708260729628
3008992,-43.025104275587445
3008993,-53.4056663989143
3008994,-57.02784586727902
3008995,46.97033198799337
3008996,-62.72446197458502
3008997,-39.689835803838186
3008998,112.14725892847828
3008999,20.913828023921912
3009000,49.45096757870143
3009001,77.46869504073557
3009002,109.44078271815324
3009003,143.32141361184242
3009004,129.81843749815036
3009005,118.66348730646378
3009006,-129.4188524750887
3009007,-116.19820993396097
3009008,6.73381820223695
3009009,424.6622935951156
3009010,-38.86440859037865
3009011,-110.07575502974832
3009012,-120.6886200901361
3009013,106.28369708987448
3009014,-68.15838900456292
3009015,-83.36406821179916
3009016,-77.9087141803373
3009017,-165.00927585026014
3009018,1191.8212750094117
3009019,-63.46447181251566
3009020,-59.26375650933338
3009021,-55.06304120615008
3009022,-22.32677535737029
3009023,-42.69630078760682
3009024,60.443910458035326
3009025,-69.13313070639497
3009026,-67.71071603001364
3009027,-57.447891722689555
3009028,64.62896894226897
3009029,-39.40682780694514
3009030,-32.147470802608304
3009031,96.4468638520204
3009032,3.6103533837224018
3009033,38.319821932040405
3009034,76.64173530828539
3009035,114.9524013653906
3009036,456.569305025079
3009037,57.88450649658599
3009038,51.704934288382184
3009039,-114.44473905412706
3009040,-95.62959318653047
3009041,-27.499081719618328
3009042,436.60786720997675
3009043,-12.865427982501199
3009044,-94.59985296239647
3009045,-63.331983391572784
3009046,103.58980668261775
3009047,-79.17478283919426
3009048,-41.12721204198787
3009049,-100.66899186687742
3009050,-1.3415784144569147
3009051,1534.615797058296
3009052,-76.2292518187168
3009053,-84.34374986487028
3009054,-46.1293874217229
3009055,-1.7629143067836526
3009056,-36.71522428393431
3009057,113.83402170506697
3009058,-50.74832026989046
3009059,-69.50251396398725
3009060,-78.4828810197444
3009061,59.371768088550844
3009062,-59.79272720529324
3009063,-37.55723871053332
3009064,129.33994267109958
3009065,12.602689184471917
3009066,40.22320746812121
3009067,73.38894255580472
3009068,109.7722498877276
3009069,491.46929882071134
3009070,96.84538771002345
3009071,90.14424637351222
3009072,-144.23847728352374
3009073,-130.6546899416451
3009074,-71.547683569336
3009075,1077.829563839888
3009076,-41.26992729968223
3009077,-467.17116724692715
3009078,-73.53016022804404
3009079,476.4289919020186
3009080,201.77028963659106
3009081,25.467800914272818
3009082,-8.847851520061152
3009083,-143.066531518017
3009084,1857.3240098675126
3009085,119.82959722822211
3009086,-52.21375810528176
3009087,-13.924376192458833
3009088,-7.915280353829569
3009089,-29.89326980612854
3009090,44.519343938831035
3009091,-42.186656870087326
3009092,-31.92383256276325
3009093,5.440174753995695
3009094,89.96970436633019
3009095,1.2000104367063682
3009096,15.418052525530772
3009097,137.99398543208346
3009098,45.00304893833819
3009099,67.44444289381518
3009100,94.78557963733392
3009101,95.50721530256642
3009102,41.33051353652373
3009103,584.7360487067983
3009104,29.09186880889975
3009138,-124.86780719290509
3009139,-111.82197320178129
3009140,-45.24687729112956
3009141,160.9753578501379
3009142,-29.082073457548898
3009143,-472.7556362573985
3009144,-81.87100830626768
3009145,237.12889037568786
3009146,-69.9925209990477
3009147,-9.012827097834627
3009148,-51.962995013414265
3009149,-147.94266157596783
3009150,1618.3271059786525
3009151,-14.802346990802373
3009152,-93.7958392263893
3009153,-89.6636496915933
3009154,-77.72050004771795
3009155,-60.0673165469639
3009156,83.36997211796843
3009157,-69.30181952308548
3009158,-85.8764975962461
3009159,-72.84942302411791
3009160,-62.66389737222088
3009161,-53.336136439015526
3009162,-42.9093701990162
3009163,113.77490991965915
3009164,3.2884381014793758
3009165,38.28953523797073
3009166,79.42567292630083
3009167,108.51416367924112
3009168,54.79414585043579
3009169,50.56767632687362
3009170,45.08717446993452
3009171,-119.35049952238732
3009172,-100.44767942133949
3009173,16.276095154721776
3009174,429.63466808928496
3009175,-22.410596985505247
3009176,-103.39565975869736
3009177,-70.7647613488105
3009178,151.70159381574487
3009179,-72.47172925328032
3009180,-90.41881571699359
3009181,-88.82642278104713
3009182,-167.85196526492908
3009183,1526.4693376195482
3009184,-81.57587724963973
3009185,-94.62119989726197
3009186,-57.857176324729416
3009187,-65.74600851095038
3009188,-47.76310331880476
3009189,101.93383566907706
3009190,-53.49739128925629
3009191,-69.09765295199558
3009192,-84.69791461473487
3009193,-42.392070305408005
3009194,-45.83694238437037
3009195,-25.659124681632232
3009196,136.42743132401412
3009197,16.477819989596544
3009198,45.04838462615154
3009199,78.15032810691237
3009200,114.49160447246523
3009201,537.8302091113408
3009202,86.31674412426146
3009203,79.61560278774887
3009204,-125.76595156162402
3009205,-112.07974620778513
3009206,4.762009600771496
3009207,583.407710615985
3009208,-36.454250358518756
3009209,-106.80992084073004
3009210,-90.29113313548696
3009211,137.7876124510851
3009212,-52.4693103287589
3009213,-102.56500242730071
3009214,-72.54638735291637
3009215,-159.01646275723195
3009216,1300.6855138378016
3009217,-64.19445175283333
3009218,-60.00096284915882
3009219,-55.800247545975516
3009220,2.516465935704407
3009221,-43.33715584903806
3009222,59.04195836055188
3009223,-66.11946962656366
3009224,-72.31320330908538
3009225,-33.390663376337024
3009226,64.7357829452637
3009227,-43.06939567552744
3009228,-35.81422468416648
3009229,109.08437488540149
3009230,7.40701716626582
3009231,44.11273648209018
3009232,82.43545841470241
3009233,119.09204383525248
3009234,472.9440510555898
3009235,59.896795911322634
3009236,53.71722370311837
3009237,-111.90473505361915
3009238,-91.00797745072377
3009239,-21.162206886811685
3009240,521.5669269130315
3009241,-63.85300559317401
3009242,-309.0080139559221
3009243,-65.22278387203077
3009244,282.0743196844525
3009245,-102.72386020323829
3009246,-126.84108169960273
3009247,-108.50385946060787
3009248,189.98291494466966
3009249,1641.1607035915922
3009250,-34.95964079091667
3009251,-83.7298906720735
3009252,-37.523739257759
3009253,-18.820442905156863
3009254,-28.004799409350465
3009255,65.22943906261362
3009256,-47.69189780370997
3009257,-55.014264822689064
3009258,-59.47410371241657
3009259,-6.0887885351969935
3009260,-66.62721890124458
3009261,-43.41189598912596
3009262,102.21006150065996
3009263,20.282095144319744
3009264,50.13541120681676
3009265,78.4612166550789
3009266,110.4720813486294
3009267,142.15202897830315
3009268,131.56409258341066
3009269,120.59986436684012
3009270,-129.89021812202807
3009271,-119.10852080458316
3009272,-39.289071585625415
3009273,336.9948055528741
3009274,-13.263825255472323
3009275,-100.80626991690842
3009276,-49.51431275863687
3009277,135.51869313079007
3009278,-8.686366882495161
3009279,-77.76169129113514
3009280,-70.57976404437504
3009281,-107.99836324482753
3009282,1745.510520707227
3009283,-102.56115072427421
3009284,-114.81527296936069
3009285,-52.43342794863228
3009286,-6.878900679856809
3009287,-67.26824181328475
3009288,96.94155693114335
3009289,89.72796788707474
3009290,-80.0843821170477
3009291,34.81123207515085
3009292,44.32876980830152
3009293,-66.50266223265798
3009294,-42.55273560295226
3009295,127.14737248345973
3009296,4.453085719432881
3009297,45.67116611385082
3009298,79.88658483419813
3009299,97.45310147796972
3009300,290.57739171224847
3009301,269.52848022755296
3009302,37.51126491706574
3009303,-129.88975004891725
3009304,-109.85287216332544
3009305,-15.414798253680413
3009306,319.586745963875
3009307,-55.921684687743245
3009308,-107.29970453110109
3009309,-50.52780509673429
3009310,95.75198206819933
3009311,-42.57041165607533
3009312,-114.80789046487625
3009313,-107.57384173219343
3009314,-104.06384594845603
3009315,1821.116023605958
3009316,-121.33477327733344
3009317,-120.56349815183835
3009318,-48.717981551634956
3009319,-1.905082106383627
3009320,-61.192222255305786
3009321,113.08546456603126
3009322,105.87187552196447
3009323,-64.21669767803387
3009324,51.698336442958144
3009325,58.019323416651524
3009326,-63.619710134875085
3009327,-38.29892653842834
3009328,138.49873226192923
3009329,8.300559815254207
3009330,39.1951077269866
3009331,75.645819748144
3009332,112.09653176930142
3009333,302.5154905252895
3009334,262.9561892721442
3009335,57.89924978667951
3009336,-130.67178462134214
3009337,-110.6772798284208
3009338,-19.038876316054296
3009339,314.8258872516446
3009340,-83.19301048540437
3009341,-109.82414451314143
3009342,-54.162871964256546
3009343,145.7007298916853
3009344,-63.67279901053079
3009345,-132.0889350039677
3009346,-127.30552367455611
3009347,67.46805061688788
3009348,1866.2750062248597
3009349,-129.2092316678475
3009350,-119.07051957782214
3009351,-73.33681076585417
3009352,-0.3441697963819865
3009353,-59.14842177267045
3009354,124.38614284799787
3009355,110.51108574014161
3009356,-57.52699640757809
3009357,-12.149324549691567
3009358,39.384012785064634
3009359,-62.18000872636984
3009360,-39.97365746918175
3009361,135.53650964837263
3009362,5.082577508899437
3009363,63.038130333624586
3009364,73.06224578346719
3009365,109.51295780462415
3009366,286.9233823548704
3009367,247.15903565069922
3009368,70.50272882602185
3009369,-131.32275120323428
3009370,-111.32824641029838
3009371,-20.302377409165995
3009372,320.12478462023427
3009373,-87.92884652670982
3009374,-109.28650802652628
3009375,-53.801918383682995
3009376,84.2923750042075
3009377,-59.28322745841414
3009378,-133.32688177021262
3009379,-129.28122043026704
3009380,105.83156555069816
3009381,1873.9248149503815
3009382,-128.74879429552507
3009383,-119.68366364142348
3009384,-47.75477920536972
3009385,-0.9423260692706594
3009386,-59.76156583627316
3009387,118.45644116392232
3009388,110.17690475295258
3009389,-57.930128273075105
3009390,11.402162841921115
3009391,55.98954236335995
3009392,-63.74494470681092
3009393,-41.31637071443837
3009394,135.15437477976067
3009395,4.341877840203967
3009396,36.2305794043693
3009397,72.07389126696462
3009398,108.52460328812067
3009399,233.66546995466817
3009400,248.7058326604367
3009401,72.31220882910084
3009402,-131.97371778510458
3009403,-111.9792129921796
3009404,-21.56587850227042
3009405,482.1603883674608
3009406,-92.66468256801708
3009407,-108.74887153991294
3009408,-53.440964803109445
3009409,108.5184401496992
3009410,-65.55199757218888
3009411,-105.59479622548388
3009412,-131.2569171859798
3009413,144.1950804844931
3009414,1891.6008512313083
3009415,-128.28835692320322
3009416,-120.29680770502641
3009417,-21.480447626918515
3009418,-28.412970193497625
3009419,-60.37470989987563
3009420,118.71927703930596
3009421,113.2771314351664
3009422,-58.340008653350004
3009423,-36.64341335015687
3009424,-30.710363670903728
3009425,-65.30988068725382
3009426,-42.6549131432137
3009427,133.97460788472173
3009428,3.601178171508043
3009429,60.99356374738837
3009430,71.08553675046024
3009431,107.53624877161765
3009432,294.4028969806429
3009433,250.25262967017144
3009434,74.1216888321821
3009435,-132.4512432837644
3009436,-112.45673849085397
3009437,-38.997451346206425
3009438,254.6425940403071
3009439,-74.86502885296686
3009440,-119.10530745690157
3009441,-49.083990774447365
3009442,123.49214843246246
3009443,-56.987150445281976
3009444,-119.75967752985234
3009445,-113.61834464665326
3009446,28.983708571204904
3009447,1866.6007519849554
3009448,-119.76287740290165
3009449,-123.01544070804225
3009450,-77.28128558692406
3009451,-31.16923868631174
3009452,-63.884246311426786
3009453,117.23390895553094
3009454,100.73143274188688
3009455,-66.05212238400672
3009456,27.953546993704283
3009457,14.2346587020963
3009458,-63.80607401844262
3009459,-41.64139224739282
3009460,136.0636914383483
3009461,4.813070126651571
3009462,35.24168966097405
3009463,71.69240168213192
3009464,108.14311370328933
3009465,317.4745197768345
3009466,269.1433773110968
3009467,65.1371697989991
3009501,-131.9659030633691
3009502,-135.90616922840016
3009503,-11.727911121123537
3009504,274.3604785005711
3009505,-32.131220446765646
3009506,-131.49686554850703
3009507,-97.34267088556298
3009508,-49.013943189874944
3009509,-121.03909825896316
3009510,-149.21190554399325
3009511,-166.72042248033657
3009512,-228.31716339013158
3009513,1711.0773792738953
3009514,-100.25778848140662
3009515,-90.26942127709803
3009516,-44.53571246513096
3009517,1.4132295584685903
3009518,-30.34732347194726
3009519,128.13496643989285
3009520,75.90727315973773
3009521,-45.5852263640575
3009522,-70.07130507589345
3009523,27.095109694550235
3009524,-83.84568262645534
3009525,-60.432600588591676
3009526,110.42162987794309
3009527,-14.525862378020332
3009528,21.556090271197906
3009529,63.469153346923314
3009530,102.84198214929366
3009531,146.02882502631857
3009532,132.28637575013292
3009533,109.05106556360052
3009534,-139.58313742681892
3009535,-119.56389850585292
3009536,-53.51427802590732
3009537,1975.8498484975219
3009538,-68.43816850127477
3009539,37.3122017424059
3009540,-39.11484835586524
3009541,541.0023362126242
3009542,358.9480259252197
3009543,91.85198269696248
3009544,-16.610404925823598
3009545,-127.42502969969864
3009546,1796.2518356223984
3009547,-97.15623192073717
3009548,-86.70700497568605
3009549,-78.368608892464
3009550,-6.316439754801461
3009551,-42.44117645764894
3009552,63.631342859243624
3009553,-26.160881919840715
3009554,-43.07902120701582
3009555,-45.976226327407666
3009556,73.64949506870308
3009557,-23.94534954279042
3009558,-13.450076938914929
3009559,151.59488233737667
3009560,29.450186961929564
3009561,79.91917453021479
3009562,103.41300294399635
3009563,108.9584054424242
3009564,1025.7478495861144
3009565,42.50777859413639
3009566,27.717617166827228
3009567,-136.29461896162937
3009568,-116.29892454567634
3009569,-42.81279624326525
3009570,343.3424592934527
3009571,-54.751418537173585
3009572,-121.9792227937658
3009573,-60.644007861020135
3009574,91.07431321264012
3009575,-53.79370039535096
3009576,-90.15358503118186
3009577,-111.49353361260482
3009578,-187.66977718292267
3009579,1816.5367367319097
3009580,-116.21832598770042
3009581,-122.90201612734454
3009582,-103.45511233677352
3009583,-4.82764011401245
3009584,-63.66884318162105
3009585,105.55799950695173
3009586,-54.23295803585396
3009587,-69.65252295722102
3009588,-85.07208787858899
3009589,-0.39258770309406144
3009590,-65.21744022194689
3009591,-39.80815764912658
3009592,134.97220072172215
3009593,8.730127093547896
3009594,38.94529227244603
3009595,75.52216743262416
3009596,112.09220670800251
3009597,273.0222316273177
3009598,72.64385007792335
3009599,65.37850202342698
3009600,-130.34430636359937
3009601,-111.74432749382213
3009602,-39.56707804739816
3009603,579.5215046828591
3009604,-126.55196025408513
3009605,-72.39709277794354
3009606,19.431133161250916
3009607,133.06562947594577
3009608,-36.9852141888612
3009609,-121.29708185530289
3009610,-95.43484233983627
3009611,1130.51703910158
3009612,1164.6641253360222
3009613,-88.76709844602128
3009614,-102.82746824535825
3009615,-70.64904472640687
3009616,-52.014274142193734
3009617,-53.695603010312006
3009618,39.87378811953564
3009619,-51.82217170406128
3009620,-55.44435117242646
3009621,-59.06653064079118
3009622,14.771371593978717
3009623,-61.38391184786341
3009624,-60.1229211705543
3009625,48.30840090326111
3009626,-3.0406894178593507
3009627,23.430264779912438
3009628,49.1329359294161
3009629,77.57876804935331
3009630,117.4053073978741
3009631,96.03964284696004
3009632,83.38534104763785
3009633,-124.90581008389817
3009634,-105.40922908378961
3009635,-32.60206671588711
3009636,159.2251542607166
3009637,-19.60193329388566
3009638,-319.06473621923107
3009639,-71.7848272255931
3009640,232.3049300419436
3009641,-45.72594131993791
3009642,7.039696220161392
3009643,-97.78488235701097
3009644,-122.39780785104021
3009645,1808.2498053354952
3009646,-16.85861699281706
3009647,-80.85488913517513
3009648,-56.605323985765644
3009649,-64.50223561632451
3009650,-46.06939325110947
3009651,102.18614485482085
3009652,-69.29961865290538
3009653,-82.1363857778686
3009654,-89.53416320265414
3009655,-61.45789515604455
3009656,-76.51435824663876
3009657,-53.47513982428499
3009658,119.70949114706328
3009659,-1.0558154839357416
3009660,29.383414665168136
3009661,65.72469103072417
3009662,100.09457986918387
3009663,121.3299244185866
3009664,114.07904661845141
3009665,106.82816881831532
3009798,-92.47709650772485
3009799,-85.8957916236166
3009800,-15.812032892222117
3009801,426.22166518271223
3009802,0.2766416255228319
3009803,-91.36829899978765
3009804,-70.55553759516515
3009805,52.254743800879815
3009806,-52.60475978807589
3009807,-54.61912703595025
3009808,-97.28763520618604
3009809,120.82531642951103
3009810,924.7864135763344
3009811,-84.85746617210263
3009812,-63.09095778961606
3009813,-43.09005876784571
3009814,55.207311918130436
3009815,-3.318926152145234
3009816,156.19944708089426
3009817,6.997029734133509
3009818,-8.076938118018045
3009819,-23.150905970170964
3009820,65.90532167719239
3009821,-35.30810414691022
3009822,-21.76841262087309
3009823,140.56474774500086
3009824,27.288888114551998
3009825,67.38217871381467
3009826,93.68549544982552
3009827,121.44520683055244
3009828,335.6589287358294
3009829,65.17912984919367
3009830,60.22843309837409
3010161,-92.00404983334265
3010162,-83.37212480805356
3010163,27.811794780788848
3010164,366.28849629217365
3010165,0.24818219949994047
3010166,-79.28033741668223
3010167,-68.5892579387153
3010168,73.64697204818931
3010169,-62.853123440642584
3010170,-82.9010189863091
3010171,-97.88619590923581
3010172,142.50510411067083
3010173,864.2056847290288
3010174,-84.86659417682544
3010175,-63.005572721205375
3010176,-43.4383312954939
3010177,27.996715925795076
3010178,-3.667198679793994
3010179,127.23664391653365
3010180,6.8792281105586035
3010181,-8.194739741593633
3010182,12.058328177046139
3010183,66.06632564288357
3010184,-36.570939920143054
3010185,-20.555146927973322
3010186,143.84185571747886
3010187,28.858474247696183
3010188,56.71226682129437
3010189,93.035230275708
3010190,124.15043707113291
3010191,405.297652241157
3010192,67.96209088347742
3010193,62.442643612221865
3010524,-99.2304091878239
3010525,-99.36015835025573
3010526,-30.48524957134104
3010527,322.35760994289484
3010528,8.215774582459932
3010529,-84.10662624826072
3010530,-73.86413012716439
3010531,90.39183407196397
3010532,-48.29128953628041
3010533,-113.12093123333197
3010534,-89.84533937193946
3010535,98.85075511919088
3010536,863.6403800243475
3010537,-93.48931581089418
3010538,-74.79546678058038
3010539,-53.217553876533806
3010540,18.17149554943531
3010541,-14.156141236235083
3010542,143.0164298328991
3010543,-9.760914348475392
3010544,-25.403474122331584
3010545,-41.451862103782595
3010546,24.4457305870712
3010547,-43.14725933487879
3010548,-28.161752288249584
3010549,132.21276096675294
3010550,18.983376707107443
3010551,52.838602195484064
3010552,90.31953332090661
3010553,103.45821678568082
3010554,193.04007209486574
3010555,48.10085763888511
3010556,43.478049372968336
3010887,-97.2174813076952
3010888,-93.46799930613888
3010889,22.90246472475447
3010890,273.683292009696
3010891,6.588104794632461
3010892,-84.4433362090338
3010893,-70.44962010173622
3010894,93.72915399685753
3010895,-45.466461526303455
3010896,-135.8050611278475
3010897,-92.17178352305636
3010898,133.93374119061534
3010899,961.3620888911498
3010900,-92.55215134267205
3010901,-72.33502588661263
3010902,-50.41911265821151
3010903,-31.030921866555257
3010904,-11.947541514137395
3010905,114.53709464389517
3010906,-6.574247804957434
3010907,-21.64821565710967
3010908,-37.55973778930619
3010909,28.974759831864237
3010910,-43.34739837981014
3010911,-24.42012548581651
3010912,136.58529908330112
3010913,22.84189957499503
3010914,53.661006236288095
3010915,90.08235450292541
3010916,110.84293713146435
3010917,184.1025351028231
3010918,55.412657528943974
3010919,49.92802083743546
3011250,-98.38428457117588
3011251,-88.44884362216071
3011252,12.22481234693733
3011253,376.82224641041756
3011254,21.26058074822068
3011255,-70.62581037143973
3011256,-48.98286097805866
3011257,85.30920905961484
3011258,-55.17405138568191
3011259,-73.38256875183315
3011260,-77.23070104743492
3011261,341.02678100279877
3011262,980.1547288405691
3011263,-92.46100761353527
3011264,-87.14454032475082
3011265,-72.75167653739895
3011266,-24.78893104853641
3011267,-29.2238301616815
3011268,138.04024016783953
3011269,-20.08262242691016
3011270,-36.096501347679386
3011271,-52.14488561025136
3011272,-6.438808685201177
3011273,-53.496691396457926
3011274,-29.42726926354298
3011275,135.2968731369335
3011276,15.736862640713031
3011277,46.96038255578306
3011278,83.38173082241902
3011279,100.58859871968453
3011280,196.1908299300023
3011281,44.200932109011056
3011282,36.232899923050546
3011448,-93.13999310706531
3011449,-79.52114026075542
3011450,-12.972885507885433
3011451,295.63356137098816
3011452,0.134344495373814
3011453,-90.29078840110269
3011454,-60.72413931292139
3011455,102.1304967562639
3011456,-49.923866025011
3011457,-109.5379385305403
3011458,-100.27344689829106
3011459,230.6601419620973
3011460,952.1499042419453
3011461,-84.90310619571737
3011462,-64.02849235819228
3011463,-19.056680949369404
3011464,26.65333613564845
3011465,-5.060288790389034
3011466,151.03509582695344
3011467,6.466536968591033
3011468,-8.6659462358928
3011469,59.641123652994985
3011470,-20.98053432658234
3011471,-41.66374126202053
3011472,-17.92227161531518
3011473,147.45582242164002
3011474,28.287671027240055
3011475,55.70904777170036
3011476,90.43416957923019
3011477,126.8555178458666
3011478,168.19866081546726
3011479,79.09393502061012
3011480,71.2994856676025
3011481,-97.69188761301739
3011482,-90.07619524756119
3011483,20.239377416984286
3011484,350.6045333672675
3011485,8.1019368783429
3011486,-80.54333704833952
3011487,-65.99901150136866
3011488,78.62093556111559
3011489,-48.638212329028455
3011490,-82.09741860609738
3011491,-92.16550308883397
3011492,187.61447115406995
3011493,1075.4195882282233
3011494,-89.30234703639319
3011495,-74.4539265069382
3011496,-27.260248861292705
3011497,71.332552642571
3011498,-14.6072295098359
3011499,145.17541810428222
3011500,-10.23212084277456
3011501,-25.306088694926114
3011502,-41.240943802979736
3011503,48.80631655832004
3011504,-47.259806490061955
3011505,-22.59505186104779
3011506,140.3150944557835
3011507,21.963913496004995
3011508,51.29712435779603
3011509,87.71847262443153
3011510,114.27913774799545
3011511,174.9961290882927
3011512,59.23270177601827
3011513,52.334891428350794
3011514,-97.99162153962861
3011515,-87.75520447189665
3011516,19.665075499481834
3011517,324.69897810817855
3011518,8.073477452314552
3011519,-79.23194610012506
3011520,-64.03273184492063
3011521,97.79427281429362
3011522,-48.67964501810619
3011523,-133.47596858896466
3011524,-92.70161513325301
3011525,209.86085119873357
3011526,992.6259136781349
3011527,-88.25560484276768
3011528,-74.3685414385274
3011529,-1.809220878079525
3011530,17.60763520743281
3011531,-14.720001578237127
3011532,142.59092064416197
3011533,-10.34992246634901
3011534,-25.42389031850102
3011535,-4.818648312325234
3011536,26.461241860458546
3011537,-46.04654079715946
3011538,-21.268314573926357
3011539,139.2611383833739
3011540,21.713108733607175
3011541,50.64685918367669
3011542,87.06820745031264
3011543,116.9843679885732
3011544,337.7306717043386
3011545,62.015662810302466
3011546,54.549101942197204
3011547,-128.0493137694091
3011548,-158.29411613447772
3011549,-86.97783467264053
3011550,-209.58865118715838
3011551,-5.94791545865591
3011552,-97.06467041778414
3011553,-106.83370241921766
3011554,-37.227191815433606
3011555,-44.8792084328741
3011556,-12.196169163823281
3011557,-156.73429775247658
3011558,-74.95257271348628
3011559,1570.4670897456926
3011560,-115.32055933645852
3011561,-97.0772274408909
3011562,-75.5115465292884
3011563,-3.586317634946947
3011564,-33.1627962576836
3011565,110.67826521490083
3011566,-46.95994035786729
3011567,-63.0083246204404
3011568,-39.13078255152531
3011569,54.220478625158385
3011570,-32.01643064684166
3011571,-22.871995280110962
3011572,104.39584606747731
3011573,9.362755660837326
3011574,32.5596931050006
3011575,70.83110380896115
3011576,78.52400756856441
3011577,24.817796813997763
3011578,291.8553543689206
3011579,12.986015008117835
3009831,-100.06255961973402
3009832,-88.43166498564715
3009833,-112.0837268051353
3009834,213.07708208199185
3009835,-11.730383560880721
3009836,-94.73735804175958
3009837,-72.15085585948218
3009838,111.78080850556053
3009839,-54.79372844854587
3009840,-39.91575303490553
3009841,-107.33292482684674
3009842,-72.34214748279958
3009843,1366.7605016591008
3009844,-91.08826273403695
3009845,-74.26945038848412
3009846,-54.29541778676711
3009847,-34.321385185049884
3009848,-14.347352583332661
3009849,152.45548116071424
3009850,0.24062749155674057
3009851,-14.81253716264818
3009852,-29.865701816856284
3009853,-45.52804425936191
3009854,-33.551205836200815
3009855,-23.3510277728199
3009856,136.47353768937066
3009857,22.552689892679798
3009858,54.99849290012181
3009859,93.26990360408372
3009860,122.08962121136138
3009861,162.17026376696614
3009862,64.65135481070747
3009863,62.1017149002325
3009864,-182.7845931931686
3009865,-213.0293955582372
3009866,-239.47739985504703
3009867,-471.74156982235473
3009868,-18.015982597197574
3009869,-107.66245842384778
3009870,-170.8545634044174
3009871,-132.8874254466671
3009872,-94.17098425629119
3009873,-113.03325036268943
3009874,-181.37602659453958
3009875,-160.1118796447045
3009876,1466.4082576591352
3009877,-85.76867523289916
3009878,-77.2809035600382
3009879,-30.528056387056875
3009880,16.22479078592433
3009881,-12.58386082523047
3009882,88.25969764662928
3009883,-37.401118162189086
3009884,-54.8601048206613
3009885,-44.27905821655944
3009886,-17.977443844645034
3009887,-19.680155475200802
3009888,-3.457025990838513
3009889,101.53773469190874
3009890,26.98346744051533
3009891,44.7745974921606
3009892,67.1579876994244
3009893,95.72517945589125
3009894,80.11949080867744
3009895,15.444573795922413
3009896,29.3284938719914
3009897,-132.82686587729657
3009898,-155.49154486607839
3009899,-81.39905232174605
3009900,161.98551461779536
3009901,-59.70127788182871
3009902,-131.28574920744975
3009903,-139.7366214431684
3009904,68.57475496437765
3009905,-77.69425402450524
3009906,24.104744251611198
3009907,-97.01356841835677
3009908,-132.6972930956679
3009909,1369.362570967878
3009910,-92.2843813349537
3009911,-93.093465744071
3009912,-88.86195154739453
3009913,-42.8967995243593
3009914,-49.842063347658076
3009915,77.72299727503169
3009916,-42.61258612684268
3009917,-45.54151595720467
3009918,40.54544281317131
3009919,13.86624029600917
3009920,-14.548292085801489
3009921,1.6910320287808713
3009922,124.9894189707904
3009923,33.26511407021663
3009924,47.50272366478631
3009925,68.26314640548362
3009926,94.49926463875245
3009927,60.28274652679348
3009928,94.4550380724947
3009929,40.60897018955276
3009930,-125.47248926969296
3009931,-145.78139196826558
3009932,-168.55572506867864
3009933,258.65360492711915
3009934,-58.56540412837675
3009935,-129.596623784483
3009936,-130.9164109043384
3009937,-2.5939658467857885
3009938,-60.07247618134969
3009939,8.17703098900002
3009940,20.307689129425132
3009941,-132.32947187886728
3009942,1605.2410058986543
3009943,-91.51409778805002
3009944,-91.85338395698948
3009945,-60.97090180104741
3009946,-41.5758821192367
3009947,-48.77440326492323
3009948,80.11834452320655
3009949,-41.06347725810796
3009950,-45.33652662585363
3009951,-35.04944866527084
3009952,14.120401587953172
3009953,-14.349676333508608
3009954,0.5354033513119316
3009955,128.7397166753037
3009956,32.464502490610094
3009957,46.702112085180225
3009958,68.11310125732616
3009959,96.79128023381391
3009960,61.32611482486819
3009961,35.1770853788341
3009962,42.348305910235204
3009963,-158.29203545119051
3009964,-181.70378753608273
3009965,-205.11553962098222
3009966,-125.8352466344957
3009967,-45.979495597014456
3009968,-114.79132996825938
3009969,-150.27799845127882
3009970,30.110392634572424
3009971,-92.6009907584501
3009972,47.57871956024447
3009973,-74.25028059070591
3009974,-109.02613730313878
3009975,1204.0283843062305
3009976,-106.05237581391002
3009977,-100.2088595837735
3009978,-94.36534335363676
3009979,-55.8809140521112
3009980,-62.49070909806577
3009981,45.93488975229317
3009982,-76.14975618909357
3009983,-59.48781029698561
3009984,-43.40383996640984
3009985,-33.98037491649101
3009986,-26.43865195572634
3009987,-12.098598373172347
3009988,97.00800359998512
3009989,17.01039187302941
3009990,31.56488699613347
3009991,53.33232933620294
3009992,88.00036949321448
3009993,42.090654448975975
3009994,19.99973588795884
3009995,30.25258478492579
3009996,-114.84562988657744
3009997,-138.1461283715096
3009998,-65.70116018610024
3009999,-139.35482560295966
3010000,-40.952015141095025
3010001,-107.64149091256586
3010002,-138.5020950475671
3010003,-65.71429457048434
3010004,-111.17308146823125
3010005,-69.74415653142641
3010006,-164.45523837376712
3010007,-170.19133830374042
3010008,1856.826649756746
3010009,-87.40633539882178
3010010,-79.38363768397475
3010011,-7.939406885738929
3010012,-39.62968016075164
3010013,-19.752701399139408
3010014,120.10226507555008
3010015,-12.154559243034367
3010016,-27.19479616795324
3010017,-38.86249131554295
3010018,-28.652712010385397
3010019,-18.442932705228298
3010020,12.88214143577007
3010021,120.9394316543141
3010022,21.40061495798928
3010023,41.30293645433013
3010024,81.88693174050259
3010025,117.9382000451662
3010026,83.43111803571237
3010027,25.188298598716035
3010028,69.10682868505656
3010029,-107.23410893668806
3010030,-99.34789630891355
3010031,-129.13842718865524
3010032,192.5699429081262
3010033,17.781658134266042
3010034,-78.79313089983297
3010035,-49.737409872492925
3010036,197.0758042074942
3010037,-74.52569002506225
3010038,0.3176589584865792
3010039,-71.14549813151125
3010040,218.95189540807476
3010041,1229.1105436939072
3010042,-82.69105149607712
3010043,-82.72204302131676
3010044,-51.14770916875822
3010045,-32.10901247399742
3010046,-40.72613617293454
3010047,127.94336331279165
3010048,-37.97776784882539
3010049,-54.026152111398495
3010050,-70.07453637397275
3010051,-64.78867213572202
3010052,-58.13323713297522
3010053,-32.55996615849998
3010054,133.14415071936557
3010055,11.565164991410445
3010056,45.98198376859201
3010057,82.40333203522933
3010058,92.436395447223
3010059,41.6532715540886
3010060,37.52227622003485
3010061,29.827319900739173
3010062,-103.70010214418907
3010063,-85.31201205961297
3010064,-18.665112622586815
3010065,207.33186348258934
3010066,-7.151429383528733
3010067,-101.0579887697666
3010068,-62.100478738934534
3010069,161.57770860243474
3010070,-58.42519623210391
3010071,-58.552622653080824
3010072,-142.9392988783018
3010073,30.16754136018365
3010074,1519.3332718014753
3010075,-97.54405012187924
3010076,-80.66758147131979
3010077,-34.973170670436765
3010078,-15.087604362586983
3010079,-20.976778511455716
3010080,149.7200322142596
3010081,-10.15650535422473
3010082,-25.313068094377098
3010083,-5.189920436849018
3010084,-37.922241624202606
3010085,-45.64117450206076
3010086,-23.753167520229265
3010087,144.0724157269553
3010088,24.11597337793656
3010089,53.03442252540636
3010090,88.09499365870597
3010091,125.87711905867691
3010092,75.4420677771961
3010093,236.09251507774363
3010094,64.89390564529386
3010095,-109.62322035480501
3010096,-100.34733569788186
3010097,13.336441888926135
3010098,32.197874811706434
3010099,-22.061904964592753
3010100,-113.03843076158846
3010101,-77.40860683959981
3010102,89.17633227033203
3010103,-57.84219338121492
3010104,-123.89222656186648
3010105,-212.7683893984029
3010106,-84.74632254310522
3010107,1788.3575403477466
3010108,-107.56647752378744
3010109,-89.52144855581393
3010110,-69.54741595409727
3010111,-49.57338335237959
3010112,-29.599350750663046
3010113,141.32921432372538
3010114,-13.45528908001533
3010115,-28.50845373422025
3010116,-8.335143578525997
3010117,6.2768759214656775
3010118,-35.40886654794375
3010119,-25.100968860226015
3010120,125.14144484425942
3010121,10.792521215720814
3010122,46.79109677468315
3010123,80.36847724045329
3010124,118.79862572221573
3010125,63.040343944852985
3010126,180.81675171860226
3010127,48.02676904455003
3010128,-131.64759198062418
3010129,-117.9670893497012
3010130,-104.28658671877456
3010131,821.1749854573675
3010132,-58.02561962077815
3010133,-125.69362512474326
3010134,-87.09558502886175
3010135,282.93494141477566
3010136,-2.455290946144298
3010137,21.526676829151445
3010138,-112.39804297019218
3010139,-117.25353238955977
3010140,1804.977227792783
3010141,-79.44806860788849
3010142,-78.54405798194743
3010143,-74.22366429331036
3010144,-67.85641119755182
3010145,-48.156897564358395
3010146,73.11396599264408
3010147,-42.67820011078792
3010148,-37.79280211016911
3010149,-27.504650224809932
3010150,-17.167012954045997
3010151,-6.749751162211663
3010152,6.084552471443391
3010153,159.10655763503948
3010154,38.74118515303072
3010155,56.723239969457346
3010156,79.19404693250699
3010157,104.28151364963624
3010158,57.75515602796096
3010159,150.22553762254412
3010160,22.98906033555723
3010194,-112.69393100449342
3010195,-132.0184040538759
3010196,-59.21749970143609
3010197,-28.14306023090175
3010198,-6.260969144985932
3010199,-98.38472239737239
3010200,-85.20462619827303
3010201,104.021911657893
3010202,-33.06577341371739
3010203,-93.76588296637946
3010204,-150.0575618812948
3010205,-92.6690607665294
3010206,1648.0880527309785
3010207,-109.67023859709495
3010208,-101.61908231915974
3010209,-81.73351601130962
3010210,-36.07320924673949
3010211,-41.27995709199107
3010212,107.7092319599246
3010213,-45.72820152553053
3010214,-61.80825970310597
3010215,-72.27406031910941
3010216,-39.177411173277314
3010217,-44.8805444135135
3010218,-36.58040815016765
3010219,107.59830547385418
3010220,3.524603951752131
3010221,40.03207257614914
3010222,78.30348328011196
3010223,88.85246215532398
3010224,34.5751034625957
3010225,233.78981226861626
3010226,24.338183945290172
3010227,-110.88380127904638
3010228,-109.88822057594989
3010229,-37.8020880433094
3010230,83.86102667359337
3010231,4.246052814452202
3010232,-92.68663292984347
3010233,-56.496715229698374
3010234,193.61063572114946
3010235,-73.46522830550457
3010236,-88.48755481716562
3010237,-141.6087524998409
3010238,33.41951813817453
3010239,1538.3007508100025
3010240,-96.01915641511827
3010241,-99.01499172521396
3010242,-81.21875673591175
3010243,-9.618361414263102
3010244,-43.40082594864888
3010245,119.47303091564159
3010246,-41.42125458366153
3010247,-57.4696388462335
3010248,-73.51802310880866
3010249,-13.980347885185704
3010250,-56.6524733534059
3010251,-39.98474857383898
3010252,124.48494708929884
3010253,8.470359980147993
3010254,45.90011500438478
3010255,84.89508949563533
3010256,87.081255189895
3010257,53.220181038017664
3010258,33.45091375047533
3010259,27.07952059783584
3010260,-108.76977639611759
3010261,-102.50470476836453
3010262,-126.28894173575718
3010263,153.7122399346492
3010264,-4.9645103312603105
3010265,-96.38785411969256
3010266,-74.91788375516153
3010267,176.12397300439736
3010268,-43.23531526198784
3010269,-26.401855513347794
3010270,-94.87757417167795
3010271,-101.30424279154265
3010272,1556.632175839616
3010273,-95.80941911734071
3010274,-90.01023847113554
3010275,-44.34993170656484
3010276,-50.23910585543516
3010277,-30.3535395475847
3010278,116.80599256809337
3010279,-29.058719695670373
3010280,-45.00003684803213
3010281,-61.57578884596732
3010282,-29.592745752740296
3010283,-52.60067826173535
3010284,-30.36640141923071
3010285,130.79508290802934
3010286,15.900746757900112
3010287,49.747348274365514
3010288,86.16869654100101
3010289,111.90576209302453
3010290,59.120607959918935
3010291,242.05472924404486
3010292,52.50925491695599
3010293,-97.31126267420659
3010294,-102.03743843889497
3010295,23.07852124403981
3010296,582.5324686644901
3010297,4.959920500400774
3010298,-96.3364467916188
3010299,-111.7461538778578
3010300,-32.50000002145115
3010301,-122.68153711063114
3010302,-29.924633546659418
3010303,-145.6752942795604
3010304,227.47367826914228
3010305,1205.4775067275593
3010306,-59.44211148271476
3010307,-51.88856984300427
3010308,-6.928781142643441
3010309,37.43967794573583
3010310,4.343658613460509
3010311,109.53329050948737
3010312,-12.483075053678743
3010313,-29.79383882775873
3010314,-33.8818950038224
3010315,-26.56450892269576
3010316,-69.64628148582715
3010317,-53.01550637925974
3010318,114.58820370458461
3010319,5.122558413453323
3010320,37.15675521920112
3010321,73.53607251946706
3010322,109.9153898197339
3010323,144.92145307912844
3010324,122.86375654339027
3010325,116.00494589637283
3010326,-125.80278716697539
3010327,-140.99062750266856
3010328,20.656256523624695
3010329,244.91304924156358
3010330,-13.54454175587379
3010331,-95.14592061594776
3010332,-128.82229433461978
3010333,-7.674445045013993
3010334,-76.796837967401
3010335,-80.90106110704146
3010336,-92.48605182676629
3010337,-170.32144885088522
3010338,1032.3824637988976
3010339,-77.06186209782065
3010340,-83.32786532487744
3010341,-19.687211491234432
3010342,0.1987680147103288
3010343,-33.146579180780954
3010344,90.9995446195846
3010345,-50.97944934286037
3010346,-68.53791078140584
3010347,-70.47031558080498
3010348,-5.035954734283489
3010349,-53.20005687424899
3010350,-22.34702408733737
3010351,105.8448502769672
3010352,1.6782412274235026
3010353,39.911610996673254
3010354,78.14498076592072
3010355,102.19623420397802
3010356,328.4208468647582
3010357,43.86413985381133
3010358,39.01154048779082
3010359,-108.01099439202407
3010360,-90.52420690511171
3010361,-21.45126988527299
3010362,438.2932681021077
3010363,-27.354993758281847
3010364,-62.33589889005706
3010365,-24.71414828297092
3010366,85.41225107260398
3010367,-43.90340495497893
3010368,-45.07040382834138
3010369,-88.10711839997047
3010370,336.31845356282594
3010371,930.319176578239
3010372,-70.92427126114107
3010373,-67.00961254817234
3010374,-67.30101853070873
3010375,-34.368297446928445
3010376,-44.37011153123925
3010377,46.01160683765416
3010378,-56.63852829425108
3010379,-67.97383421143267
3010380,-71.61681687774289
3010381,-11.018602616366291
3010382,-70.86726045593177
3010383,-46.38657780488874
3010384,99.06444372130791
3010385,8.22594897464133
3010386,35.647325719103
3010387,71.09241159710537
3010388,104.36985080391896
3010389,76.04589615879759
3010390,70.76976446703993
3010391,64.12321226664399
3010392,-110.53221871101668
3010393,-97.51123456947862
3010394,-120.53632013172209
3010395,523.6965612935849
3010396,-27.99435386412078
3010397,-108.8134736618329
3010398,-109.54136204148271
3010399,-2.9211922521924794
3010400,-37.15452001447901
3010401,9.624173250218707
3010402,-104.13664038141523
3010403,-183.24996012967043
3010404,1211.445117952707
3010405,-84.560144094358
3010406,-78.67217510148434
3010407,-58.91487472532939
3010408,-39.157574349171945
3010409,-19.400273973015185
3010410,81.12174258962905
3010411,-18.863637613783606
3010412,-34.46497320130019
3010413,-54.199500462955974
3010414,-15.311394848708726
3010415,-42.33209559089736
3010416,0.14636548269455263
3010417,105.64675694663602
3010418,23.256180612825762
3010419,52.06427778189819
3010420,92.9407022007551
3010421,124.82291238243415
3010422,92.91613961334015
3010423,90.88125973368206
3010424,87.30874989670583
3010425,-127.69445468995654
3010426,-148.87197041942161
3010427,19.241384395479333
3010428,181.25111721978394
3010429,-16.632707105580987
3010430,-99.00957509937761
3010431,-144.8931514100266
3010432,-18.2293199927124
3010433,-109.85130510352955
3010434,-82.45140769023764
3010435,-99.87820848042865
3010436,-177.6640923524965
3010437,1005.0165150301912
3010438,-70.66608816905209
3010439,-76.29883289100216
3010440,-41.29486324414601
3010441,4.365889829574105
3010442,-28.877403145518468
3010443,88.31038978528746
3010444,-47.296205639271456
3010445,-69.77731889004444
3010446,-71.65397557703572
3010447,38.67533203698732
3010448,-53.37263977674028
3010449,-45.38195881538858
3010450,106.2382311873027
3010451,2.2134840953214803
3010452,40.40482289820212
3010453,78.60340344369861
3010454,108.75983998618376
3010455,305.07100866177024
3010456,51.049980473107745
3010457,48.02720709975821
3010458,-103.86110150974382
3010459,-87.89840296550283
3010460,-84.15923268950682
3010461,353.7738600257664
3010462,-19.45559561191366
3010463,-101.51303688052649
3010464,-87.59490101004921
3010465,162.5369062308193
3010466,-82.15872755048876
3010467,-124.9536152562885
3010468,-237.75251308904288
3010469,-36.580293652513014
3010470,1604.7492326192312
3010471,-85.68263048753685
3010472,-69.05587809706894
3010473,3.5710498752784656
3010474,-2.8657633092214314
3010475,-11.716306389604863
3010476,114.76335487126853
3010477,-18.39600828655197
3010478,-37.151275905425145
3010479,-55.99159859076898
3010480,-26.44695726571744
3010481,-53.08363557510692
3010482,-30.049009404360998
3010483,134.0816865763829
3010484,22.66499237813351
3010485,50.62274079574191
3010486,93.30833825430064
3010487,116.91506402247633
3010488,130.5416839813781
3010489,125.34441991857894
3010490,118.14813125455585
3010491,-104.12600345379433
3010492,-87.33057348864058
3010493,-81.63556587394741
3010494,390.30957188206884
3010495,-19.48405503794201
3010496,-68.58529117748621
3010497,-85.73777844549913
3010498,177.54865428687683
3010499,-76.15808856523635
3010500,-95.62093872230325
3010501,-237.52162341361262
3010502,-2.431003987671527
3010503,1623.0067446948674
3010504,-86.09506605817391
3010505,-69.42040610437839
3010506,-22.722818894024197
3010507,-31.461351522373928
3010508,-13.043313163720352
3010509,107.23079492384996
3010510,-20.812545405058284
3010511,-39.56781302393055
3010512,-56.81088068823036
3010513,-26.123361359276526
3010514,-54.33963657591065
3010515,-31.305010405166552
3010516,120.29543204128522
3010517,22.229517695912097
3010518,50.306697235829425
3010519,79.89782072183853
3010520,116.27713802210447
3010521,133.41255852132755
3010522,127.59036767497692
3010523,120.39407901095474
3010557,-129.037320698694
3010558,-148.65990933400352
3010559,-172.15906567095115
3010560,137.63467069653527
3010561,-25.35809812392908
3010562,-104.89594597083014
3010563,-125.55344788183247
3010564,120.35355749004084
3010565,-97.48198202426538
3010566,-13.301477501792572
3010567,-133.51358398326946
3010568,-153.50358285268774
3010569,1211.7925805188431
3010570,-85.91927529440322
3010571,-84.73971275468868
3010572,-53.98514658531716
3010573,-35.03364485248952
3010574,-41.916129937710174
3010575,68.34017702692854
3010576,-57.34408200647753
3010577,-74.77887271225681
3010578,-64.5933470603607
3010579,-54.40782140846276
3010580,-45.26121883286468
3010581,-38.08334649692896
3010582,92.55868105274313
3010583,-0.11107549812121986
3010584,35.09187831268647
3010585,73.28321711556619
3010586,104.65858381922563
3010587,52.27780085729247
3010588,46.797299000353824
3010589,41.31679714341336
3010590,-141.8882490522508
3010591,-165.82441388226178
3010592,-189.76057871226547
3010593,-273.33158863356476
3010594,-37.85520223172606
3010595,-123.23919750642635
3010596,-148.95842793651062
3010597,-64.20697538047789
3010598,-106.84787883586687
3010599,3.685730449226146
3010600,-150.92355804986553
3010601,-170.95349722991025
3010602,1744.69827997853
3010603,-81.14783348137261
3010604,-77.2707554252227
3010605,-39.29472267064583
3010606,6.438986141320772
3010607,-25.59482607500176
3010608,98.76894204903188
3010609,-31.016797445822743
3010610,-53.39663944640669
3010611,-53.41536556983673
3010612,-23.601998327464838
3010613,-32.837518094148244
3010614,-22.585178239976624
3010615,107.81329141684655
3010616,13.020475451387671
3010617,40.528188292150126
3010618,77.05872408452906
3010619,115.25006288740879
3010620,79.09786232371626
3010621,74.75403072616446
3010622,68.56718083178858
3010623,-128.0614737270869
3010624,-143.27123836247736
3010625,-166.77039469942136
3010626,153.55818808518163
3010627,-25.37058887567836
3010628,-105.28594614512876
3010629,-120.39087505704155
3010630,126.54857849090804
3010631,-12.450275180127203
3010632,-7.8641079990227745
3010633,-91.82929739613864
3010634,-154.8612001878803
3010635,1254.9267984897056
3010636,-84.64986704514574
3010637,-85.59743430905682
3010638,-81.46524477426082
3010639,-62.789174187224525
3010640,-43.241835839198565
3010641,20.568500530049693
3010642,-57.188841682767396
3010643,-76.1156309242122
3010644,-67.06923743351699
3010645,-18.511655321818846
3010646,-47.361141441823555
3010647,-40.18326910588966
3010648,75.66248642085357
3010649,1.1741554550705655
3010650,36.42962332371982
3010651,74.62096212659817
3010652,106.79389911456674
3010653,52.5896013384906
3010654,48.5059983548742
3010655,43.02549649793601
3010656,-117.78486662366304
3010657,-100.57584085302987
3010658,-120.13006897871564
3010659,189.48442316517978
3010660,-6.4134168842418084
3010661,-95.80385113119046
3010662,-64.55434968945228
3010663,156.13813737542588
3010664,-88.04143790836297
3010665,7.643710254713557
3010666,-132.79129568777287
3010667,-132.2483050326937
3010668,1654.5631733492166
3010669,-88.92129486876824
3010670,-100.39465430858279
3010671,-60.53781209273192
3010672,-41.223734440328634
3010673,-49.71629504498495
3010674,105.92480124663548
3010675,-52.587229242812136
3010676,-68.98985608987714
3010677,-85.5645341630382
3010678,-75.68993013058734
3010679,-53.60805321438037
3010680,-31.181879219872638
3010681,131.54976119072873
3010682,13.127482431540745
3010683,44.0203462254478
3010684,80.4036535573734
3010685,110.1097068123765
3010686,58.01863345480543
3010687,56.2121517551952
3010688,49.511010418682154
3010689,-131.10434522421818
3010690,-154.887604571685
3010691,-178.67086391914816
3010692,148.70120715206687
3010693,-38.478458549307824
3010694,-121.73894486037607
3010695,-121.02976121885585
3010696,27.44124144123926
3010697,-80.47163594441626
3010698,-1.6463021197803687
3010699,-152.56530838989764
3010700,-153.89867405679664
3010701,1735.5948841767695
3010702,-89.17108905172556
3010703,-85.03889951692933
3010704,-80.90670998213368
3010705,-42.22516171868623
3010706,-47.6676433398632
3010707,75.02514482520242
3010708,-59.949871522100956
3010709,-65.28862835793079
3010710,-55.10310270603376
3010711,-44.917577054136736
3010712,-34.73205140223926
3010713,-21.627732279876266
3010714,101.47522386169221
3010715,6.751510484659054
3010716,30.602984271358952
3010717,68.56537823755907
3010718,106.75671704043971
3010719,59.39744651347993
3010720,53.36720819291778
3010721,47.33696987235427
3010722,-121.5529679995514
3010723,-108.38970788302576
3010724,-131.88886421998066
3010725,175.55506449752576
3010726,-20.172946323430363
3010727,-100.77913108476496
3010728,-79.38557819762245
3010729,190.94744269360237
3010730,30.651190871022852
3010731,13.156361015983027
3010732,-122.18276187856536
3010733,-147.61174556773292
3010734,1496.4493543439614
3010735,-90.47247484367351
3010736,-101.43634248010896
3010737,-92.67587501906682
3010738,-73.32515282491163
3010739,-55.67196932415735
3010740,87.25726490248617
3010741,-62.99415182874262
3010742,-79.56882990190233
3010743,-76.90765837383178
3010744,-26.77356599048589
3010745,-55.72130212442634
3010746,-41.07476878640026
3010747,115.2318071819961
3010748,3.8903906195511877
3010749,40.93374921798269
3010750,79.16711898723334
3010751,102.44461126038796
3010752,48.896392441118415
3010753,45.39671818366897
3010754,42.37394481031898
3010755,-108.16442144942157
3010756,-87.53741798564697
3010757,-70.06283987122042
3010758,487.3811014327195
3010759,-50.070649878546455
3010760,-90.78317805582519
3010761,-57.675392851243295
3010762,277.47871271892944
3010763,-117.45607127849671
3010764,-39.78414618910191
3010765,-220.15301040098873
3010766,396.0755558661185
3010767,1692.523002943113
3010768,-89.2836726919325
3010769,-83.13372317602061
3010770,-64.6272185235005
3010771,-18.772917092698474
3010772,-27.61420921845801
3010773,85.80485295108629
3010774,-42.974506469872985
3010775,-53.22523379259409
3010776,-56.847413260959264
3010777,-36.60812476149275
3010778,-62.81565392306383
3010779,-39.78102775231836
3010780,111.70219801872663
3010781,20.88817495497206
3010782,49.44694154314421
3010783,77.45489822504915
3010784,109.6033494514315
3010785,143.49100276621922
3010786,129.98731904075723
3010787,118.83236884907383
3010788,-129.4736473343426
3010789,-116.08065922303904
3010790,6.602673876486012
3010791,476.82579771883974
3010792,-39.28281199662232
3010793,-109.28342290001892
3010794,-121.64805187751408
3010795,105.6339799424779
3010796,-52.26125690671851
3010797,-83.94984932503466
3010798,-78.24869543264258
3010799,-165.36797912975706
3010800,1221.5915080283146
3010801,-63.606487728728474
3010802,-59.405772425545514
3010803,-55.205057122362895
3010804,3.0306274303845453
3010805,-42.796598225982315
3010806,60.59310521652852
3010807,-68.97843583572448
3010808,-67.85220979783644
3010809,-57.589385490512804
3010810,-2.9097286970302707
3010811,-39.486561515889925
3010812,-32.22755068377209
3010813,96.31440573871915
3010814,3.767708814655823
3010815,38.455410266227965
3010816,76.77750353807023
3010817,115.08816959517408
3010818,278.42370787664476
3010819,58.15608510294552
3010820,51.97651289473989
3010821,-114.60509510569572
3010822,-95.79638017843062
3010823,-27.563119134919173
3010824,437.79045940750547
3010825,-13.99597848756893
3010826,-95.94037767364061
3010827,-64.32052625159922
3010828,110.07283220685186
3010829,-95.44627452928835
3010830,-99.54735342597523
3010831,-100.98438771043975
3010832,3.6449008680279644
3010833,1534.5111000439329
3010834,-76.30691069320623
3010835,-84.39577811693407
3010836,-46.26880821625881
3010837,-27.722503925911308
3010838,-36.83087144633513
3010839,102.99489218007166
3010840,-50.72148592118791
3010841,-69.47567961528493
3010842,-78.3262118704386
3010843,45.700203805931515
3010844,-59.883618276249116
3010845,-37.60896420597309
3010846,129.80791735159366
3010847,12.58242568755141
3010848,40.20294397120161
3010849,73.47220364729147
3010850,109.85551097921662
3010851,118.56182728840231
3010852,97.22376385897196
3010853,90.52262252246028
3010854,-144.2922918878419
3010855,-130.70850454596692
3010856,-117.12471720407738
3010857,1122.024831629505
3010858,-41.52210484348215
3010859,-44.83987082837374
3010860,-73.89263905545958
3010861,478.98951096649324
3010862,206.37344904130188
3010863,25.3831632552503
3010864,-172.46694991593702
3010865,-143.4061884299056
3010866,1856.4899983365406
3010867,-65.95991173744748
3010868,-52.20536173016482
3010869,-41.47896409011086
3010870,-8.018089793547272
3010871,-29.988076409046965
3010872,43.80129252594471
3010873,-42.328150637909665
3010874,-32.0653263305874
3010875,5.299542574502727
3010876,31.7101142653266
3010877,1.2299501714307621
3010878,15.447992260252438
3010879,134.1156327997189
3010880,45.00144555118069
3010881,67.44283950665586
3010882,89.88423346213285
3010883,95.82644007405834
3010884,41.60215720150901
3010885,441.6972311153215
3010886,29.01349196263364
3010920,-124.92488251802096
3010921,-111.87904852690444
3010922,-130.59430901745762
3010923,148.97821158816552
3010924,-29.48752941347338
3010925,-108.18468137255404
3010926,-82.7337092276528
3010927,201.02486257051825
3010928,-82.46829638969648
3010929,-9.565714311380173
3010930,-143.7208815191946
3010931,-148.26586671187536
3010932,1623.596329105016
3010933,-88.52987949311539
3010934,-93.93021065105727
3010935,-62.59725474116821
3010936,-77.78913089304096
3010937,-60.135947392287825
3010938,83.45687243063703
3010939,-69.18712990695239
3010940,-85.761807980113
3010941,-72.98229362824877
3010942,-38.15612906550158
3010943,-53.40724698426974
3010944,-42.85092915820477
3010945,113.68633539235016
3010946,3.448964045582404
3010947,38.438504274183934
3010948,79.5754629706782
3010949,108.77644565527517
3010950,55.03565560430953
3010951,50.809121022120245
3010952,45.32861916518433
3010953,-119.51032442410978
3010954,-100.5024871900885
3010955,-34.62369098854359
3010956,432.5088116370618
3010957,-22.815972565721307
3010958,-98.9963773626212
3010959,-71.62638739725371
3010960,103.3930012897792
3010961,-51.7104675752087
3010962,-90.97170293053641
3010963,-89.22215657005226
3010964,-168.1632264720147
3010965,1532.7241739599078
3010966,-81.65494022231307
3010967,-94.75557132192993
3010968,-85.59637503203184
3010969,-38.06360129624367
3010970,-47.831734164127774
3010971,50.321378161969925
3010972,-53.360107189761756
3010973,-68.96036885250287
3010974,-84.5606305152417
3010975,-26.657333857455153
3010976,-45.95042793868905
3010977,-25.710850177072455
3010978,134.49167599403765
3010979,16.435929459287042
3010980,61.259223041961114
3010981,78.23461943180764
3010982,114.57589579736141
3010983,339.33801692355945
3010984,86.69512027320998
3010985,79.99397893669784
3010986,-125.82074642088155
3010987,-112.13356081211059
3010988,4.6308652750132815
3010989,659.5371471136616
3010990,-36.87265376476606
3010991,-108.74025480958953
3010992,-91.25056492286676
3010993,134.3900858324698
3010994,-42.024427700958576
3010995,-103.15078354053621
3010996,-72.8633750029965
3010997,-159.37516603672887
3010998,1299.4458816444746
3010999,-64.32292592727269
3011000,-60.14297876537129
3011001,-55.9422634621881
3011002,-23.124471745732574
3011003,-43.41343118590661
3011004,66.85088880199437
3011005,-65.9647747558909
3011006,-72.45469707690681
3011007,-33.53129555583045
3011008,52.96049295350459
3011009,-43.149129384471316
3011010,-35.89395839310945
3011011,108.84348041606445
3011012,7.564372597203334
3011013,44.24832481627637
3011014,82.57104674888951
3011015,119.37098496985182
3011016,378.2208511413216
3011017,60.168374517681706
3011018,53.98880230947699
3011019,-112.043839419918
3011020,-91.14481426064849
3011021,-21.198561676514867
3011022,569.8511845449095
3011023,-64.81576396840573
3011024,-110.17188813600914
3011025,-66.29617039308395
3011026,280.14706987425615
3011027,-87.84144321524927
3011028,-98.14613551820166
3011029,-221.7036277050013
3011030,198.37767704821735
3011031,1641.9046602208273
3011032,-84.17996943188932
3011033,-83.85661524087736
3011034,-37.65021535719146
3011035,-18.94691900458933
3011036,-28.131523978154103
3011037,67.42299623190657
3011038,-47.64992316168654
3011039,-54.84245538005897
3011040,-59.25366585155988
3011041,-5.915119249197499
3011042,-66.70296967887934
3011043,-43.487646766760726
3011044,102.44792626305316
3011045,20.190043730093937
3011046,50.09988429374945
3011047,78.44731677540149
3011048,110.6361480565126
3011049,142.31609568618634
3011050,131.73447410062792
3011051,120.77024588405375
3011052,-130.02290445747965
3011053,-119.01597773863868
3011054,-39.04105585846154
3011055,387.4630995972122
3011056,-13.669991247405772
3011057,-109.78357457835845
3011058,-50.358102547063744
3011059,114.89511727123063
3011060,-8.964310796503735
3011061,-49.24701396658637
3011062,-70.78142619530244
3011063,-108.25305721998647
3011064,1753.5431373549666
3011065,-102.61977788161418
3011066,-114.84634780122751
3011067,-78.49494090600278
3011068,-6.934990611402139
3011069,-67.3160350025892
3011070,96.95612890912066
3011071,80.45365269547729
3011072,-79.94562816638181
3011073,34.935780848558544
3011074,21.884537753502816
3011075,-66.61146850225741
3011076,-42.531707071944574
3011077,127.23400720890113
3011078,4.621264768079261
3011079,45.747504850744654
3011080,79.99531541288452
3011081,97.81936507639166
3011082,224.6543474572588
3011083,267.45826060883036
3011084,37.921028528927046
3011085,-130.02886732470031
3011086,-109.99100918416916
3011087,-15.213856550347185
3011088,273.08033656863444
3011089,-56.947827331715224
3011090,-107.59509227784001
3011091,-50.88657427723118
3011092,95.45104189376725
3011093,-48.28385941980904
3011094,-86.37905614152787
3011095,-107.81870462147553
3011096,-105.59562812464928
3011097,1819.40859993444
3011098,-121.39301597697344
3011099,-120.6354292068268
3011100,-100.66122341865348
3011101,-1.9851941394379469
3011102,-61.24001544460911
3011103,110.00374082081744
3011104,10.73327574009473
3011105,-64.05534924400563
3011106,51.84699329706219
3011107,-45.01035879539567
3011108,-63.59868160386785
3011109,-38.27824081152429
3011110,138.52505751840474
3011111,8.210655524999044
3011112,39.30486853908243
3011113,75.75558056023984
3011114,112.2062925813977
3011115,152.79167844556625
3011116,260.76777965925584
3011117,58.32248815108479
3011118,-130.80992164218586
3011119,-110.81541684927542
3011120,-18.83793461273198
3011121,316.7287468278511
3011122,-84.21915312937453
3011123,-123.88362717203454
3011124,-54.52164114475162
3011125,39.270494395935394
3011126,-58.727905108371296
3011127,-132.63013299159482
3011128,-127.3841743243891
3011129,75.53587955346889
3011130,1869.2590047496894
3011131,-129.2240115772917
3011132,-119.1424506328106
3011133,-99.16841803109428
3011134,-27.29688544495006
3011135,-59.220352827659134
3011136,118.20808306572253
3011137,17.7890662485399
3011138,-57.36508726274068
3011139,-35.90979473520546
3011140,39.235463646132494
3011141,-62.24683546279247
3011142,-40.063561759437825
3011143,135.33135016299113
3011144,4.999555577719736
3011145,62.95852673166447
3011146,74.36916341877232
3011147,109.6227186167218
3011148,145.90203605237522
3011149,244.9706260378068
3011150,70.9259671904244
3011151,-131.46088822406708
3011152,-111.46638343115664
3011153,-20.101435705836405
3011154,370.43691316789153
3011155,-88.9549891706818
3011156,-109.58189577326884
3011157,-54.16068756417989
3011158,119.84505926951734
3011159,-64.99667522214877
3011160,-133.86807975783884
3011161,-129.35987108010002
3011162,113.8993944872703
3011163,1871.8956996975055
3011164,-128.76357420496996
3011165,-119.75559469641307
3011166,-74.02188588444533
3011167,-1.022553866500441
3011168,-59.833496891261156
3011169,121.56718772083578
3011170,65.20607048814846
3011171,-57.768219128239515
3011172,35.893324468335514
3011173,38.919792216728375
3011174,-63.811771443236275
3011175,-41.40627500469308
3011176,134.45454422288478
3011177,4.258855909024721
3011178,36.147557473190055
3011179,72.18365207905863
3011180,108.63436410021696
3011181,142.8005077690029
3011182,246.51742304754563
3011183,72.73544719350339
3011184,-132.11185480594466
3011185,-112.11735001303059
3011186,-21.36493679894083
3011187,553.3039533916628
3011188,-93.69082521198906
3011189,-109.0442592866555
3011190,-53.79973398360452
3011191,108.2174999752635
3011192,-77.38026633924055
3011193,-77.16596190213549
3011194,-131.33556783581142
3011195,152.262909421074
3011196,1894.5848497561399
3011197,-128.3031368326472
3011198,-120.36873876001486
3011199,-74.63502994804712
3011200,-28.493197990728316
3011201,-60.44664095486386
3011202,121.83002359622078
3011203,105.32723809432146
3011204,-58.17890808467181
3011205,-36.53811150955725
3011206,-53.878267906681494
3011207,-65.37670742367827
3011208,-42.744334362998224
3011209,132.56913353127513
3011210,3.5181562403292514
3011211,35.40685780449413
3011212,71.19529756255788
3011213,107.64600958371393
3011214,96.44630854107591
3011215,248.0642200572813
3011216,74.54492719658602
3011217,-132.58938030462267
3011218,-112.59487551169404
3011219,-39.135588367061054
3011220,391.09446398589824
3011221,-75.89117149693884
3011222,-119.89406855840643
3011223,-49.4427599549388
3011224,48.89117545731752
3011225,-52.04225654312521
3011226,-91.33084320650214
3011227,-113.863207535934
3011228,37.05153750777671
3011229,1872.1983585528808
3011230,-119.8215045602414
3011231,-123.08725599885388
3011232,-77.353100877735
3011233,-4.376829756970022
3011234,-63.932039500731015
3011235,96.1062181081631
3011236,57.208059996290295
3011237,-65.89077394997803
3011238,-81.38763752677077
3011239,36.55444109984702
3011240,-63.89549523822624
3011241,-41.73081346717826
3011242,134.7791814894583
3011243,4.730048195472779
3011244,35.351450473071246
3011245,71.80216249422729
3011246,108.2528745153838
3011247,76.5428507816584
3011248,255.56079783738207
3011249,65.56040816340256
3011283,-132.10404008421645
3011284,-135.85652500701943
3011285,-11.46664765159839
3011286,324.6726070482211
3011287,-33.15736309073399
3011288,-131.74812947926765
3011289,-98.23857176757956
3011290,-57.717929845042626
3011291,-114.8115290159556
3011292,-149.75310353161584
3011293,-166.96528536961867
3011294,-220.24933445354932
3011295,1720.9506951241224
3011296,-100.27256839085082
3011297,-90.34135233208694
3011298,-70.36731973036949
3011299,1.3330017612381266
3011300,-30.419254526935713
3011301,127.84239105794605
3011302,31.83141727960238
3011303,-45.49151205878005
3011304,-69.97121726362029
3011305,-17.99309472935219
3011306,-83.91194865206971
3011307,-60.49972820253769
3011308,109.23430456412753
3011309,-14.602417627970947
3011310,21.565124453446703
3011311,63.47818752917302
3011312,102.96240074895577
3011313,133.60060216000576
3011314,142.61206584873545
3011315,109.4895979637724
3011316,-139.71429944801528
3011317,-119.69506052704564
3011318,-53.5426904704971
3011319,1973.3691676566716
3011320,-69.32794532311054
3011321,34.42507917141048
3011322,-39.48080143374572
3011323,540.8872023923116
3011324,354.61085275869954
3011325,122.89896018712734
3011326,-16.697763749085237
3011327,-127.57669718866127
3011328,1803.108025879528
3011329,-97.29374630057457
3011330,-86.84451935552288
3011331,-78.48346753444575
3011332,-6.385927281531433
3011333,-42.514092559030395
3011334,83.07457111037066
3011335,-26.008156649503956
3011336,-42.87766751845064
3011337,-46.07106127733622
3011338,43.56592955700963
3011339,-24.063184737858403
3011340,-13.567912133984276
3011341,151.07484523569494
3011342,29.43707045380525
3011343,64.02732143207068
3011344,103.57406076538128
3011345,109.30901767682617
3011346,425.85684288901956
3011347,42.8544270408831
3011348,27.714310160951033
3011349,-136.43275598247672
3011350,-116.43009947634236
3011351,-15.461296407854018
3011352,401.1310198014755
3011353,-55.84903827353154
3011354,-122.22204202177709
3011355,-60.995079945089664
3011356,49.869631610906445
3011357,-54.07164430936226
3011358,-119.51019446906575
3011359,-111.68868084761316
3011360,-187.89674176985366
3011361,1822.2334652768861
3011362,-116.28488466053606
3011363,-123.02319438753834
3011364,-51.79754400992537
3011365,-31.788639758682432
3011366,-63.72452933184221
3011367,93.165637404046
3011368,-54.0802327655172
3011369,-69.49979768688472
3011370,-84.91936260825041
3011371,21.356770274845264
3011372,-65.20503485462977
3011373,-39.796130973537664
3011374,133.351269675187
3011375,8.631563751978053
3011376,39.041561463919344
3011377,75.61861651969203
3011378,112.18865579507401
3011379,167.00251915747614
3011380,73.08374760088937
3011381,65.81839954639709
3011382,-130.55440943077954
3011383,-111.95443056101321
3011384,-27.012343291937935
3011385,591.5518533889565
3011386,-127.21354715274974
3011387,-57.09235127404353
3011388,19.213180195473985
3011389,95.86304160775781
3011390,-52.357294641469515
3011391,-121.68481466034682
3011392,-95.33248211164918
3011393,1134.4976689779353
3011394,1193.7072240337095
3011395,-88.39358290863497
3011396,-102.88729904422853
3011397,-97.06112339235032
3011398,-52.133105750080894
3011399,-53.70165754574126
3011400,35.06279043926926
3011401,-51.641739097741755
3011402,-55.2639185661067
3011403,-58.886098034470514
3011404,7.54005114441971
3011405,-61.2161406050839
3011406,-59.87258435266475
3011407,45.010564895551134
3011408,-3.0397966074604414
3011409,23.45229201636467
3011410,49.21148766702864
3011411,77.7295001802624
3011412,117.4047205439294
3011413,96.19668978720183
3011414,83.54238798787874
3011415,-125.03849641933884
3011416,-105.54834635957268
3011417,-32.63745416013152
3011418,200.9136077950072
3011419,-20.628075937855822
3011420,-105.90913053548574
3011421,-72.62861701401998
3011422,188.6272456617273
3011423,-9.697439975883565
3011424,6.7049373428401005
3011425,-115.30349980599776
3011426,-146.4936392580419
3011427,1809.9727128366937
3011428,-64.83848827525792
3011429,-80.93311298931285
3011430,-56.72403982947598
3011431,-38.08885604716696
3011432,-46.1643354626838
3011433,98.24924248287444
3011434,-69.2487199696689
3011435,-81.95565229402773
3011436,-89.30480130058531
3011437,-99.20488887044557
3011438,-76.60173099076637
3011439,-53.566030895241774
3011440,118.75355708035177
3011441,-1.0760789808535196
3011442,29.46770599006614
3011443,65.80898235562036
3011444,100.24648881489811
3011445,121.72177532007682
3011446,114.47089751994208
3011447,107.22001971980508
3011580,-92.52383596032341
3011581,-85.49892938269731
3011582,-109.28316635008268
3011583,555.8960111263289
3011584,-0.14047569865469312
3011585,-89.37130933179542
3011586,-71.70103694021309
3011587,70.78095389789742
3011588,-63.925866587832196
3011589,-55.472547199408645
3011590,-97.64316515881119
3011591,133.9094096917904
3011592,933.4878795353957
3011593,-84.88739450835355
3011594,-63.106537637050145
3011595,-43.13542460055104
3011596,28.299622620738507
3011597,-3.364291984849426
3011598,156.08705160916062
3011599,7.278252236194209
3011600,-7.7957156159578
3011601,-22.869683468111173
3011602,-1.9682527654238515
3011603,-35.417904438351606
3011604,-21.6542603595456
3011605,138.75278093998642
3011606,27.50815647117152
3011607,83.84562682495125
3011608,93.29425083967745
3011609,121.91863529879465
3011610,331.96407167760043
3011611,65.65404570676147
3011612,60.70240152216248
3011943,-92.21021151152927
3011944,-82.97526256712699
3011945,28.057764380636588
3011946,520.4078681954372
3011947,-0.16893512469031746
3011948,-79.65513304533015
3011949,-69.73475728376143
3011950,35.08779386405168
3011951,-47.21287422744698
3011952,-83.75443914976658
3011953,-98.24172586185914
3011954,155.5891973729567
3011955,901.347679143074
3011956,-84.89652251307602
3011957,-63.0211525686398
3011958,-17.70895667147992
3011959,-23.59813082034911
3011960,-3.7125645125002324
3011961,156.0733935570133
3011962,7.160450612618167
3011963,-7.913517239532933
3011964,-22.98748509168608
3011965,66.32693985359056
3011966,-36.68074021158444
3011967,-20.440994666644468
3011968,142.48496723784885
3011969,29.077742604313432
3011970,56.80353520500076
3011971,93.22488347163672
3011972,124.62386553937195
3011973,326.3683060990713
3011974,68.43700674104566
3011975,62.91661203600889
3012306,-99.27714864044064
3012307,-98.92970442158075
3012308,22.78255468685639
3012309,496.1653437838333
3012310,7.798657258278769
3012311,-73.70518456372774
3012312,-75.00962947221414
3012313,86.70110998139008
3012314,-47.745753785220394
3012315,-85.14413531105747
3012316,-90.20086932456415
3012317,112.20070108530429
3012318,900.6167028535795
3012319,-93.45877833551019
3012320,-74.81104662801549
3012321,-27.318398697318838
3012322,44.87784867174056
3012323,-14.172758152130239
3012324,143.080321263659
3012325,-9.479691846414237
3012326,-25.151062343511096
3012327,-4.8098892347023074
3012328,24.675604053253853
3012329,-43.25705962632018
3012330,-27.9697242997925
3012331,132.4124656767187
3012332,19.202645063725146
3012333,53.13274332228385
3012334,90.50918651683806
3012335,103.93164525392122
3012336,359.0373344838583
3012337,48.57577349645472
3012338,43.95201779675764
3012669,-97.26422076030103
3012670,-93.03754537747118
3012671,-23.077181328592626
3012672,452.80238617029426
3012673,6.17098747044766
3012674,-84.61727318615594
3012675,-71.59511944678233
3012676,83.81343687755016
3012677,-56.78756832606067
3012678,-55.37799103061551
3012679,-92.52731347568151
3012680,147.50549130050567
3012681,973.0298109007625
3012682,-92.5216138672876
3012683,-72.35060573404694
3012684,-50.46447849091661
3012685,-31.04753878244973
3012686,-11.964158430032324
3012687,147.1795084437217
3012688,-6.293025302897643
3012689,-21.366993155048743
3012690,-37.305163572197024
3012691,52.05315703020843
3012692,-43.457198671252435
3012693,-24.22809749736079
3012694,134.51437770169852
3012695,23.061167931611823
3012696,53.85065943221908
3012697,90.27200769885276
3012698,111.31636559970612
3012699,180.5493767258906
3012700,55.88757338651404
3012701,50.401989261221125
3013032,-98.65343868210293
3013033,-88.01838969348573
3013034,12.489811207525424
3013035,465.0477562426706
3013036,19.429494776143844
3013037,-70.25701568728509
3013038,-50.12836032310842
3013039,81.23157306154663
3013040,-55.8508224659552
3013041,-46.01748468447003
3013042,-77.62193811255774
3013043,346.430955804433
3013044,887.9462830180607
3013045,-92.40175819601943
3013046,-87.06236754890408
3013047,-46.85252135818431
3013048,1.1817950368662946
3013049,-29.20516010045257
3013050,102.8908582554961
3013051,-19.801399924849687
3013052,-35.84408956885708
3013053,-51.89247383143064
3013054,-30.566459893100085
3013055,-53.548514936597975
3013056,-29.416892895229733
3013057,134.76366426316847
3013058,15.813070808789877
3013059,47.15003575171314
3013060,78.63055381371142
3013061,101.06202718792493
3013062,350.42752341326167
3013063,44.67490053280081
3013064,36.70686834683939
3013230,-93.40914721799963
3013231,-79.5835890902952
3013232,-13.035334337425223
3013233,331.0716265329149
3013234,-0.28277282880553
3013235,-92.63565202334102
3013236,-61.86963865796569
3013237,63.571318572129904
3013238,-50.46043041958618
3013239,-139.22157477972885
3013240,-100.5752283043992
3013241,244.23189207198928
3013242,960.1277996004833
3013243,-84.93303453196772
3013244,-64.04907124570825
3013245,-19.10204678207428
3013246,26.59706634739378
3013247,-5.105654623093908
3013248,151.97883504384023
3013249,6.750719524424955
3013250,-8.38472373383392
3013251,35.38547812490216
3013252,-2.605133224286685
3013253,-41.611788909142696
3013254,-17.986247305456157
3013255,144.91084414601139
3013256,28.36387919531781
3013257,55.78525593977766
3013258,90.62382277516117
3013259,127.04517104179759
3013260,163.4038424004486
3013261,79.56885087818064
3013262,71.7734540913918
3013263,-97.9610417239408
3013264,-89.64574131889712
3013265,20.485347016832026
3013266,386.04259852919057
3013267,7.684819554154462
3013268,-85.27763052383925
3013269,-67.14451084641478
3013270,78.11868289775084
3013271,-48.09267657797026
3013272,-134.80997551599538
3013273,-92.46728449494258
3013274,201.18622126395857
3013275,1005.7236101033428
3013276,-89.27180956100942
3013277,-74.46950635437217
3013278,-27.305614693998034
3013279,44.48671156099359
3013280,-14.623846425730601
3013281,111.28169835353715
3013282,-9.950898340714996
3013283,-25.02486619286587
3013284,-22.588936223535523
3013285,3.43948933979819
3013286,-47.14565422873128
3013287,-22.40302387259207
3013288,140.9344392836376
3013289,22.040121664081386
3013290,51.48677755372747
3013291,87.9081258203616
3013292,114.7525662162363
3013293,171.4429707113588
3013294,59.707617633588335
3013295,52.808859852139186
3013296,-98.26077565056293
3013297,-87.32475054322894
3013298,19.911045099325936
3013299,393.10432938528464
3013300,7.6563601281315705
3013301,-85.49631373312404
3013302,-65.17823118996675
3013303,91.39296591395323
3013304,-44.53815257878504
3013305,-111.2327307199128
3013306,-93.00339653936116
3013307,223.4326013086248
3013308,965.5687511879828
3013309,-88.22506736738312
3013310,-74.38412128596183
3013311,-27.65388722164725
3013312,17.591018291537882
3013313,-14.736618494131601
3013314,142.65481207492186
3013315,-10.06869996428922
3013316,-25.142667816441683
3013317,18.741896601261676
3013318,49.22793473471685
3013319,-45.93238853583015
3013320,-21.254414536940924
3013321,141.23679446281605
3013322,21.789316901684476
3013323,58.223341278066265
3013324,87.25786064624272
3013325,117.4577964568145
3013326,334.4100858883282
3013327,62.490578667870714
3013328,55.02307036598332
3013329,-127.6188598407487
3013330,-157.86366220581002
3013331,-86.5809724317176
3013332,-220.78271975458918
3013333,-6.365032782844349
3013334,-96.15314407235273
3013335,-107.97920176426378
3013336,-18.394476241889418
3013337,-45.41577282744837
3013338,-41.92415839959248
3013339,-47.391560768878925
3013340,-76.8918710998344
3013341,1597.193220953029
3013342,-115.40690711222787
3013343,-97.07291706090261
3013344,-75.5072361493
3013345,-53.941555237698175
3013346,-33.09946540334753
3013347,106.15539095512595
3013348,-46.707528579045665
3013349,-5.148049714017628
3013350,-22.169200077830094
3013351,31.722499299429007
3013352,-32.04084006329666
3013353,-22.785116551260938
3013354,104.26235755595663
3013355,9.410510127545155
3013356,32.853834231799475
3013357,69.11053643073201
3013358,78.8586283086408
3013359,1344.9482538497266
3013360,269.5942256874825
3013361,13.371013924698406
3011613,-100.28525465119564
3011614,-87.98315194394199
3011615,-111.63521376343378
3011616,348.6674448410915
3011617,-12.148394396747602
3011618,-101.78568687531042
3011619,-73.26737895110345
3011620,55.07888383642349
3011621,-55.425645236802474
3011622,-41.99846183627577
3011623,-89.96383120648288
3011624,-67.63670880345403
3011625,1417.294808782164
3011626,-91.07496900025482
3011627,-74.28024576681246
3011628,-54.30621316509545
3011629,-8.5725043531293
3011630,-14.358147961661228
3011631,149.4029139785509
3011632,0.5652154792971555
3011633,-14.487949174910039
3011634,-29.541113829116323
3011635,-45.23226699486012
3011636,-33.658046073868526
3011637,-23.46082806426129
3011638,134.38544027048803
3011639,22.745351419395508
3011640,55.29263402692069
3011641,93.56404473088215
3011642,122.42424195143913
3011643,751.2582476711443
3011644,62.91400202235601
3011645,62.575683324019074
3011646,-182.35413926449726
3011647,-212.59894162956587
3011648,-139.15050900174427
3011649,-448.1642522350583
3011650,-18.43309992138965
3011651,-108.37552757054691
3011652,-171.9067982624281
3011653,-220.32068024705293
3011654,-145.59461408739006
3011655,-113.64021124798164
3011656,-71.98110053116743
3011657,-160.63600376071443
3011658,1480.25480116283
3011659,-85.66283159348454
3011660,-77.27659318005026
3011661,-30.523746007067796
3011662,-8.958065095466093
3011663,-12.579550445242187
3011664,89.77588365334687
3011665,-37.097926550363844
3011666,-39.547515486837746
3011667,-44.38589845422806
3011668,-2.566628902367295
3011669,-19.7425536421495
3011670,-3.3581827033861305
3011671,102.22063671580527
3011672,27.043597068071183
3011673,44.83360239999703
3011674,67.21548629223862
3011675,96.05980019597037
3011676,903.2167120542824
3011677,5.330183349681381
3011678,29.664602001396094
3011679,-132.6087985810107
3011680,-155.27347756979614
3011681,-178.0078397924033
3011682,190.33983566219214
3011683,-60.151455761601746
3011684,-132.7757773239471
3011685,-141.0831075271224
3011686,34.3015091022564
3011687,-74.63553720702639
3011688,23.200735026143054
3011689,-40.95784240565062
3011690,-133.23279999393824
3011691,1157.9926531610895
3011692,-92.56971842071373
3011693,-93.23874090231747
3011694,-62.3735304001298
3011695,-70.01824922986934
3011696,-49.87453293831758
3011697,77.81288161826383
3011698,-42.40255833765949
3011699,-45.682843777735606
3011700,40.32367857283608
3011701,29.76991870642151
3011702,-14.688606285415329
3011703,1.6016057310791507
3011704,127.48494252906785
3011705,33.336952771851166
3011706,47.574562366423116
3011707,68.25918771715551
3011708,94.71213131999339
3011709,698.7669183887094
3011710,92.91453090888963
3011711,40.569310264364695
3011712,-125.49066501663656
3011713,-145.56332467198698
3011714,-72.33867033821552
3011715,236.4331335633535
3011716,-59.016241139738476
3011717,-129.80974097055403
3011718,-132.2339207348712
3011719,89.93745678072374
3011720,-56.5613465126551
3011721,42.676630677883814
3011722,-39.40697130865991
3011723,-132.86497877713717
3011724,1486.115455685945
3011725,-91.79943487381017
3011726,-91.99865911523607
3011727,-87.76714491855937
3011728,-68.7135873044072
3011729,-48.85654906827566
3011730,80.33020144407051
3011731,-40.853449468925454
3011732,-45.47785444638411
3011733,-35.190776485799496
3011734,-1.5757424639112219
3011735,-14.489990533123358
3011736,0.445977053610211
3011737,124.37938847215419
3011738,32.53634119224508
3011739,46.77395078681567
3011740,68.10914256899896
3011741,97.00414691505485
3011742,386.0608394383177
3011743,95.44089369539797
3011744,42.30864598504487
3011745,-157.83651206656103
3011746,-181.24826415146052
3011747,-204.66001623635273
3011748,-158.4911237712993
3011749,-46.398470463048206
3011750,-90.27264939606611
3011751,-151.25542840775304
3011752,82.67826450722278
3011753,-87.48717954793555
3011754,8.044619389057704
3011755,-36.76425798731888
3011756,-110.67003261374684
3011757,1365.3197198864202
3011758,-106.13572655238868
3011759,-100.29221032225148
3011760,-94.44869409211496
3011761,-82.64017880990131
3011762,-62.480658924113904
3011763,48.539071130360945
3011764,-76.35074910091411
3011765,-59.67724302202195
3011766,-43.53107278299675
3011767,-10.116957740227274
3011768,-26.361811962823406
3011769,-12.034133541117438
3011770,96.84444993149846
3011771,17.074856705087956
3011772,31.62935182819111
3011773,53.348128915076096
3011774,88.25281160606865
3011775,342.46094889558316
3011776,18.176803251163808
3011777,30.637954347220973
3011778,-114.86382599743847
3011779,-137.76968869279042
3011780,-161.33434626023407
3011781,-227.37839576572586
3011782,-41.38242833875919
3011783,-107.94140965340266
3011784,-139.67208545998145
3011785,-27.90354136063142
3011786,-99.06272774157496
3011787,-41.42282696326837
3011788,-79.24512349060824
3011789,-170.55630384178815
3011790,1720.395262011047
3011791,-87.48357098208366
3011792,-79.41915431349246
3011793,-59.54217555188033
3011794,-13.532891669905705
3011795,-19.788218028657678
3011796,120.23846747009857
3011797,-11.861712783591923
3011798,-26.916380302526516
3011799,-38.99021662095746
3011800,-28.780437315799002
3011801,-18.570658010642813
3011802,-8.328311979212042
3011803,120.2087999346597
3011804,21.47873223219968
3011805,41.60083355873004
3011806,79.81047514837901
3011807,117.7166211378546
3011808,678.7081689806994
3011809,-3.0883410843560273
3011810,69.56321254420591
3011811,-107.5032630476151
3011812,-98.9174423802422
3011813,-128.74156494772504
3011814,273.5871707292292
3011815,17.263826941990562
3011816,-79.50979953823553
3011817,-50.882909217539044
3011818,172.820444389313
3011819,-84.64659946688498
3011820,8.758149697622873
3011821,-59.3600083072968
3011822,232.52364551796651
3011823,1122.5702301704005
3011824,-82.6318020785606
3011825,-82.65344415506677
3011826,-76.86983465369649
3011827,-32.09535783235405
3011828,-40.71248153129094
3011829,121.75876568761846
3011830,-37.72535607000331
3011831,-53.773740332575734
3011832,-69.82212459514976
3011833,-46.87395590547457
3011834,-58.00693272164134
3011835,-32.37146183871827
3011836,129.5427137793251
3011837,11.641373159488655
3011838,46.17163696452209
3011839,82.5929852311594
3011840,92.90982391546432
3011841,787.2408849197689
3011842,37.98049215460943
3011843,30.301288324527565
3011844,-103.9227971756507
3011845,-85.32800180969097
3011846,-18.68110237265027
3011847,179.06377270151754
3011848,-7.569440219391975
3011849,-100.69486408381708
3011850,-63.21700183055581
3011851,133.42085885955586
3011852,-66.6915556453212
3011853,-59.18559739390984
3011854,-84.91660129438087
3011855,42.996580687409924
3011856,1509.0693970437203
3011857,-97.52218151858283
3011858,-80.67884326771188
3011859,-35.01853650314187
3011860,-40.907710652011964
3011861,-21.022144344161273
3011862,146.67417809280093
3011863,-9.872322798391945
3011864,-25.028885538544994
3011865,-22.35922893748447
3011866,-37.666869791608214
3011867,-45.74801473972983
3011868,-23.6390152588995
3011869,141.334761374497
3011870,24.19218154601386
3011871,53.224075721335986
3011872,89.64542398797057
3011873,126.06677225460608
3011874,1108.7307293000756
3011875,159.14080772839927
3011876,65.36787406908134
3011877,-109.86162476318968
3011878,-99.8988226561767
3011879,-26.988250247729223
3011880,-37.59707753578804
3011881,-22.479915800452357
3011882,-114.29122536211325
3011883,-78.52107845186474
3011884,57.912200831008896
3011885,-63.50839447586785
3011886,-124.52520130269276
3011887,-100.04105981820457
3011888,-85.59180611326887
3011889,1787.0448961276002
3011890,-107.55318379000464
3011891,-89.53224393414318
3011892,-43.79853512217577
3011893,-23.82450252045832
3011894,-29.610146128992294
3011895,141.42394697756296
3011896,-13.130701092276961
3011897,6.692132851457888
3011898,15.297199608274884
3011899,6.122120176579944
3011900,-35.4753013537077
3011901,-25.167088070064704
3011902,122.4001736608886
3011903,10.95040125188935
3011904,47.12950898230948
3011905,85.46832437550366
3011906,119.18594785711612
3011907,1687.7380091682228
3011908,188.14596842366765
3011909,48.48972112146131
3011910,-131.6761100311949
3011911,-117.99560740026463
3011912,-53.51144170734077
3011913,898.3489325758467
3011914,-58.47718413757392
3011915,-122.3433272020673
3011916,-87.4640702428067
3011917,319.38514798566865
3011918,-11.468965963361182
3011919,49.95542255486199
3011920,-11.220783723766356
3011921,-117.56313657375749
3011922,1690.865865948182
3011923,-79.44160717011714
3011924,-78.65457319820091
3011925,-74.33417950956282
3011926,-67.90379705891228
3011927,-48.19618554519324
3011928,73.50144091141529
3011929,-42.405479924325654
3011930,-37.93363744187017
3011931,-27.64548555650917
3011932,-17.307327153660292
3011933,-6.890065361825048
3011934,5.99512617374258
3011935,156.06759246367457
3011936,38.81302385466571
3011937,56.719281281128325
3011938,79.19008824417934
3011939,104.49411418349719
3011940,902.4778858591674
3011941,341.6252883577733
3011942,22.94940041036644
3011976,-112.96308511543866
3011977,-131.62154181296026
3011978,-58.82063746050225
3011979,-1.313264118362706
3011980,-6.678086469172552
3011981,-99.10139103577676
3011982,-86.35012554331733
3011983,123.16425161434309
3011984,-58.49067428484776
3011985,-94.62036108240208
3011986,-55.06083787499919
3011987,-93.45118376746409
3011988,1640.7863141357604
3011989,-109.65193220305302
3011990,-101.66444815186519
3011991,-81.77888184401381
3011992,-36.11857507944482
3011993,-41.24537515446631
3011994,110.89137734104766
3011995,-45.472829692934546
3011996,46.621984455577795
3011997,-54.86176789234086
3011998,-39.290735133389525
3011999,-44.990344704954886
3012000,-36.60481756662174
3012001,107.68810034128656
3012002,3.7921382486490143
3012003,40.32621370294802
3012004,78.59762440690947
3012005,89.17416498614712
3012006,857.523280623004
3012007,179.28122718428423
3012008,24.649258161416316
3012009,-111.15295538996979
3012010,-109.45776664727127
3012011,-37.40522580238284
3012012,19.55281732618933
3012013,3.828935490263764
3012014,-92.86056990696561
3012015,-57.64221457474449
3012016,179.0832732292731
3012017,-51.198360873470655
3012018,-89.58922923158916
3012019,-62.024931426347656
3012020,38.555410758905815
3012021,1558.5693076779066
3012022,-95.97069462148583
3012023,-99.00096933351362
3012024,-55.48938211189674
3012025,-9.674631202518224
3012026,-43.38717130700528
3012027,125.78541140233115
3012028,-41.16884280483877
3012029,-21.411568328713013
3012030,-73.26561132998522
3012031,-38.23685141460491
3012032,-56.82799722197277
3012033,-39.79624425405317
3012034,126.53724745835252
3012035,8.73789427704033
3012036,62.43479863019885
3012037,85.18923062243148
3012038,87.41587592997139
3012039,982.9011086828452
3012040,33.91007711883068
3012041,27.55348902162378
3012042,-109.03893050705192
3012043,-102.10784252743797
3012044,-125.89207949483061
3012045,245.4546954050813
3012046,-5.3816276554469304
3012047,-96.01905943553611
3012048,-76.06338310020764
3012049,174.90927742899677
3012050,-44.08873542544351
3012051,-27.256333629372232
3012052,-72.49665796221443
3012053,-102.08636579247745
3012054,1568.0591385465718
3012055,-95.76095732370804
3012056,-90.05560430384064
3012057,-44.39529753927108
3012058,-24.509731231420385
3012059,-30.39890538028889
3012060,132.03346920193255
3012061,-28.771013471166082
3012062,-44.7411413467651
3012063,-61.3168933447021
3012064,-8.953265070612172
3012065,-52.71047855317901
3012066,-30.166858282914557
3012067,131.8165778394184
3012068,16.120015114517816
3012069,49.93700147029423
3012070,86.35834973692972
3012071,112.37919056126357
3012072,950.6674184884148
3012073,192.69840420590592
3012074,52.983223340744836
3012075,-97.58041678513
3012076,-101.6069845102309
3012077,-32.51736604454599
3012078,567.4835597844824
3012079,4.542803176214154
3012080,-97.0531154300268
3012081,-112.79824947511297
3012082,-29.22080480818367
3012083,-123.45678709997883
3012084,-30.778053710116904
3012085,-145.97420094530165
3012086,229.41009779319424
3012087,1144.2556762210663
3012088,-59.48880599140197
3012089,-51.99573016332639
3012090,-32.86995471583638
3012091,11.496518399102076
3012092,4.222653864858746
3012093,87.50885528529507
3012094,-12.391400578541418
3012095,-29.702164352620496
3012096,-33.48968793824023
3012097,41.83282158903713
3012098,-69.25055075157233
3012099,-53.055226440252035
3012100,114.34698595385562
3012101,5.112321938171323
3012102,37.3479147301534
3012103,73.72723203041888
3012104,110.10654933068663
3012105,144.88066315803982
3012106,123.32197247796212
3012107,116.47891432016259
3012108,-125.84952661959942
3012109,-140.56017357398994
3012110,20.40961989680473
3012111,214.38488886769412
3012112,-13.961659080056773
3012113,-95.22605352736791
3012114,-129.96076613798576
3012115,-8.46775662161853
3012116,-75.27885427026995
3012117,-110.39786079228706
3012118,-92.7772793127986
3012119,-170.7841767275245
3012120,1005.6007185132793
3012121,-77.07872600313401
3012122,-83.43515485076595
3012123,-19.73238783632409
3012124,26.48663924897092
3012125,-33.16046779423986
3012126,91.13043455180987
3012127,-50.72006135276664
3012128,-68.21632288285745
3012129,-70.57666332964145
3012130,56.4113296773514
3012131,-53.22101374810135
3012132,-46.04314141216745
3012133,105.92680662146786
3012134,1.9549372446551456
3012135,40.18830701390353
3012136,78.42167678315282
3012137,102.50582103077586
3012138,325.9324833203561
3012139,44.159461580721846
3012140,39.4456699428658
3012141,-108.28014850294385
3012142,-90.7933610160424
3012143,-21.49800933788246
3012144,443.8351918141372
3012145,-29.1860797303605
3012146,-72.89095185906335
3012147,-25.85964762801886
3012148,36.99829131615498
3012149,-44.43996934955775
3012150,-74.75404007753359
3012151,-88.40889980607999
3012152,340.2155698243328
3012153,922.3257963852986
3012154,-70.93725478761432
3012155,-66.99967271631571
3012156,-67.32887071850841
3012157,-8.563138294688581
3012158,-44.43209580549209
3012159,46.03234651424665
3012160,-56.535433743663624
3012161,-67.64326343940301
3012162,-71.28624610571414
3012163,64.12254381517842
3012164,-70.91556032739918
3012165,-46.3107769603428
3012166,126.43155238166374
3012167,8.302157142718176
3012168,35.72353388718076
3012169,71.2820647930359
3012170,104.55824446353718
3012171,76.50384602076993
3012172,71.22798040161497
3012173,64.58142820121539
3012174,-110.59466754055647
3012175,-97.57368339901113
3012176,-120.13945789079916
3012177,496.4775343147059
3012178,-28.411471188311037
3012179,-110.7465932068415
3012180,-110.68280990717248
3012181,-3.7129367149635004
3012182,-110.37798330330934
3012183,-44.12312148917298
3012184,-104.48349619283799
3012185,-183.61520901688257
3012186,1143.7038968492222
3012187,-84.6454193844824
3012188,-78.7165247600963
3012189,-58.959224383940445
3012190,-12.18137789107622
3012191,-19.44462363162715
3012192,57.383726780655444
3012193,-18.575931389279315
3012194,-34.17726697679635
3012195,-53.84959433000021
3012196,24.397553576679645
3012197,-42.43893582856507
3012198,-23.689879776652827
3012199,132.99857859320875
3012200,23.459141098394145
3012201,52.255437292852285
3012202,88.63475459311776
3012203,125.00181134253371
3012204,94.90760060209705
3012205,91.33509076512355
3012206,87.76258092815233
3012207,-127.74119414256965
3012208,-148.44151649075027
3012209,-173.24408312497943
3012210,298.448384550001
3012211,-17.049824429769426
3012212,-99.18351207650339
3012213,-146.03162321339076
3012214,-6.917578652441801
3012215,-94.48054027958715
3012216,-25.430840805525616
3012217,-100.16943596646051
3012218,-178.12682022913603
3012219,1003.6955557287944
3012220,-70.68295207436533
3012221,-76.40612241689114
3012222,-68.43699046501665
3012223,4.320713484485356
3012224,-28.92156331651317
3012225,88.44127971751296
3012226,-47.03681764917568
3012227,-69.45573099149787
3012228,-71.76032332587765
3012229,38.567698574954385
3012230,-53.39359665059309
3012231,-45.17896313646933
3012232,106.32151053501839
3012233,2.4916864275757757
3012234,40.683025230455506
3012235,78.88009946093116
3012236,109.06942681298024
3012237,302.58264511736905
3012238,51.484109928185454
3012239,48.4613365548341
3012240,-104.13025562066359
3012241,-87.96085179503898
3012242,-21.41259704217263
3012243,395.92873865848486
3012244,-19.8727129361021
3012245,-101.59316979195209
3012246,-88.73337281341337
3012247,148.27011614051955
3012248,-88.11058290982128
3012249,-125.80809337231567
3012250,-101.93853301492099
3012251,-24.307010518966234
3012252,1600.6032603093997
3012253,-85.75933090814583
3012254,-69.10022775568022
3012255,-22.249056414146747
3012256,-2.986768057823649
3012257,-11.836294964111215
3012258,111.52291614735869
3012259,-18.286430013519105
3012260,-12.310435884649717
3012261,-55.81982040928714
3012262,16.963871566848145
3012263,-53.11584048823833
3012264,-30.081214317494226
3012265,133.9975807209514
3012266,22.701240249715926
3012267,50.69098488269375
3012268,93.37372541599252
3012269,117.1062235334277
3012270,1164.5023855409897
3012271,125.82233742951685
3012272,118.62604876549558
3012273,-104.41086694164441
3012274,-87.39302231818037
3012275,-20.844767565303112
3012276,394.7790983406223
3012277,-19.901172362134087
3012278,-91.19411179166563
3012279,-52.992390904268895
3012280,170.4855439804289
3012281,-65.86234123631202
3012282,-96.4754168383286
3012283,-102.77255560745179
3012284,9.842279145871846
3012285,1617.973382959911
3012286,-86.17176647878391
3012287,-69.46475576298944
3012288,-22.843823642625733
3012289,-31.58134009688119
3012290,-13.163301738227158
3012291,105.85766224169261
3012292,-20.702967132025417
3012293,24.528170130545465
3012294,-56.47734986242612
3012295,-25.731154293694356
3012296,-54.37184148904661
3012297,-31.337215318299325
3012298,131.63140128281768
3012299,22.27822450438244
3012300,50.374941322781716
3012301,80.0889802327899
3012302,116.46829753305765
3012303,1573.5388007929362
3012304,128.06828518591666
3012305,120.87199652189356
3012339,-129.07266431279893
3012340,-148.13231258638805
3012341,-171.6314689233357
3012342,48.888134773778084
3012343,-25.763767884153634
3012344,-105.59421465438281
3012345,-126.48012221166645
3012346,156.94125876525615
3012347,-91.76738230063329
3012348,5.9575804090447555
3012349,-58.06813116339007
3012350,-153.96631072932658
3012351,1216.8576536126027
3012352,-85.94471406923087
3012353,-84.84700228057709
3012354,-54.093452285300636
3012355,-35.07882119757827
3012356,-41.8803423384741
3012357,80.38456394729629
3012358,-57.08469401638107
3012359,-74.88522046109738
3012360,-64.6996948091999
3012361,-31.88266872163039
3012362,-45.282175706717034
3012363,-38.10430337078086
3012364,92.54238251437455
3012365,0.20167964918774262
3012366,35.37008064494031
3012367,73.56141944782048
3012368,104.98787222239044
3012369,685.3975813759132
3012370,47.092620727263885
3012371,41.612118870325695
3012372,-141.4402159983172
3012373,-165.37638082833908
3012374,-189.31254565835005
3012375,-237.58148624162894
3012376,-38.27312544829946
3012377,-125.56698644844691
3012378,-150.07089954877554
3012379,-34.48813150965797
3012380,-107.59372619496735
3012381,3.0527557083998613
3012382,-79.90349917577878
3012383,-171.30734695723598
3012384,1774.3297300927532
3012385,-81.20030863584297
3012386,-77.34366398435104
3012387,-65.29613861928219
3012388,6.428190762992205
3012389,-25.60460527923537
3012390,100.10499591712228
3012391,-30.66918424459281
3012392,-18.186753362662596
3012393,-53.48130788676898
3012394,-8.06477329533281
3012395,-32.90346041108095
3012396,-22.691525988816277
3012397,109.54812436342509
3012398,13.11345076850576
3012399,40.840943439456815
3012400,77.33692641678245
3012401,115.52826521966263
3012402,943.3670811156364
3012403,75.06905402944012
3012404,68.89795662428124
3012405,-128.09681734120275
3012406,-142.74364161486554
3012407,-166.24279795180954
3012408,64.89284657690696
3012409,-25.77625863589746
3012410,-89.26384552707604
3012411,-121.31078621336637
3012412,90.27446094517036
3012413,-13.107952675386326
3012414,-8.151238627597916
3012415,-79.59859856824214
3012416,-155.32392806452052
3012417,1385.4405369307021
3012418,-84.67530581997339
3012419,-85.70472383494625
3012420,-81.57253430015025
3012421,-62.83333435822059
3012422,-43.25572445265656
3012423,83.09736928425919
3012424,-56.92945369266935
3012425,-75.79404302566654
3012426,-67.17558518235619
3012427,-34.24582462385323
3012428,-47.38209831567864
3012429,-40.20422597974156
3012430,75.78043231197508
3012431,1.4869106023772543
3012432,36.7078256559732
3012433,74.89916445885247
3012434,107.1231875177311
3012435,661.1703251475685
3012436,48.80132008178699
3012437,43.32081822484698
3012438,-118.05402073458644
3012439,-100.63828968256966
3012440,-119.73320673779271
3012441,216.5651609282315
3012442,-6.830534208422971
3012443,-95.9777881083126
3012444,-65.6998490344984
3012445,192.3306719897066
3012446,-90.83978090231885
3012447,6.7892321386873
3012448,-63.40424707699939
3012449,-132.83121794653496
3012450,1522.18663171674
3012451,-88.93815877408126
3012452,-100.37942625517228
3012453,-86.70898502863001
3012454,-67.38336715919608
3012455,-49.73018365844249
3012456,71.29876714645634
3012457,-52.29903052947842
3012458,-68.73046809978204
3012459,-85.30514617294175
3012460,-75.85847778787802
3012461,-53.493408464223
3012462,-30.981843594726154
3012463,134.71574982827607
3012464,13.19310566706027
3012465,44.192554311812465
3012466,80.57586164373488
3012467,110.55810136733835
3012468,795.4691029690641
3012469,56.64533377649078
3012470,49.94419243998001
3012471,-130.93348713814956
3012472,-154.3604878118629
3012473,-178.1437471593297
3012474,-33.17104553816424
3012475,-38.884128309523284
3012476,-121.01046619156368
3012477,-121.95643554869166
3012478,97.68435561309089
3012479,-48.12896525763407
3012480,26.535142574946992
3012481,-49.04124739179387
3012482,-154.23370224687304
3012483,1686.7727139344731
3012484,-89.27837857761419
3012485,-85.14618904281797
3012486,-81.0139995080222
3012487,-16.495564495999854
3012488,-47.66212729816383
3012489,75.23343406349359
3012490,-59.6904835320045
3012491,-11.43648267822736
3012492,-55.20945045487387
3012493,-7.2915815117651555
3012494,-34.838399151080274
3012495,-21.534756962758177
3012496,100.37385451383052
3012497,6.844485801777143
3012498,30.91573941866746
3012499,68.84358056981291
3012500,107.03491937269264
3012501,739.0176227115842
3012502,53.682231496195264
3012503,47.651993175634026
3012504,-121.81072627197027
3012505,-108.43986393431878
3012506,-131.3612674723652
3012507,173.22276221921058
3012508,-20.578703702939304
3012509,-101.47739976831762
3012510,-80.3122525274528
3012511,227.5351439688122
3012512,-33.326302121870675
3012513,-15.506637022696662
3012514,-54.37299663048706
3012515,-148.07447344437244
3012516,1427.7158325845244
3012517,-90.4979136185007
3012518,-101.54363200599748
3012519,-92.72003519006266
3012520,-73.33904143836916
3012521,-55.68585793761648
3012522,87.32556472409051
3012523,-62.73476383864685
3012524,-79.30944191180588
3012525,-77.076206031122
3012526,-42.507735292519364
3012527,-55.74225899827869
3012528,-40.87177310748192
3012529,117.337191954434
3012530,4.067077828243061
3012531,41.21044523521524
3012532,79.44381500446453
3012533,102.75419808718671
3012534,616.806210576978
3012535,45.830847638743954
3012536,42.80807426539578
3012537,-108.4028258578026
3012538,-87.77582239403164
3012539,-70.07882962129479
3012540,507.9815050960962
3012541,-51.706858742824615
3012542,-90.63337269898402
3012543,-58.78488840118079
3012544,239.2385882690498
3012545,-102.57971388411242
3012546,-127.32721786284928
3012547,-107.44793738094704
3012548,407.93464697756605
3012549,1693.9121381864443
3012550,-89.27249873534565
3012551,-83.21914129615179
3012552,-64.71263664363123
3012553,6.945753191198225
3012554,-27.6996273385901
3012555,83.8894963831835
3012556,-42.82452276493385
3012557,13.810836626927273
3012558,-56.47347700324898
3012559,24.493142825563798
3012560,-62.847858836196146
3012561,-39.81323266544886
3012562,112.2185328722896
3012563,20.936881763440585
3012564,49.52764456698352
3012565,77.52314231199917
3012566,109.79324942607191
3012567,1655.3307634135194
3012568,130.18945413123467
3012569,119.03450393954945
3012570,-129.5339536680465
3012571,-115.71475786238697
3012572,-59.643596715612865
3012573,521.2125333272154
3012574,-39.70963307596393
3012575,-109.37285848772153
3012576,-122.72198125729192
3012577,104.75241424672022
3012578,-63.6273542183906
3012579,-113.49542972039471
3012580,-78.59591907647136
3012581,-165.75900347762902
3012582,1204.6782163353848
3012583,-63.725835974074734
3012584,-59.525120670892115
3012585,-55.324405367708586
3012586,28.652129270671328
3012587,-42.852817116435325
3012588,60.60458722587983
3012589,-68.67045045229024
3012590,-67.97216006179023
3012591,-57.709335754468874
3012592,64.14592166050916
3012593,-39.52112090485597
3012594,-32.26166696543786
3012595,96.61073440307264
3012596,4.075462670695931
3012597,38.71234801626061
3012598,77.03470743548196
3012599,115.34537349258945
3012600,273.97793813802554
3012601,58.497387213436205
3012602,52.31781500523103
3012603,-114.87424921663005
3012604,-96.08124366628799
3012605,12.72671231104069
3012606,439.87507825584834
3012607,-15.827064459651222
3012608,-94.87723798033475
3012609,-65.46602559664534
3012610,146.42493082457733
3012611,-88.40649191669836
3012612,-42.654809302515595
3012613,-101.27841011236596
3012614,11.278727197998325
3012615,1534.8790540206899
3012616,-76.3231453021812
3012617,-84.38073955113934
3012618,-46.38981296486103
3012619,-27.843508674512844
3012620,-36.920539025931056
3012621,78.4701122833289
3012622,-50.611415159326306
3012623,-69.36560885342378
3012624,-77.9921885558072
3012625,22.99591805228393
3012626,-59.91533070055247
3012627,-37.58409647852594
3012628,128.35981411518716
3012629,12.64008484194456
3012630,40.26060312559749
3012631,73.64441173365522
3012632,110.02771906557855
3012633,250.89786680396693
3012634,97.65694588026845
3012635,90.95580454375722
3012636,-144.35366681857957
3012637,-130.76987947670094
3012638,-117.18609213482232
3012639,1061.702476497224
3012640,-41.534464163542715
3012641,-47.434479695936524
3012642,-74.23124673673264
3012643,481.69146196105356
3012644,203.46629560992844
3012645,-7.680655856490187
3012646,-9.645642487645812
3012647,-143.75772972362645
3012648,1783.073710406854
3012649,-65.88470551489506
3012650,-52.07891167109441
3012651,-41.548636122763845
3012652,-8.08877800029408
3012653,-30.04801009489169
3012654,44.47078553002185
3012655,-42.44810090186369
3012656,25.26913621206423
3012657,-21.922452287218032
3012658,15.88366579656186
3012659,1.3179241972790874
3012660,15.535966286101672
3012661,131.06470224059578
3012662,45.02174076723005
3012663,67.46313472270522
3012664,89.90452867818131
3012665,96.24160509882331
3012666,2335.39342591696
3012667,435.2098825119003
3012668,28.883784202061367
3012702,-124.9759355090453
3012703,-111.93010151793241
3012704,-130.0695552865898
3012705,161.5187605138901
3012706,-29.893926679119243
3012707,-108.88295005610853
3012708,-83.65362038397943
3012709,219.0058328804473
3012710,-82.26362772741668
3012711,-39.062513996623956
3012712,-52.509924224426676
3012713,-148.6008949019529
3012714,1629.2179945815776
3012715,-88.5553182679427
3012716,-94.03750017694567
3012717,-62.705560441151
3012718,-77.80301950649896
3012719,-60.149836005745136
3012720,79.15414577991051
3012721,-68.9277419168573
3012722,-85.50241999001791
3012723,-73.08864137709024
3012724,-62.903115725192755
3012725,-53.42820385812028
3012726,-42.647387068204615
3012727,114.22668546200676
3012728,3.7617191928895477
3012729,38.71644045905733
3012730,79.85076122418668
3012731,109.10573405844043
3012732,739.4754389774505
3012733,51.1044427490344
3012734,45.62394089209484
3012735,-119.78379207346988
3012736,-100.56281388770621
3012737,16.757382149194388
3012738,547.4663871160931
3012739,-23.222457450657014
3012740,-102.75216844866627
3012741,-72.54603418540573
3012742,133.440195441751
3012743,-52.072405071316815
3012744,-62.79025823581177
3012745,-89.63640444215825
3012746,-168.47284703383778
3012747,1431.851565550195
3012748,-81.68037899714027
3012749,-94.86286084781891
3012750,-85.64053520302745
3012751,-65.8828216287764
3012752,-47.84562277758577
3012753,74.41550361755908
3012754,-53.07190847642895
3012755,-68.67217013916915
3012756,-57.32640270056053
3012757,-42.51733588101232
3012758,-46.010951086230115
3012759,-25.685982449626675
3012760,136.81818003096143
3012761,16.461592398312593
3012762,61.314025271095225
3012763,78.40833383319314
3012764,114.74961019875009
3012765,335.5697166546776
3012766,87.12830229450465
3012767,80.42716095799297
3012768,-125.88105275457819
3012769,-112.19493574284824
3012770,-57.182720390984095
3012771,645.3225859766455
3012772,-37.29947484410949
3012773,-108.3877947284971
3012774,-92.32449430264641
3012775,122.51728225184088
3012776,-53.390525012634306
3012777,-75.0243343792652
3012778,-73.15767422531853
3012779,-159.7661903846013
3012780,1161.1700735131992
3012781,-64.42134199598108
3012782,-60.262327010718
3012783,-56.061611707534475
3012784,-23.244836165172995
3012785,-43.439378518821094
3012786,66.24110136632017
3012787,-65.65678937245984
3012788,-72.57464734086152
3012789,-62.31182303353743
3012790,30.522811903350163
3012791,-43.18368877343827
3012792,-35.928517782078224
3012793,109.24824543645373
3012794,7.872126453241169
3012795,44.50526256630811
3012796,82.82798449892489
3012797,119.72655218023074
3012798,373.7750814027028
3012799,60.50967662817285
3012800,54.330104419968585
3012801,-112.28222346439615
3012802,-91.39247201171274
3012803,-73.28812422725132
3012804,565.801804979744
3012805,-66.34600865231805
3012806,-110.40189909073779
3012807,-67.55589705528728
3012808,187.349406155555
3012809,-88.53315056105184
3012810,-127.69907013272841
3012811,-108.22647435527897
3012812,211.26867098818352
3012813,1636.4978449076798
3012814,-84.24707584579942
3012815,-83.95409208046594
3012816,-37.748708370873864
3012817,-46.80403123865157
3012818,-28.229000817743366
3012819,67.16219668834056
3012820,-47.513541971861095
3012821,12.883408431116283
3012822,-58.83113220051272
3012823,-26.42649774473311
3012824,-66.70837167522068
3012825,-43.493048763101605
3012826,101.58287981119766
3012827,20.146203184078065
3012828,50.1341958204459
3012829,78.51362451746554
3012830,110.83036925255529
3012831,1555.7479083752944
3012832,131.94093041250537
3012833,120.97670219593529
3012834,-130.24559948893037
3012835,-118.69324196023699
3012836,-38.46228829785722
3012837,473.23431371047553
3012838,-14.076554519297854
3012839,-101.23218154738679
3012840,-51.255800623474705
3012841,111.60890582682187
3012842,-9.1272907577284
3012843,-78.61883146786367
3012844,-70.90814720663347
3012845,-108.89933070305624
3012846,1757.878401590481
3012847,-102.61241652078756
3012848,-114.79756546753394
3012849,-78.50554679671568
3012850,-6.926228900126073
3012851,-67.29636933576403
3012852,93.96882324349367
3012853,80.56264275304257
3012854,-79.64583474437886
3012855,35.21075294154635
3012856,21.7308488190849
3012857,-66.67741081918875
3012858,-42.373696836107946
3012859,127.2685170422762
3012860,4.952148469562605
3012861,42.21923565720564
3012862,80.21028826505535
3012863,98.32046102617615
3012864,220.82120258049574
3012865,262.74009062697286
3012866,38.40691194504344
3012867,-130.2672717330777
3012868,-110.23048218960575
3012869,-15.007696893152382
3012870,489.75748265432884
3012871,-58.60165369897985
3012872,-85.66015645800216
3012873,-51.219006542542765
3012874,126.61395139814267
3012875,-48.6208896815131
3012876,-115.98206319332967
3012877,-107.96222452847341
3012878,-104.57004012354018
3012879,1821.3088540901372
3012880,-121.38502531980912
3012881,-120.64622458515537
3012882,-100.67182930936546
3012883,-28.879224948093263
3012884,-61.22034977778461
3012885,110.11273087838227
3012886,10.984651557630702
3012887,-63.729134822566074
3012888,5.169364314322781
3012889,-23.713353299266412
3012890,-63.440671368030316
3012891,-38.119779170923984
3012892,138.9694994812796
3012893,8.190762999399073
3012894,39.521347706279094
3012895,75.97205972743514
3012896,112.4227717485921
3012897,149.63861224914874
3012898,255.87680285305052
3012899,58.828073143566336
3012900,-131.0493946476188
3012901,-111.05488985470838
3012902,-18.631774955529902
3012903,565.657260724661
3012904,-85.87297949664462
3012905,-88.18459644004251
3012906,-54.85407341006138
3012907,144.0650681666004
3012908,-59.064935370074444
3012909,-133.2631077324211
3012910,-127.3287522828894
3012911,87.36836165735595
3012912,1875.7629253251282
3012913,-129.15025203187454
3012914,-119.15324601113893
3012915,-99.17921340942216
3012916,-27.318584778829557
3012917,-59.231148205988156
3012918,121.41318771124516
3012919,41.905969833292794
3012920,-57.04049927500163
3012921,-35.65841891766858
3012922,39.34650945944869
3012923,-62.253058757278986
3012924,-40.083454285036886
3012925,135.4959772750337
3012926,4.972912364047449
3012927,62.99369519448393
3012928,74.44981156792001
3012929,109.83919778391619
3012930,142.74896985596044
3012931,251.47381909242333
3012932,71.43155218290822
3012933,-131.70036122951095
3012934,-111.70585643657141
3012935,-19.895276048637964
3012936,553.5689681697434
3012937,-90.60881553795006
3012938,-87.646959953431
3012939,-54.49311982949147
3012940,119.00018485052551
3012941,-65.33370548385192
3012942,-134.50105449866604
3012943,-129.30444903860032
3012944,125.73187659116168
3012945,1878.3996202729456
3012946,-128.68981465955258
3012947,-119.76639007474118
3012948,-74.03268126277526
3012949,-27.916741051717775
3012950,-59.844292269590404
3012951,118.57975480690011
3012952,105.17323808472902
3012953,-57.443631140501374
3012954,36.13644719522764
3012955,39.2264318482241
3012956,-63.80307843563313
3012957,-41.42616753029305
3012958,134.72824017125114
3012959,4.232212695351979
3012960,36.12091425951731
3012961,72.4001312462553
3012962,108.85084326741044
3012963,139.64744157258494
3012964,218.83810651969563
3012965,73.24103218598721
3012966,-132.35132781138125
3012967,-112.35682301845263
3012968,-21.158777141749663
3012969,568.470576042487
3012970,-95.34465157925915
3012971,-109.3133980250248
3012972,-54.13216624891428
3012973,121.82571179545376
3012974,-85.70919029117321
3012975,-21.534598370067936
3012976,-131.28014579431127
3012977,164.0953915249613
3012978,1900.2737557530252
3012979,-128.22937728723062
3012980,-120.37953413834411
3012981,-100.40550153662711
3012982,-28.514897324605766
3012983,-60.457436333192426
3012984,118.84259068228467
3012985,-6.45411344142148
3012986,-57.850303939432514
3012987,-12.4210267895708
3012988,14.372756923172535
3012989,-65.36801441607331
3012990,-42.76445207863325
3012991,131.28948089199113
3012992,3.4915130266565098
3012993,45.03492429981835
3012994,71.41177672975137
3012995,107.86248875090787
3012996,136.7232293442091
3012997,243.17324325107595
3012998,75.0505121890662
3012999,-132.82885331005562
3013000,-112.83434851711608
3013001,-20.06170126558099
3013002,568.1686238095074
3013003,-77.54499786420529
3013004,-105.71368506975232
3013005,-49.77519222025038
3013006,89.6613856949818
3013007,-52.37928680482836
3013008,-91.96381794733206
3013009,-114.00672744293324
3013010,48.88401961166945
3013011,1883.8386530278397
3013012,-119.81414319941432
3013013,-123.09786188956564
3013014,-51.21123904848108
3013015,-31.270860565626702
3013016,-63.91237383390516
3013017,111.1648795446883
3013018,-14.13769089352699
3013019,-65.56216980473782
3013020,-43.97020158851664
3013021,14.030495099300158
3013022,-63.91561295386217
3013023,-41.75093118281237
3013024,135.96306571063062
3013025,4.703404981799128
3013026,35.56792964026473
3013027,72.01864166142168
3013028,108.46935368257773
3013029,137.2324991156531
3013030,262.06399089199675
3013031,66.06599315588592
3013065,-132.34351308964213
3013066,-135.6650037230891
3013067,-11.151443462976015
3013068,448.7619606793716
3013069,-34.811189458002254
3013070,-103.1092006436018
3013071,-99.26915371810246
3013072,-54.24307475880031
3013073,-109.67819364799725
3013074,-92.44601365049839
3013075,-167.10880527661791
3013076,-208.4168523496625
3013077,1716.0586426827088
3013078,-100.19880884543379
3013079,-90.35214771041574
3013080,-70.37811510869919
3013081,1.3113024273599945
3013082,-30.430049905264053
3013083,121.58734994108654
3013084,31.953841380536876
3013085,-45.29723224328544
3013086,-69.76255731890187
3013087,-17.864820507104735
3013088,-83.90727180196863
3013089,-60.491527683762605
3013090,107.95417194993861
3013091,-14.618475909084548
3013092,21.645046078081766
3013093,63.55810915380854
3013094,103.19632502571604
3013095,133.95483963887838
3013096,141.05846748352926
3013097,110.02021686953294
3013098,-139.94235625102263
3013099,-119.92311733005299
3013100,-107.0136178992896
3013101,1857.1034614116827
3013102,-70.61840524996914
3013103,37.44087504010641
3013104,-39.999526820093514
3013105,480.6347647920804
3013106,354.6266182160727
3013107,92.1679089465335
3013108,-16.560026593111427
3013109,-127.49751281621347
3013110,1797.7847040447623
3013111,-97.44210054691341
3013112,-86.99287360186172
3013113,-22.610754439351734
3013114,-6.380567644264641
3013115,-42.52787841674516
3013116,90.1345085997511
3013117,-25.69315501937835
3013118,-42.500465979874015
3013119,-46.12179538614672
3013120,43.44995496355133
3013121,-24.14238146892448
3013122,-13.647108865049443
3013123,148.59563170640487
3013124,29.523831159443677
3013125,64.11408213770865
3013126,103.87376328122328
3013127,109.77688409641515
3013128,673.053333523633
3013129,43.3225730988781
3013130,27.71144634788762
3013131,-136.67222898790968
3013132,-116.65817664326714
3013133,-15.351422808011915
3013134,301.13218651889764
3013135,-57.61986131582197
3013136,-122.40513442423507
3013137,-61.31491328312476
3013138,29.426698705941096
3013139,-70.44668258330948
3013140,-119.94636858912672
3013141,-111.76395141567018
3013142,-188.0547401411616
3013143,1831.5938887589405
3013144,-116.29003478195504
3013145,-123.10898835260177
3013146,-103.55723672929985
3013147,-31.822208324402293
3013148,-63.722722692962215
3013149,93.4027432714026
3013150,-53.76523113539296
3013151,-69.18479605675911
3013152,-84.60436097812662
3013153,21.219641377963587
3013154,-65.06062713390683
3013155,-39.65132845859652
3013156,133.31566253995445
3013157,8.598012100718922
3013158,39.236776048893
3013159,75.81409725204794
3013160,112.38413652742766
3013161,163.54664822697052
3013162,73.61561140058912
3013163,66.3502633460932
3013164,-130.90729624872145
3013165,-112.30731737895512
3013166,-93.70733850917786
3013167,700.1627514437289
3013168,-128.1578936988415
3013169,-72.52106638507284
3013170,19.107849428198467
3013171,150.8109575820674
3013172,-37.55114569518154
3013173,-92.95160796914824
3013174,-95.01854654547087
3013175,1142.220885150355
3013176,1077.1728279243569
3013177,-87.58639763796673
3013178,-102.8846999571554
3013179,-70.85431062851994
3013180,-25.90366351284869
3013181,-53.592117468970436
3013182,18.09799552391242
3013183,-51.267802840031926
3013184,-54.889982308395965
3013185,-58.51216177676023
3013186,-18.87326197611382
3013187,-60.86806235363182
3013188,-59.418897664824534
3013189,43.5429354022851
3013190,-3.0449306456746785
3013191,23.47943741586251
3013192,49.316785139237446
3013193,77.91459765471218
3013194,109.8584491759827
3013195,96.39402237748318
3013196,83.73972057816373
3013197,-125.2611914508041
3013198,-105.78675076796098
3013199,-32.6545125072469
3013200,214.26484675580033
3013201,-22.35380480645726
3013202,-90.18036954600102
3013203,-73.52631509042912
3013204,127.12999811189202
3013205,-17.647438115451944
3013206,-0.9371975784968458
3013207,-97.84385603519267
3013208,-137.03439630399853
3013209,1686.804219840744
3013210,-64.89371250326205
3013211,-80.95895339742133
3013212,-82.25428389697304
3013213,-64.70642856192062
3013214,-46.21929253766101
3013215,98.18094811694637
3013216,-69.09824377590012
3013217,-81.58122354748939
3013218,-88.86817264559595
3013219,-60.7945666793269
3013220,-76.63344341506836
3013221,-53.59774331954649
3013222,117.02127556349906
3013223,-1.0184198264612792
3013224,29.64142039145209
3013225,65.98269675700585
3013226,100.41894367997266
3013227,743.7406254242517
3013228,114.92378111760145
3013229,107.67290331746672
3013362,-92.69802244930433
3013363,-83.86363164078539
3013364,-15.929361407341997
3013365,139.9324909268573
3013366,-0.5796235781006476
3013367,-55.68488993145619
3013368,-73.59438777223367
3013369,88.87317502420792
3013370,-60.014996077083005
3013371,-157.58150448185987
3013372,-98.0994114027706
3013373,169.109035416936
3013374,843.1319947136029
3013375,-84.60664789558898
3013376,-62.81031947144405
3013377,-42.95611354355098
3013378,28.478933677737775
3013379,-3.1849809278508405
3013380,128.19654091437357
3013381,8.252273453117784
3013382,99.8569775854805
3013383,-21.895662251187144
3013384,89.57700074471241
3013385,-35.406701698702626
3013386,-20.97066165974938
3013387,138.0583659909755
3013388,28.389302079609212
3013389,58.09959943782106
3013390,94.52094770445747
3013391,122.9793532995097
3013392,2398.731609259566
3013393,66.69593041589106
3013394,61.49647950260324
3013725,-92.99775637591556
3013726,-81.9097866833461
3013727,28.434377457532907
3013728,161.39747168427968
3013729,-0.6080830041326339
3013730,-47.37399805211934
3013731,-71.62810811578383
3013732,53.18001499036037
3013733,-53.30524836169824
3013734,-114.2925326227285
3013735,-98.68594802715351
3013736,191.35541546159638
3013737,877.4437937280452
3013738,-84.61577590031133
3013739,-62.72493440303325
3013740,-43.30438607119985
3013741,2.355920693370042
3013742,-3.5332534554989183
3013743,128.2036819454017
3013744,8.134471829542651
3013745,99.80901447559081
3013746,-4.180116261145297
3013747,21.8453422952136
3013748,-36.6928645806909
3013749,-19.757395966851885
3013750,144.25669228523586
3013751,29.846200447939015
3013752,57.44933426370127
3013753,93.87068253033858
3013754,125.68458354008926
3013755,2374.2611374074995
3013756,69.47889145017525
3013757,63.71069001644738
3014088,-99.27210992771033
3014089,-97.16628192110402
3014090,-28.453089588502547
3014091,132.87188855613678
3014092,7.359509378834634
3014093,-48.54149312840199
3014094,-76.90298030423291
3014095,99.60524759048094
3014096,-132.55749244105553
3014097,-150.13707016064362
3014098,-90.57800421769734
3014099,148.30974465356914
3014100,970.3265697128027
3014101,-93.02710260790904
3014102,-74.51482846240758
3014103,-52.92696802379411
3014104,45.105875634110326
3014105,-13.92140462962838
3014106,143.50898541889475
3014107,-8.505670629490663
3014108,116.72510945967788
3014109,-40.28385466709987
3014110,71.23414620464492
3014111,-43.2458568866712
3014112,-27.107260299453895
3014113,130.66240821940002
3014114,20.083790672163293
3014115,60.04639433647318
3014116,91.15498557553947
3014117,104.99236325463717
3014118,2431.6350721295885
3014119,49.61765820558477
3014120,43.457391956519324
3014451,-97.259182047578
3014452,-91.27412287700172
3014453,-22.0995856981779
3014454,316.6057747689694
3014455,5.731839591001705
3014456,-83.74444470684902
3014457,-73.48847027880474
3014458,125.4668680398474
3014459,-54.81258441138997
3014460,-139.24245284474344
3014461,-92.84292743289033
3014462,183.61453486877312
3014463,908.2732097459523
3014464,-92.08993813968668
3014465,-72.0543875684405
3014466,-24.51042697719667
3014467,-5.090676690903404
3014468,-11.71280490753001
3014469,139.98496656491895
3014470,-5.319004085974296
3014471,110.92863364089881
3014472,-36.3895716332111
3014473,30.06612798511033
3014474,-43.445995931602546
3014475,-23.365633497019456
3014476,136.91237906567878
3014477,23.94231354005088
3014478,54.49645849092095
3014479,90.917806757556
3014480,112.37708360042252
3014481,1907.301840858943
3014482,56.92945809564272
3014483,51.19606724166007
3014814,-99.44098354648195
3014815,-86.25496719301263
3014816,-116.4997695580776
3014817,295.88379936457676
3014818,14.260563343724431
3014819,-71.70228930117518
3014820,-52.021711155130824
3014821,119.5007627948
3014822,-45.4424503804701
3014823,-108.79439335122997
3014824,-78.10127467543434
3014825,364.18280945170835
3014826,920.4178112937193
3014827,-91.89813265847867
3014828,-86.49869714480205
3014829,-72.4610906846596
3014830,1.4606558257834945
3014831,-28.842924373965428
3014832,138.53279575383542
3014833,-18.880113367299185
3014834,25.718216585750003
3014835,-50.976881892445626
3014836,-29.66998741705292
3014837,-53.3379278048399
3014838,-29.079441695739927
3014839,135.27155554501198
3014840,16.292173011816164
3014841,47.7958348104141
3014842,84.21718307704778
3014843,102.12274518864042
3014844,1941.2689702892224
3014845,45.468978513239755
3014846,37.50094632728061
3015012,-94.19669208237501
3015013,-79.6384687758753
3015014,-13.090214023005313
3015015,209.74432105420712
3015016,-0.7219207082496655
3015017,-32.474012515148196
3015018,-63.762989489984456
3015019,179.0013994804069
3015020,-56.80739487064947
3015021,-140.92945216695878
3015022,-100.83039620482786
3015023,280.3409356402532
3015024,960.692491665262
3015025,-84.65228791920337
3015026,-63.80352089205625
3015027,6.9015518533685345
3015028,26.753050844260958
3015029,-4.926343566094413
3015030,128.2632420777322
3015031,7.732158397229075
3015032,129.05588849537045
3015033,85.08899557401828
3015034,21.653489855654886
3015035,-41.05505427707866
3015036,-17.803243278012626
3015037,147.20793048323523
3015038,28.842981398345007
3015039,56.26435814280577
3015040,91.26962183386395
3015041,127.69097010049809
3015042,2029.298569513505
3015043,80.53556425779261
3015044,71.27113068475701
3015045,-98.74858658832345
3015046,-87.88231881842766
3015047,20.861960093731984
3015048,171.7446712176163
3015049,7.2456716747139644
3015050,-81.37426273675264
3015051,-69.03786167843536
3015052,77.18244126367445
3015053,-74.64434007579966
3015054,-149.20350829993438
3015055,-92.72245239537033
3015056,237.29526483222654
3015057,930.4998069988962
3015058,-88.84013383340725
3015059,-74.17328818876528
3015060,-27.126303636998085
3015061,44.71473852336404
3015062,-14.37249290322988
3015063,136.53154617447692
3015064,-8.976877123790512
3015065,122.00834225902663
3015066,-3.5217225974068174
3015067,49.990768892982224
3015068,-46.462055528937334
3015069,-21.540559872255283
3015070,141.51352031785947
3015071,22.519223867111766
3015072,52.13257661242752
3015073,88.55392487906302
3015074,115.8132842169518
3015075,2404.8865198168364
3015076,60.74950234271838
3015077,52.33125919605137
3015078,-99.04832051493831
3015079,-86.90721893337722
3015080,20.287658176225893
3015081,176.21807970248776
3015082,7.217212248683797
3015083,-43.674197692482984
3015084,-67.07158202198734
3015085,113.29789990707214
3015086,-44.524041141750594
3015087,-136.91336030586152
3015088,-93.25856443978937
3015089,259.54164487688905
3015090,903.0411848898542
3015091,-87.79339163978243
3015092,-74.08790312035494
3015093,-27.474576164647072
3015094,17.842371814040423
3015095,-14.485264971630198
3015096,112.02991343640993
3015097,-9.094678747364963
3015098,119.42384479890798
3015099,-3.616762592383377
3015100,50.15177285867386
3015101,-45.24878983603666
3015102,-20.892545208950462
3015103,141.09494579473287
3015104,22.268419104711217
3015105,51.48231143831
3015106,87.90365970494595
3015107,118.51851445753091
3015108,2488.709864634586
3015109,63.532463376998486
3015110,55.81714834642545
3015111,-125.8554373402756
3015112,-156.10023970533328
3015113,-84.94567468980567
3015114,-173.9700590733835
3015115,-6.804180662288484
3015116,-95.42749104111935
3015117,-109.87255259628255
3015118,22.210415978760654
3015119,-173.02431390230484
3015120,-43.64275867380437
3015121,-47.81835092287819
3015122,-82.99190919821926
3015123,1548.369696598647
3015124,-115.33340764344238
3015125,-96.79286069409265
3015126,-50.04001352111121
3015127,-28.474332609508604
3015128,-32.6873181935969
3015129,106.76235544757033
3015130,-45.79193664006065
3015131,-61.84032090263262
3015132,20.22779240123528
3015133,31.529626789197398
3015134,-31.831652560162905
3015135,-22.41999520497829
3015136,102.71830432082807
3015137,9.676094526064123
3015138,33.79327671414759
3015139,72.04886303149642
3015140,79.48746048055428
3015141,116.33126481999552
3015142,253.0295673497769
3015143,14.154550827370446
3013395,-100.93681464602086
3013396,-86.19667325986556
3013397,-109.84873507936463
3013398,357.3647917167156
3013399,-12.590157568400894
3013400,-77.3103902658484
3013401,-75.0759168232642
3013402,94.80783661387905
3013403,-119.90526770735305
3013404,14.456780207208983
3013405,-89.52816352447489
3013406,-33.81988967466376
3013407,1206.070913879192
3013408,-90.73027410819888
3013409,-73.9997476268483
3013410,-54.0257150251305
3013411,-8.292006213164125
3013412,-14.077649821696507
3013413,146.04221830779395
3013414,1.6649203067801932
3013415,-13.388244347427001
3013416,-28.44140900163283
3013417,-26.0899511334167
3013418,-33.63942567833764
3013419,-23.44962532461231
3013420,136.80061767174877
3013421,23.61250670666978
3013422,56.2320765092688
3013423,94.50348721323117
3013424,123.45515986150822
3013425,148.4243994378687
3013426,66.16604548928144
3013427,63.369761304461655
3013428,-180.5907167640278
3013429,-210.8355191290855
3013430,-138.14855945935668
3013431,-459.18952570853145
3013432,-18.87224780083015
3013433,-108.19173597863555
3013434,-173.64247355312617
3013435,-159.1155720568229
3013436,-392.76852441006105
3013437,-114.82622692743443
3013438,-72.40789068516624
3013439,-161.5605804756074
3013440,1443.8611748616063
3013441,-84.99803811156987
3013442,-76.9965368132395
3013443,-30.243689640257838
3013444,-8.67800872865568
3013445,-12.299494078431774
3013446,90.96517551752136
3013447,-36.076578127217125
3013448,-54.97626645997506
3013449,-44.36727805869672
3013450,-2.6126587641581795
3013451,-19.724375644459354
3013452,-2.966155026575318
3013453,84.68838718456227
3013454,27.340192620997374
3013455,45.066323180275695
3013456,67.4444323686268
3013457,96.73042552102488
3013458,41.81537536975767
3013459,111.95542655203572
3013460,30.316394034866068
3013461,-131.4732928400688
3013462,-154.1379718288579
3013463,-176.87719897161404
3013464,215.31634408316788
3013465,-60.683258271798685
3013466,-130.7760000392398
3013467,-143.48458303309852
3013468,40.40855763737746
3013469,-53.98621472981976
3013470,21.34682074241046
3013471,-41.9967818174844
3013472,-134.1639905422983
3013473,1190.2574011346728
3013474,-92.96727727199827
3013475,-93.3278915243673
3013476,-89.0963773276906
3013477,-69.94225396517713
3013478,-49.69779236381559
3013479,78.83045631516616
3013480,-41.58368263982769
3013481,-45.7642501682947
3013482,40.05977942518049
3013483,13.621718992492976
3013484,-14.764153091361816
3013485,1.5437519092258367
3013486,126.49987754846843
3013487,33.653003219706726
3013488,47.89061281427686
3013489,68.31101061600357
3013490,95.41573141530189
3013491,61.58948322645093
3013492,120.41040227273807
3013493,40.443081356919
3013494,-125.41612767303631
3013495,-144.4278189310451
3013496,-71.20802951743717
3013497,264.7868734012729
3013498,-59.55065894215367
3013499,-129.7378622767126
3013500,-134.5830629927557
3013501,78.52941860127721
3013502,14.636705055273712
3013503,7.293755141610934
3013504,-40.4459107204946
3013505,-133.79616932549814
3013506,1649.7426990088982
3013507,-92.19699372509403
3013508,-92.08780973728555
3013509,-87.85629554060942
3013510,-68.63759203971567
3013511,-48.780553803583906
3013512,80.96827965377106
3013513,-40.03457377109252
3013514,-45.55926083694275
3013515,-35.27152541243712
3013516,-1.6756775103483892
3013517,-14.565537339072574
3013518,0.38812323175553276
3013519,125.81815589336084
3013520,32.85239164009791
3013521,47.0900012346685
3013522,68.16096546784702
3013523,97.70774701036062
3013524,57.7374367401596
3013525,218.8714058179091
3013526,42.182417077600995
3013527,-156.04449698561328
3013528,-179.45624907051277
3013529,-202.8680011554159
3013530,-116.26904747782355
3013531,-46.8477370690587
3013532,-115.42547329453082
3013533,-152.6206068729505
3013534,86.30291571726885
3013535,-181.31186571322704
3013536,3.8401928924342497
3013537,-37.49078259917204
3013538,-115.96011312834507
3013539,1302.7700671216096
3013540,-106.0904998893498
3013541,-100.24698365921317
3013542,-94.40346742907677
3013543,-55.69882088826265
3013544,-62.21023799689468
3013545,49.11147378745223
3013546,-76.54146198683411
3013547,-59.84678035982146
3013548,-43.573746053063395
3013549,-33.86690536467612
3013550,-26.03203710451025
3013551,-11.735369837211959
3013552,86.91146886971383
3013553,17.37362040899389
3013554,31.928115532094314
3013555,53.454477568099
3013556,89.06965666505103
3013557,45.93655091158072
3013558,28.771727369981097
3013559,31.438039846189174
3013560,-114.7893445359612
3013561,-136.19958167286202
3013562,-159.7642392402984
3013563,-221.86844161603292
3013564,-41.860799654927895
3013565,-108.10726777123527
3013566,-141.61223689610304
3013567,-45.53083001482336
3013568,-248.85569787869807
3013569,15.41787964757005
3013570,-65.5355839175475
3013571,-151.37817184664712
3013572,1777.843064734791
3013573,-87.38104799358216
3013574,-79.20888074867644
3013575,-33.334904626647166
3013576,-13.329659933342366
3013577,-19.577944463841316
3013578,123.48507353971486
3013579,-10.828814193007059
3013580,-26.002827341187906
3013581,-39.034295351382106
3013582,45.98906608212766
3013583,-18.614736741065638
3013584,-8.368035553569637
3013585,119.71963795527809
3013586,21.812700416107607
3013587,42.59466950530551
3013588,87.47053910192581
3013589,118.5092777292959
3013590,83.05852390082346
3013591,105.55207138933629
3013592,70.55622377229766
3013593,-108.29080791199776
3013594,-97.15401987976183
3013595,-127.10626720581676
3013596,203.94735408145172
3013597,12.094895509572968
3013598,-77.69868318445405
3013599,-52.77626004956145
3013600,155.02265589341843
3013601,-57.244534959678084
3013602,-2.243638592199925
3013603,-59.79896527797681
3013604,268.6326890862321
3013605,1120.6575586951822
3013606,-82.12817654101984
3013607,-82.18501487663791
3013608,-76.61848113119486
3013609,-31.829592209733658
3013610,-40.40107963135214
3013611,86.78335567702898
3013612,-36.80976413101897
3013613,-52.85814839359208
3013614,-68.90653265616656
3013615,-65.13091007166967
3013616,-57.29575091753512
3013617,-31.533415966880778
3013618,130.51579795141717
3013619,12.120475362515851
3013620,46.81743602322532
3013621,83.238784289859
3013622,93.97054191618118
3013623,43.12599909955153
3013624,38.746249603030456
3013625,31.09536630496969
3013626,-104.57435717048683
3013627,-85.24689662571727
3013628,-18.599997188691116
3013629,252.08543391530586
3013630,-8.011203391048905
3013631,-100.52350177576118
3013632,-65.0255397027202
3013633,117.41830439814494
3013634,-141.1781349516539
3013635,-60.25586137034205
3013636,-84.48093361237606
3013637,77.5595166913309
3013638,1513.9715496085864
3013639,-97.02546297034921
3013640,-80.49953221071205
3013641,-60.61396590286157
3013642,-14.953659138292362
3013643,-20.842833287161323
3013644,150.22750267889248
3013645,-8.890883925588053
3013646,-24.04744666573951
3013647,43.94994899774084
3013648,-36.7438601967422
3013649,-45.729394344198944
3013650,-22.955416559107373
3013651,144.48717736133696
3013652,24.67128374904333
3013653,53.8698747800374
3013654,90.2912230466729
3013655,126.71257131331022
3013656,74.93142909832996
3013657,212.8135692962871
3013658,66.16195204952255
3013659,-110.5731031563253
3013660,-98.11234397211119
3013661,-25.20177156366007
3013662,20.792458402625204
3013663,-22.921678972109287
3013664,-113.58149566135289
3013665,-80.2885525216032
3013666,113.64124929170448
3013667,-179.24311310627925
3013668,-96.6254329681522
3013669,-99.60539213619931
3013670,-88.67234480286974
3013671,1676.7721151304436
3013672,-107.20848889794881
3013673,-89.25174579417835
3013674,-69.27771319246158
3013675,-49.303680590744115
3013676,-29.329647989026437
3013677,135.65979578060134
3013678,-12.030996264792787
3013679,-27.08416091899998
3013680,40.423264326740274
3013681,6.053662951190024
3013682,-35.33841500349835
3013683,-25.02636065271899
3013684,124.00283084602798
3013685,11.763664821326262
3013686,48.19789785008398
3013687,86.5367132432777
3013688,120.01082919374012
3013689,102.03687878307046
3013690,127.40149357545006
3013691,49.51504549516559
3013692,-131.6766678918564
3013693,-117.99616526093341
3013694,-53.44773513787985
3013695,879.4927863321493
3013696,-59.01664336774119
3013697,-110.38799379675838
3013698,-87.77646913191056
3013699,321.7821776139746
3013700,393.2416023622092
3013701,20.397021521188623
3013702,-11.462875453170266
3013703,-117.8371854905984
3013704,1696.3590505560626
3013705,-78.9996041247246
3013706,-78.64199597916722
3013707,-74.32160229052947
3013708,-67.72607395313598
3013709,-48.00479318504862
3013710,74.02741989378974
3013711,-41.458334698404805
3013712,-38.01363837207308
3013713,-27.725486486712082
3013714,-17.382873959608144
3013715,-6.965612167772445
3013716,5.937272351886538
3013717,156.18499685309618
3013718,39.12907430251945
3013719,56.77110417997775
3013720,79.24191114302694
3013721,105.20974817842598
3013722,59.06189272761795
3013723,42.20851720020092
3013724,22.823171502923476
3013758,-113.75062997980312
3013759,-129.98624407104106
3013760,-153.77048103843006
3013761,-65.98652039520748
3013762,-7.117234348613049
3013763,-97.83300634327388
3013764,-88.24347637533974
3013765,96.33562251380972
3013766,-155.00123789000443
3013767,-67.46545023687467
3013768,-55.116575633369656
3013769,-96.34626723841829
3013770,1625.7471290649598
3013771,-109.25545273456378
3013772,-101.48513709486524
3013773,-55.82483033029556
3013774,-35.93926402244487
3013775,-40.90527041021759
3013776,108.21670242455771
3013777,-44.54982009807012
3013778,-60.64025598529887
3013779,-72.58966364425878
3013780,-23.598896336295905
3013781,-44.979141965305
3013782,-36.39563006348798
3013783,107.39953801664679
3013784,4.717590409834163
3013785,41.26565618529613
3013786,75.29075004030365
3013787,89.77334874625076
3013788,35.420345237885805
3013789,262.6983145346873
3013790,25.229608629934052
3013791,-111.94050025434517
3013792,-108.30755693716746
3013793,-132.35506938030701
3013794,71.06320009047995
3013795,3.3897876108214473
3013796,-92.6776485370181
3013797,-59.5355654067669
3013798,102.92789222094707
3013799,-196.72785201478544
3013800,-64.42028020798334
3013801,-62.080669184717216
3013802,44.32789635889011
3013803,1540.22197340854
3013804,-95.52964183927797
3013805,-98.67341893433131
3013806,-81.08481151161713
3013807,-9.51864670565082
3013808,-43.07576940706648
3013809,119.96558650163634
3013810,-40.25325086585466
3013811,-56.30163512842663
3013812,-72.35001939100066
3013813,-14.5685155827703
3013814,-56.968076678555725
3013815,-38.958198382218406
3013816,125.84283250933795
3013817,9.663346438226387
3013818,47.8572624008195
3013819,86.1286731047805
3013820,88.30491762106995
3013821,159.1840112138668
3013822,34.92364129594008
3013823,28.34756700206363
3013824,-109.82647537142002
3013825,-100.47254478552604
3013826,-124.25678175291868
3013827,219.96605626805032
3013828,-5.820775534889247
3013829,-33.57675765820276
3013830,-77.95673393223187
3013831,171.78494149415857
3013832,4.365045242449202
3013833,-28.974933903584127
3013834,-72.5523957205849
3013835,-104.981449263432
3013836,1484.2942920421738
3013837,-95.31990454150075
3013838,-89.87629324684126
3013839,-69.99072693899033
3013840,-50.10516063114054
3013841,-30.219594323290078
3013842,117.81510973957798
3013843,-27.765156469858123
3013844,-43.79371362339797
3013845,-60.36946562133361
3013846,-29.781283998457905
3013847,-52.69927581352594
3013848,-29.456231966854187
3013849,130.0406112240573
3013850,17.001160722956417
3013851,50.582800528997915
3013852,87.0041487956325
3013853,113.43990856197907
3013854,132.76362125666512
3013855,61.36570019078837
3013856,53.7773013211856
3013857,-98.36796164950901
3013858,-99.84356200975417
3013859,23.70110392078387
3013860,508.81918415685067
3013861,4.103655296768199
3013862,-96.8701940600793
3013863,-114.53251328725564
3013864,-51.125380851805666
3013865,-82.8650810347297
3013866,-32.48593109734637
3013867,-146.2002318910593
3013868,237.12041631770444
3013869,1126.152548810572
3013870,-59.31079500369439
3013871,-51.96864829045561
3013872,-32.90321242194651
3013873,11.463260692991486
3013874,4.189396158748156
3013875,87.78949412929633
3013876,-11.939081617532377
3013877,-29.249845391611228
3013878,-48.62057042756832
3013879,19.926689054316927
3013880,-67.94602839473764
3013881,-52.82549494192407
3013882,115.14693542475852
3013883,5.386403293522296
3013884,37.99748849274257
3013885,74.37680579300941
3013886,110.75612309327717
3013887,1705.0547409396042
3013888,124.08772992638588
3013889,117.27299230060244
3013890,-125.8444879068691
3013891,-138.79675107352048
3013892,-163.93934645633524
3013893,40.157935845559415
3013894,-14.400806959506365
3013895,-91.82653167272183
3013896,-131.81084734483082
3013897,5.3784177729368885
3013898,-116.03797214276874
3013899,-111.55483315900783
3013900,-93.00534765525872
3013901,-171.51003163087947
3013902,1029.6468490216832
3013903,-76.80408793324186
3013904,-83.41340709413605
3013905,-72.3207665287619
3013906,26.64316450395764
3013907,-32.91352577342881
3013908,51.292082794556755
3013909,-49.77122816904083
3013910,53.18577675595426
3013911,-70.55663747375665
3013912,16.805793791682124
3013913,-53.003003128731315
3013914,-45.42971530984713
3013915,106.44879274806063
3013916,2.844595024375128
3013917,41.077964793624425
3013918,79.31133456287326
3013919,103.10500479088041
3013920,2558.301765888885
3013921,44.711491517218484
3013922,40.387792555026145
3013923,-109.06769336731195
3013924,-91.5809058804105
3013925,-89.21492256976744
3013926,422.08493661792744
3013927,-34.35501116277445
3013928,-63.918661001630234
3013929,-27.752998460041265
3013930,78.06938250567346
3013931,-39.74780107862606
3013932,-76.46191746476306
3013933,-88.66406770650705
3013934,354.385277302655
3013935,1136.474384220886
3013936,-70.16008986911224
3013937,-66.63899924015293
3013938,-67.09101279038718
3013939,-59.97285093008035
3013940,-44.33326266866269
3013941,46.33030060934285
3013942,-56.06200719908637
3013943,99.38930286456089
3013944,-70.11600547249036
3013945,65.22227262403358
3013946,-70.68055506713817
3013947,-45.83573031085306
3013948,126.26671246456745
3013949,8.781259345745827
3013950,36.2026360902075
3013951,71.92786385173595
3013952,104.87460459012546
3013953,1844.8049531819495
3013954,71.99373785003782
3013955,65.34718564964005
3013956,-110.64954722613292
3013957,-97.6285630845985
3013958,-118.50416014887996
3013959,468.5859720567343
3013960,-28.85061906775699
3013961,-109.88196924494041
3013962,-112.53509693676533
3013963,48.53635809052249
3013964,-119.92089217708944
3013965,7.558961441286744
3013966,-104.87031616862195
3013967,-184.07576401971485
3013968,1208.2643388199192
3013969,-84.56448786270532
3013970,-78.53017187484345
3013971,-58.772871498687245
3013972,-39.01557112253048
3013973,-19.25827074637372
3013974,58.18358660271266
3013975,-17.570074387971584
3013976,6.384531701833755
3013977,-52.71687326096234
3013978,2.4875187126564993
3013979,-42.420315433036
3013980,-22.998863420978335
3013981,133.40097326281486
3013982,24.352387233380075
3013983,52.905011055442365
3013984,89.26032403693962
3013985,125.6016004024943
3013986,1127.083367509602
3013987,92.32658393774564
3013988,88.75407410077169
3013989,-127.73615542984298
3013990,-146.67809399027718
3013991,-75.02364406323868
3013992,83.66886067837295
3013993,-17.488972309211743
3013994,-90.74559185548132
3013995,-147.66114769008598
3013996,6.487938246528945
3013997,-135.23965815208592
3013998,-141.9443019321914
3013999,-100.39750430892154
3014000,-178.8526751324903
3014001,1031.3747538909106
3014002,-70.4083140044733
3014003,-76.38437466026123
3014004,-41.160187774117084
3014005,4.5005652996030285
3014006,-28.73466967314179
3014007,75.34186252172431
3014008,-46.08798446545101
3014009,48.20606826735476
3014010,-71.74029746998967
3014011,55.733074573699206
3014012,-53.175586031223965
3014013,-44.28855655695569
3014014,106.77126311333696
3014015,3.385118911183515
3014016,41.57645771406461
3014017,81.61238110259792
3014018,109.66861057308525
3014019,2528.9307298939443
3014020,52.42623254034353
3014021,49.40345916699217
3014022,-104.91780048503533
3014023,-88.0157314806227
3014024,-82.12707270666833
3014025,387.11765943772224
3014026,-20.311860815548055
3014027,-92.96163279965076
3014028,-90.58345402025843
3014029,156.68209491923537
3014030,-201.0787838726017
3014031,-69.77967140704168
3014032,-101.994270773291
3014033,7.908315987867201
3014034,1602.3002606387247
3014035,-85.63382607265059
3014036,-68.91387487042725
3014037,-22.069745357147706
3014038,-30.280549200623266
3014039,-11.862510841969918
3014040,108.14274257184475
3014041,-17.781167684559744
3014042,-36.53643530343269
3014043,-55.291702922306094
3014044,41.09078307840874
3014045,-52.866989526972056
3014046,-29.83236335622659
3014047,134.21634811571877
3014048,23.07898279041247
3014049,51.15012974111843
3014050,93.81307250833989
3014051,117.75579729601687
3014052,132.14279269904293
3014053,126.63746543840371
3014054,119.44117677438108
3014055,-105.21753441164655
3014056,-87.44790200375682
3014057,-20.899647250883202
3014058,401.04215998952276
3014059,-20.340320241576404
3014060,-102.34136483650472
3014061,-88.72633145570653
3014062,171.6938429752947
3014063,-179.99472934829262
3014064,-69.32050599279846
3014065,-102.82829336582272
3014066,42.650512043610284
3014067,1611.440221068281
3014068,-86.04626164328776
3014069,-69.2784028777367
3014070,-22.877081348736095
3014071,-4.330777058388588
3014072,-13.189517616085407
3014073,104.88587455971329
3014074,-20.19770480306651
3014075,-38.95297242193855
3014076,-55.29969157332133
3014077,-4.51985946660697
3014078,-54.12299052777988
3014079,-31.088364357033054
3014080,132.3592685830706
3014081,22.681234258264073
3014082,50.83408618120594
3014083,80.73855399538043
3014084,117.11787129564682
3014085,135.0136672389901
3014086,128.8834131948008
3014087,121.6871245307777
3014121,-129.03510425482344
3014122,-146.12392584130683
3014123,-169.6230821782581
3014124,10.218288352228416
3014125,-26.16960878578247
3014126,-105.91148484535624
3014127,-127.71949038431994
3014128,85.29012051968421
3014129,-51.4708922456446
3014130,33.58836602136508
3014131,-58.33616968406731
3014132,-154.69216563268154
3014133,1218.3026192572147
3014134,-85.71464931305779
3014135,-84.82525452394707
3014136,-54.07874635692341
3014137,-61.917879437239925
3014138,-41.5328183544705
3014139,80.95198874443686
3014140,-56.13586083265526
3014141,-74.8651946052103
3014142,-64.67966895331283
3014143,-16.262763109723704
3014144,-45.06416508734609
3014145,-37.88629275141174
3014146,97.11382442739132
3014147,1.2397621764896098
3014148,36.26351312854896
3014149,74.45485193142822
3014150,105.63642654295764
3014151,51.71763116718122
3014152,47.64465066376325
3014153,42.1641488068237
3014154,-139.6586022344043
3014155,-163.59476706442254
3014156,-187.53093189444442
3014157,-197.1741357303006
3014158,-38.71400055389385
3014159,-123.24476523544108
3014160,-151.83837361851582
3014161,-39.79004694237373
3014162,-222.68277824471969
3014163,15.025468816276959
3014164,-79.83189933158137
3014165,-171.73353367393432
3014166,1679.8546359882375
3014167,-81.02766462865354
3014168,-77.22126990287477
3014169,-39.02501990901013
3014170,6.708688902957608
3014171,-25.316879597227437
3014172,101.72562985098189
3014173,-29.503746277905332
3014174,-51.840682909818305
3014175,-53.34301607620436
3014176,-7.95089961327157
3014177,-32.85702578482623
3014178,-22.671500132928752
3014179,109.52554087591689
3014180,13.491665533142811
3014181,41.87902596675868
3014182,78.23035890039064
3014183,116.42169770327264
3014184,80.01217623583143
3014185,75.67045452640168
3014186,69.52767765326026
3014187,-128.0592572832127
3014188,-140.7352548697843
3014189,-164.23441120673195
3014190,217.705309732549
3014191,-26.182099537528114
3014192,-105.76446852720328
3014193,-122.54329947574006
3014194,182.27542534589085
3014195,-114.30714197376874
3014196,-8.568598417049355
3014197,-58.89820665619872
3014198,-156.04978296787525
3014199,1259.765795206037
3014200,-84.44524106380008
3014201,-85.68297607831623
3014202,-81.55078654352023
3014203,-62.646440714848076
3014204,-43.0087824318471
3014205,21.607461895487138
3014206,-55.980620508944675
3014207,-74.71834577421195
3014208,-67.15555932646821
3014209,-34.25021689647
3014210,-47.164087696307696
3014211,-39.986215360372434
3014212,97.21038781107127
3014213,2.524993129681395
3014214,37.60125813958094
3014215,75.79259694246112
3014216,107.77174183830103
3014217,53.43484311377798
3014218,49.35335001828681
3014219,43.87284816134726
3014220,-118.84156559896546
3014221,-100.69316936815339
3014222,-118.09790899588079
3014223,265.86761613528614
3014224,-7.269682087867107
3014225,-95.25213507708831
3014226,-67.59319986652262
3014227,138.21282267652734
3014228,-73.39071819757991
3014229,-23.659184392831587
3014230,-63.463122714585815
3014231,-135.15779739586313
3014232,1483.3167636124736
3014233,-88.66352070418968
3014234,-100.04429326961888
3014235,-86.5220913852584
3014236,-40.99873903532333
3014237,-49.483241637633945
3014238,106.4328659341863
3014239,-51.291768067814964
3014240,-67.78163491605646
3014241,-84.35631298921753
3014242,-54.6995261083246
3014243,-52.80840430407242
3014244,-30.09885467109397
3014245,135.9307591902518
3014246,13.64200068120336
3014247,44.78856866788666
3014248,81.1718759998109
3014249,111.54737780310207
3014250,59.392775633917346
3014251,57.33964965996093
3014252,50.6385083234488
3014253,-130.9666762526056
3014254,-152.35696598693792
3014255,-79.55188221425742
3014256,-56.37062396960645
3014257,-39.28996921115212
3014258,-119.1796704127435
3014259,-123.19580372134514
3014260,122.81371527127813
3014261,-123.1464278866968
3014262,38.84715273755884
3014263,-49.1017935836392
3014264,-154.62506381251686
3014265,1682.013851933191
3014266,-89.25663082098474
3014267,-85.12444128618863
3014268,-54.5288898319914
3014269,-16.3157126808815
3014270,-47.37448834498267
3014271,42.46800880246902
3014272,-58.741650348279144
3014273,-65.37495025088337
3014274,-55.18942459898589
3014275,31.938895765563036
3014276,-34.81837329519366
3014277,-21.156542198121127
3014278,100.65305507441208
3014279,7.222700566414648
3014280,31.953821945971146
3014281,69.73701305342111
3014282,107.92835185629993
3014283,60.31387031371943
3014284,54.28363199315864
3014285,48.25339367259513
3014286,-122.56574979110046
3014287,-108.4622222746355
3014288,-129.35288072728397
3014289,181.38130932773967
3014290,-20.985432670628864
3014291,-97.63173172960232
3014292,-56.69571267667451
3014293,210.53036983895547
3014294,-82.64235700967292
3014295,-8.811388963582242
3014296,-54.608913657586335
3014297,-148.8003283477258
3014298,1560.3037982895298
3014299,-90.2678488623274
3014300,-101.52188424936791
3014301,-92.53314154669106
3014302,-73.09209941755925
3014303,-55.4389159168068
3014304,39.99959516549071
3014305,-61.78593065492081
3014306,-78.36060872808257
3014307,-77.18304424296802
3014308,-42.51212756513613
3014309,-55.52424837890957
3014310,-39.98136652796783
3014311,117.66526724583646
3014312,4.821842790304988
3014313,42.10010301493795
3014314,80.33347278418451
3014315,103.3533818472908
3014316,148.06958461505675
3014317,46.77297025090248
3014318,43.7501968775534
3014319,-109.11430425094913
3014320,-88.4873007871709
3014321,-69.99772443732836
3014322,445.6031716389181
3014323,-56.31424484933704
3014324,-103.84097061435277
3014325,-60.550156648166
3014326,265.27075193450054
3014327,-166.3253797534924
3014328,-31.548556182510577
3014329,-106.30370540430003
3014330,283.31506084771087
3014331,1688.7072427744517
3014332,-88.92786628968115
3014333,-83.1441700910439
3014334,-37.42619259428265
3014335,-46.13116078600323
3014336,-27.624656133481988
3014337,81.64077347553162
3014338,-42.200994481293755
3014339,-51.55537329110147
3014340,-55.256907222333474
3014341,-34.93581346758109
3014342,-62.599007874930784
3014343,-39.56438170418577
3014344,111.62421198097736
3014345,21.339891517325402
3014346,50.01205663859556
3014347,77.98228717042339
3014348,110.11338425654795
3014349,145.24039447102152
3014350,130.55003259676798
3014351,119.39508240508367
3014352,-129.62052055637358
3014353,-115.49495540975731
3014354,5.627945970483058
3014355,272.93364052708165
3014356,-40.1765618915986
3014357,-79.88229841426327
3014358,-124.34145798859826
3014359,105.51396788021448
3014360,-53.19389757916705
3014361,-143.6308068689448
3014362,-79.20571484755128
3014363,-166.30402820993098
3014364,1156.30713902716
3014365,-63.73063880601857
3014366,-59.53646413142125
3014367,-55.3357488282384
3014368,-22.60729251243428
3014369,-42.6990146902231
3014370,57.6407324378467
3014371,-67.63208086097238
3014372,39.90182219027994
3014373,-57.72663755871671
3014374,55.6560518626413
3014375,-39.34043794562266
3014376,-32.076780214134295
3014377,96.85792213875693
3014378,5.099820787539745
3014379,39.54748004180802
3014380,77.87020197442162
3014381,116.18118262989374
3014382,3044.7018723166534
3014383,59.170901314104604
3014384,52.991329105903525
3014385,-115.66179408099087
3014386,-96.92870692897013
3014387,13.103325387929733
3014388,406.6172894289804
3014389,-20.99599589206336
3014390,-46.85790937724668
3014391,-67.35937642866956
3014392,146.79993892885997
3014393,-58.54154196258586
3014394,-102.12043181621702
3014395,-101.47059435100282
3014396,34.59443393155512
3014397,1519.75701851884
3014398,-76.04671135184905
3014399,-84.04614732370503
3014400,-46.423070670971164
3014401,-2.0563543365245027
3014402,-36.88616576823191
3014403,116.76749204352036
3014404,-50.104747370009854
3014405,18.65817430802436
3014406,-76.81312480634624
3014407,47.12329653845082
3014408,-59.66507427893092
3014409,-37.3598111922818
3014410,129.4579709775969
3014411,13.069022511489226
3014412,54.1210345605161
3014413,74.24042608973078
3014414,110.62373342165183
3014415,2071.1925360947484
3014416,98.35126176373815
3014417,91.65012042722556
3014418,-144.45106448104232
3014419,-130.86727713916733
3014420,-71.6890001865202
3014421,1061.6486831531831
3014422,-40.40416018196883
3014423,-42.36472445377766
3014424,-74.45611542734223
3014425,486.0414254408781
3014426,305.25699512280625
3014427,26.712492338953968
3014428,-10.54693888205183
3014429,-144.16589660117896
3014430,1750.6681163302553
3014431,-65.29968888585238
3014432,-51.389970529577035
3014433,-41.45923427348297
3014434,16.905178059988163
3014435,-29.941784587539626
3014436,44.59704454338972
3014437,-42.46540270611198
3014438,-32.202578398789946
3014439,5.1343487091246125
3014440,31.54952336481411
3014441,1.48515312484388
3014442,15.900456640277486
3014443,134.50148012783504
3014444,45.14637638681662
3014445,67.58777034229315
3014446,94.90658856888122
3014447,97.11389721260794
3014448,42.614863524548774
3014449,487.2570700610042
3014450,28.50949973214684
3014484,-125.3268516541455
3014485,-111.95245985826004
3014486,-128.08086992507995
3014487,206.88291738265545
3014488,-30.304809008501973
3014489,-108.12618726217879
3014490,-84.84612148279011
3014491,238.4319681610643
3014492,-45.02472342236505
3014493,-40.21948636334472
3014494,-52.927284013875386
3014495,-124.34887913515654
3014496,1631.8275863675974
3014497,-88.32525351177007
3014498,-94.01575242031633
3014499,-62.690854512774685
3014500,-50.068312281579246
3014501,-59.90289398493545
3014502,84.45183343522395
3014503,-67.97890873313308
3014504,-84.55358680629233
3014505,-73.06861552120135
3014506,-38.27039275562655
3014507,-53.21019323875206
3014508,-41.75248115552839
3014509,114.8211638181685
3014510,4.799801720191869
3014511,39.60919583090773
3014512,77.80158881152529
3014513,109.75428837900763
3014514,55.938320892046896
3014515,51.656472685532854
3014516,46.1759708285933
3014517,-120.59873399088865
3014518,-100.64943665816718
3014519,17.047364344755994
3014520,432.69662053726387
3014521,-23.634227846102288
3014522,-75.61613327373634
3014523,-73.74213273287823
3014524,134.6458141370433
3014525,-35.931117340450136
3014526,-63.947230602531626
3014527,-90.13886647471081
3014528,-168.77465040334667
3014529,1534.1733856626468
3014530,-81.45031424096707
3014531,-94.84111309118911
3014532,-85.45364155965676
3014533,-65.69592798540434
3014534,-47.59868075677631
3014535,75.24377940141967
3014536,-52.06464601476481
3014537,44.01413735683328
3014538,-83.2651693402443
3014539,-26.466731657312078
3014540,-45.819123942548494
3014541,-25.296170542459816
3014542,136.35006322994624
3014543,16.809127750127306
3014544,45.51471795316794
3014545,79.00812289315509
3014546,115.34939925871159
3014547,2249.2468154758863
3014548,87.82261817797799
3014549,81.12147684146267
3014550,-125.9676196429089
3014551,-112.292333405311
3014552,-57.215853623309876
3014553,558.8461913364165
3014554,-37.766403659740526
3014555,-106.64853577831018
3014556,-93.94397103395094
3014557,131.52226429898403
3014558,-32.05256943331623
3014559,-105.15971152781712
3014560,-73.61409103467331
3014561,-160.31121511690347
3014562,1272.8814582877221
3014563,-64.3765400314026
3014564,-60.273670471246795
3014565,-56.07295516806429
3014566,-23.263221453955605
3014567,-43.225527715172156
3014568,66.79036382616523
3014569,-64.6184197811397
3014570,38.74023314316238
3014571,19.422500388827945
3014572,63.867241413561
3014573,-43.00300581420496
3014574,-35.74678807140871
3014575,109.82074224023718
3014576,8.896484570084983
3014577,45.340394591855976
3014578,83.66311652447048
3014579,120.44722010450523
3014580,2845.3160637379556
3014581,61.18319072884125
3014582,55.003618520636984
3014583,-112.99364597539788
3014584,-92.16815895284053
3014585,-21.13336999656421
3014586,562.0486558836885
3014587,-70.58015868922557
3014588,-110.308884042918
3014589,-69.70347968368223
3014590,288.8640317871479
3014591,-80.67844333144403
3014592,-99.10059644039647
3014593,-107.20790372960009
3014594,245.58288720605137
3014595,1636.748963256772
3014596,-84.1088279617616
3014597,-83.91221209251812
3014598,-37.71387021117861
3014599,-19.010573858577157
3014600,-28.187120829795315
3014601,64.9688680890783
3014602,-46.92734134835681
3014603,-53.2235250538154
3014604,-57.44567154913492
3014605,-25.06545522185824
3014606,-66.3785824194113
3014607,-43.16320566514177
3014608,101.42449359022267
3014609,20.332073245504223
3014610,50.50126697196011
3014611,78.96209798671062
3014612,111.16826771563429
3014613,147.64048555850215
3014614,132.31927251064573
3014615,121.35504429407338
3014616,-130.87431437139347
3014617,-117.4477642783957
3014618,-36.973410725217754
3014619,-24.483435676315633
3014620,-14.694430044207177
3014621,-31.595865541500455
3014622,-52.410355836268344
3014623,173.67326636808795
3014624,-57.519127126018965
3014625,-108.06311091802108
3014626,-70.56372560591335
3014627,-111.4113653710288
3014628,1824.870936536763
3014629,-102.29063927920338
3014630,-114.36828722726732
3014631,-78.22450789863187
3014632,-6.608468184736733
3014633,-66.95528206024214
3014634,97.62398340353111
3014635,84.21780291307705
3014636,5.9761548542948795
3014637,36.20244791021579
3014638,56.331992273996285
3014639,-66.53911900862458
3014640,-41.563009065399264
3014641,125.61027259247494
3014642,6.0582719875221365
3014643,43.23406511846334
3014644,80.93147430266727
3014645,99.46399347350889
3014646,2959.6650726945018
3014647,234.42719197011476
3014648,37.92295316085002
3014649,-130.97875012622424
3014650,-110.95279135686614
3014651,-14.77667522054507
3014652,65.87800602157513
3014653,-63.24620839479102
3014654,6.715027410021509
3014655,-51.42595115291332
3014656,160.9788535240061
3014657,-32.74529096199675
3014658,-117.05232716976006
3014659,-107.62287493143258
3014660,-74.80009293018638
3014661,2047.9346634454485
3014662,-121.0617080375843
3014663,-120.36523621109363
3014664,-74.63108108997544
3014665,-1.748991647746418
3014666,-60.8792625022625
3014667,110.67159531522721
3014668,59.66344471729118
3014669,69.48959340835354
3014670,-17.900483782602617
3014671,41.92666670483887
3014672,-62.62998359731936
3014673,-37.304855823794504
3014674,134.00410760489396
3014675,8.504455940781742
3014676,40.24630844777786
3014677,76.69702046893526
3014678,113.14773249009177
3014679,2493.7944599294756
3014680,238.1088882426363
3014681,59.72601559906908
3014682,-131.77170381489375
3014683,-111.77719902197605
3014684,-18.400753282933504
3014685,45.89924970593275
3014686,-90.51753419245215
3014687,-27.237976792292823
3014688,-55.06101802043376
3014689,202.70957617816495
3014690,-53.84767831645676
3014691,-163.303404019827
3014692,-126.9833798489456
3014693,117.138308850711
3014694,1885.752903967573
3014695,-128.65462802498203
3014696,-118.87274787117467
3014697,-73.1390390592076
3014698,-27.0614131989967
3014699,-58.950650066023435
3014700,121.97161211694511
3014701,111.66147867189075
3014702,100.30146395149195
3014703,-34.7110435629077
3014704,17.911268455876513
3014705,-61.942965658919356
3014706,-39.76976134365558
3014707,134.7242374190375
3014708,23.69964690025809
3014709,63.46222750765829
3014710,74.11344650425708
3014711,110.56415852541404
3014712,2554.1201834785124
3014713,233.7059044820132
3014714,72.32949463840733
3014715,-132.42267039677498
3014716,-112.42816560384635
3014717,-19.664254376041566
3014718,134.41233286834833
3014719,-95.25337023375941
3014720,-1.6700064202221188
3014721,-54.700064439862025
3014722,144.75982812605818
3014723,-52.48263596376072
3014724,-106.60128616412366
3014725,-128.61021005589217
3014726,155.50182378451743
3014727,2092.316934665796
3014728,-128.19419065265984
3014729,-119.48589193477692
3014730,-47.59953475664478
3014731,-0.7870816205452615
3014732,-59.563794129625
3014733,105.18650097572818
3014734,66.40443545225772
3014735,99.64592233805998
3014736,61.07646491429042
3014737,39.91311043164861
3014738,-63.43455605933131
3014739,-41.112474588911745
3014740,134.40196689928754
3014741,4.474197488715806
3014742,36.362899052882504
3014743,74.4524157546045
3014744,109.57580400891102
3014745,2430.5870695352987
3014746,235.2527014917516
3014747,74.13897464148813
3014748,-133.07363697865256
3014749,-113.07913218572757
3014750,-20.92775546914599
3014751,198.97468128488728
3014752,-99.98920627506304
3014753,-34.43636633481291
3014754,-54.339110859288475
3014755,177.80652463873886
3014756,-61.05604771106008
3014757,-78.86920061939581
3014758,-130.58590681160447
3014759,193.86533871831907
3014760,1894.8751796327495
3014761,-127.73375328033835
3014762,-120.09903599837962
3014763,-74.36532718641301
3014764,-28.257725744772454
3014765,-60.17693819322816
3014766,119.40114204911215
3014767,-41.69301648772788
3014768,3.442603912684906
3014769,12.392057467640559
3014770,15.527694977602739
3014771,-64.99949203977376
3014772,-42.45435898027089
3014773,133.85243926151563
3014774,3.7334978200198816
3014775,35.62219938418658
3014776,72.13673747124967
3014777,108.58744949240754
3014778,2270.3662874591273
3014779,214.01115877984213
3014780,75.94845464456803
3014781,-133.55116247731237
3014782,-113.5566576843983
3014783,-19.830679592980953
3014784,80.17580285301047
3014785,-82.18955256001463
3014786,6.027810764765679
3014787,-49.98213683062276
3014788,134.6414381098668
3014789,-50.6401665789679
3014790,-150.97414654571165
3014791,-113.66737784589286
3014792,79.20535953666429
3014793,2055.737049236188
3014794,-119.49236595783036
3014795,-122.81682299148251
3014796,-77.08266787036455
3014797,-31.01314822767476
3014798,-63.57128655838441
3014799,111.72374398153325
3014800,10.675393363683458
3014801,43.7651805403104
3014802,-19.157117331307557
3014803,14.205763849328111
3014804,-63.60551985550027
3014805,-41.44083808445183
3014806,135.2095750241276
3014807,4.945389775163864
3014808,36.292890381765766
3014809,72.74360240292044
3014810,109.19431442407786
3014811,2673.471339477492
3014812,255.6902461424099
3014813,66.96393561138503
3014847,-133.06582225690616
3014848,-134.79747996458062
3014849,-10.579227612869357
3014850,61.871504257887146
3014851,-39.4557441538116
3014852,-54.220571346592614
3014853,-100.94145134757018
3014854,-63.41630148900075
3014855,-136.00974562703485
3014856,-180.42637455984985
3014857,-166.76945567957662
3014858,-178.6469051563013
3014859,1709.4843769268725
3014860,-99.70318483854128
3014861,-90.07164957045124
3014862,-70.09761696873356
3014863,1.568474007192624
3014864,-30.149551765299105
3014865,122.11474828717833
3014866,10.447797290146088
3014867,31.00740042596745
3014868,-69.03658309603615
3014869,5.2539739512069055
3014870,-83.56457301452728
3014871,-60.124410767818325
3014872,110.41788458353967
3014873,-14.346283926840709
3014874,22.062725516481994
3014875,63.97578859220831
3014876,103.97107046984384
3014877,2433.9881823820324
3014878,133.43075328920733
3014879,110.9896008899852
3014880,-140.63208819090758
3014881,-120.61284926993794
3014882,-53.44548097795522
3014883,1899.8140003109468
3014884,-73.76990912921137
3014885,132.5516593941804
3014886,-41.24616732319081
3014887,530.0056407020486
3014888,384.00636832281197
3014889,66.04416669769871
3014890,-15.349773300564078
3014891,-126.3183872214834
3014892,2025.042009596586
3014893,-97.64210356886524
3014894,-87.19287662381366
3014895,-78.45880229861363
3014896,21.095292419536197
3014897,-42.25992605454284
3014898,84.46226440095298
3014899,-24.604954263169287
3014900,53.548943210801745
3014901,-45.96240195777754
3014902,72.68700759213353
3014903,-24.03747728317175
3014904,-13.542204679296713
3014905,148.65684159722124
3014906,30.086477413092968
3014907,64.67672839135612
3014908,104.83406698830795
3014909,110.80343222176698
3014910,4515.447540313257
3014911,44.369619539782626
3014912,25.708308292593035
3014913,-137.36731910779307
3014914,-117.34796446527871
3014915,-43.861836162878525
3014916,0.46576934076366117
3014917,-62.59830010974546
3014918,-55.64631519867434
3014919,-61.485903183921245
3014920,130.66602554144922
3014921,-45.53341464658005
3014922,-91.5193612768524
3014923,-111.3399093914516
3014924,-187.88413477901238
3014925,1824.78513531132
3014926,-116.00259121712945
3014927,-123.0261865584187
3014928,-103.30928904837542
3014929,-31.59758720360905
3014930,-63.46773318378431
3014931,106.1779505347201
3014932,-52.67703037918435
3014933,77.12481794829564
3014934,-83.5161602219171
3014935,-22.175447416261516
3014936,-64.28726702333306
3014937,-38.87388812074895
3014938,135.50750321704865
3014939,8.874222032819677
3014940,39.90343633232961
3014941,76.4814346472419
3014942,113.05147392262343
3014943,2532.1065556316644
3014944,74.58566745979597
3014945,66.08523562862611
3014946,-131.94050564378884
3014947,-113.34052677402615
3014948,-26.99947600244813
3014949,616.2802969204051
3014950,-130.44950680014952
3014951,-70.7557543422834
3014952,19.539130312800996
3014953,205.572822614032
3014954,-23.12853773880924
3014955,-64.20763686163245
3014956,-93.69651672170384
3014957,1167.7764242633746
3014958,1222.2568440582786
3014959,-84.71290363801545
3014960,-102.58464082521009
3014961,-97.07157030737407
3014962,-25.85906069612683
3014963,-52.93180306338562
3014964,35.98707490545572
3014965,-49.971878596249134
3014966,16.222904524243592
3014967,-57.21623753297698
3014968,7.00769058335182
3014969,-59.660874237284396
3014970,-57.99630865544422
3014971,45.60280451339596
3014972,-3.078780844937039
3014973,23.530969356909015
3014974,49.54951817037291
3014975,78.26343588361279
3014976,1626.6666560169147
3014977,96.78330424144515
3014978,84.12900244212433
3014979,-125.9127514456366
3014980,-106.49822916109297
3014981,-109.63809846114854
3014982,223.80774311262505
3014983,-27.332243600378927
3014984,-90.27025652722732
3014985,-74.68087030322276
3014986,156.49612612629173
3014987,-107.98840641714087
3014988,6.267993735149691
3014989,-97.41299678666319
3014990,-110.96563116404904
3014991,1682.6798816637208
3014992,-64.72292682290588
3014993,-80.7352020920137
3014994,-82.03053259156472
3014995,-64.63091659869569
3014996,-46.123998748079465
3014997,102.32231961537737
3014998,-68.4733100319052
3014999,-80.28389384334996
3015000,-87.44397887372479
3015001,-75.84646938586393
3015002,-76.38318699344636
3015003,-53.34748689792449
3015004,118.50115939552389
3015005,-0.5894821569175224
3015006,30.241209451413585
3015007,66.58248581696735
3015008,100.68929380781965
3015009,120.79203843786281
3015010,115.66746756153698
3015011,108.4165897614018
3015144,84.40626741836714
3015145,-150.31746364806602
3015146,-158.95240210066166
3015147,191.71842235297683
3015148,-194.12389861314003
3015149,-171.6374222284783
3015150,-117.27975857075789
3015151,66.79834774088359
3015152,111.40615301354292
3015153,-44.99441078042381
3015154,149.6452409018867
3015155,350.7942164780588
3015156,-16.474767361604716
3015157,51.88379800653487
3015158,41.890027809680326
3015159,57.791509029136385
3015160,19.85252610443884
3015161,-34.625193641950354
3015162,-111.35865741513753
3015163,-117.5597332199357
3015164,-143.68389828038588
3015165,-136.93648333448053
3015166,-101.686110188585
3015167,-121.7579985934879
3015168,-114.43033417310635
3015169,186.22046593005072
3015170,-95.21609348908378
3015171,-90.01884390432615
3015172,-65.49594771242373
3015173,-14.755118519891578
3015174,271.84047188485255
3015175,70.80072377328925
3015176,158.5646910809571
3015507,48.94144133295523
3015508,-150.24220209978446
3015509,-159.37006262297635
3015510,258.01191080387724
3015511,-192.1423561555237
3015512,-361.30241892814576
3015513,-122.89279545128129
3015514,52.54860340203978
3015515,59.961179621645634
3015516,-58.02778050947499
3015517,133.78474485612853
3015518,349.5059147862726
3015519,-53.057616015714565
3015520,52.700813369831586
3015521,33.95278536913295
3015522,50.09218476928245
3015523,18.96131223015853
3015524,-35.19050076619673
3015525,-134.3423012626986
3015526,-118.89124445087172
3015527,-145.2762578453319
3015528,-134.8268967470697
3015529,-128.86688200381153
3015530,-123.33311074098792
3015531,-116.02064773312286
3015532,162.9037743671208
3015533,-96.96269255317002
3015534,-91.43887620722926
3015535,-65.63816376056893
3015536,-14.89733456803678
3015537,269.48069080457134
3015538,68.6882086519192
3015539,87.82652374443497
3015870,-35.29078979400473
3015871,-137.28572518751096
3015872,-101.81003312498505
3015873,296.3714603168766
3015874,-187.11413381642686
3015875,-365.4260203086349
3015876,-119.4973691250696
3015877,56.09572519027025
3015878,3.8039115620947155
3015879,-56.02035453785792
3015880,149.9020001231871
3015881,329.3835374444017
3015882,-52.39240898267318
3015883,28.10806374811428
3015884,44.069585272467855
3015885,38.958780629661725
3015886,13.76668838034114
3015887,-50.42095485440624
3015888,-163.19420415666949
3015889,-127.76250499906727
3015890,-144.6643101168295
3015891,-134.18320235486797
3015892,-41.42090980680977
3015893,-123.23722300460445
3015894,-116.19400223129814
3015895,171.66227786874376
3015896,-109.16991247263131
3015897,-89.90068161197932
3015898,-38.888251169852346
3015899,12.165568246761001
3015900,263.7303482188469
3015901,71.53974086180479
3015902,149.8419956999971
3016233,-61.002134871089574
3016234,-138.6660782243696
3016235,-166.4682212304331
3016236,228.15435832785553
3016237,-187.39776037962727
3016238,-358.5851838407687
3016239,-125.54788846878755
3016240,56.1805780273282
3016241,12.173048555672
3016242,-52.634175468931325
3016243,127.64595381486602
3016244,331.85223512767726
3016245,-89.94777153413865
3016246,33.992857479767075
3016247,32.65739798735992
3016248,51.50097586961103
3016249,-2.917418181921714
3016250,-47.83234588689212
3016251,-120.74514634192205
3016252,-127.09037975943379
3016253,-145.6561057607146
3016254,-138.86995927827186
3016255,-131.28071690777577
3016256,-123.76772646428803
3016257,-116.64876093847151
3016258,193.78473740317278
3016259,-107.71844292262112
3016260,-98.34947938666555
3016261,-47.339185704189084
3016262,3.7146337124238085
3016263,172.83281338731305
3016264,68.572671629053
3016265,148.5438658865962
3016596,-108.14793995513428
3016597,-148.01820224843394
3016598,-204.8580652965127
3016599,337.916391021926
3016600,-144.2521589960941
3016601,-430.7063155850281
3016602,-193.62225014733284
3016603,64.40327860635189
3016604,28.63652641679001
3016605,-36.078777614483705
3016606,-41.06712920033923
3016607,98.8738250301811
3016608,384.66682692900343
3016609,-46.79221136274797
3016610,-24.673932230346406
3016611,34.93940106026411
3016612,-6.807966923113195
3016613,-76.20169418369146
3016614,-65.13890908373234
3016615,-159.18719259932644
3016616,-165.75412043778604
3016617,-159.26354209831337
3016618,10.299209967263057
3016619,-146.69880815101104
3016620,-140.68880220396093
3016621,222.2111518544991
3016622,-114.3978544247846
3016623,-63.43209080311707
3016624,-12.466327181450463
3016625,14.428254920232764
3016626,70.70788138984399
3016627,55.74060287424455
3016628,132.8990821228933
3016794,-92.91786300863787
3016795,-149.57337391294348
3016796,-114.92062272405637
3016797,348.7626949100642
3016798,-185.75881816505878
3016799,-377.5993703654638
3016800,-145.34494297337167
3016801,71.0432337173972
3016802,84.48463947865748
3016803,-42.91150117836268
3016804,70.3427606730963
3016805,265.054662646085
3016806,-60.32883191838372
3016807,55.968874823018176
3016808,-12.43753723248322
3016809,38.584251599474236
3016810,15.396456733036548
3016811,-37.45172926318279
3016812,-140.77452682414983
3016813,-124.03075383715422
3016814,-151.64569610511288
3016815,-91.23154837530119
3016816,-134.56570201916136
3016817,-129.63355933099027
3016818,-116.75941981810642
3016819,180.98444329267065
3016820,-103.9490888095177
3016821,-97.11900541884033
3016822,-66.20702795314973
3016823,-15.466198760618948
3016824,90.39167357870811
3016825,60.23814816644536
3016826,154.4517415295447
3016827,-102.95581442253278
3016828,-135.20468768769277
3016829,-101.8942563835506
3016830,339.43345334501754
3016831,-181.25775529161345
3016832,-373.4280440880137
3016833,-139.9379855013597
3016834,-21.845010692124372
3016835,72.46727993324949
3016836,-48.37627056755927
3016837,86.46001594015566
3016838,299.65706214568587
3016839,-39.25522710844067
3016840,31.358406915492726
3016841,12.490445040548156
3016842,47.480334305909814
3016843,19.861618160689222
3016844,-52.151518368424185
3016845,-148.08548290913225
3016846,-132.21856934395421
3016847,-149.7319666519234
3016848,-138.6454291386681
3016849,22.49071302699436
3016850,-127.92625637176324
3016851,-120.88303559845626
3016852,191.9821950238231
3016853,-112.55267879505327
3016854,-94.19190248128488
3016855,-43.20553513982103
3016856,7.848284276791862
3016857,162.63087675041263
3016858,64.36761949448665
3016859,138.5911505024189
3016860,-102.88055287424758
3016861,-135.12942613940757
3016862,-102.01303815825013
3016863,303.48096004920734
3016864,-179.27621283399802
3016865,-240.0821312699425
3016866,-145.27633675141922
3016867,-36.614160795897796
3016868,18.38799333672542
3016869,-46.4652495749854
3016870,70.59951989439783
3016871,273.95717834340934
3016872,36.420692353043556
3016873,32.17542227878942
3016874,0.6211644791881281
3016875,41.82897297313624
3016876,5.8363885960502735
3016877,-52.517143908559696
3016878,-79.1136773231713
3016879,-133.5272763600017
3016880,-151.3243262168683
3016881,-140.37528636227606
3016882,23.657609798079836
3016883,-129.47488111841383
3016884,-122.29203116352942
3016885,200.63338071185464
3016886,-113.39837037566058
3016887,-95.2647076986107
3016888,-44.284856132313315
3016889,6.768963284299577
3016890,158.7079001557333
3016891,62.300373933162255
3016892,80.40530206808508
3016893,566.0796326079319
3016894,194.41010853183545
3016895,-65.62990140971924
3016896,69.34141164600915
3016897,-67.21489383292673
3016898,-133.0739281263416
3016899,22.74943351066118
3016900,76.60758543471293
3016901,363.08753624396496
3016902,546.7523260645457
3016903,312.7445336047107
3016904,177.60246449937196
3016905,1396.0735538964498
3016906,133.1027129203239
3016907,92.48927428529039
3016908,72.84614472225356
3016909,27.42976325008029
3016910,-34.71295069992974
3016911,-127.17290378178568
3016912,-92.63548885262871
3016913,-119.58997761373489
3016914,-112.04701306470388
3016915,-100.85559073462245
3016916,-97.22413596315691
3016917,81.16763943234965
3016918,162.73477715096735
3016919,-87.63869983288514
3016920,-53.60748906650978
3016921,-6.530558060145534
3016922,40.453936127249754
3016923,189.77895983960954
3016924,251.150296716258
3016925,54.72217092209231
3015177,188.98986490046738
3015178,-149.2658628246634
3015179,-152.54265290086985
3015180,89.80501757362545
3015181,-202.4271998765187
3015182,-147.62394196165886
3015183,-87.45953564928577
3015184,148.11687038449028
3015185,-30.152800347413898
3015186,68.76633034677793
3015187,373.77365076988127
3015188,444.8314980123561
3015189,304.77833411899513
3015190,-50.124205174104226
3015191,91.05360890186843
3015192,71.45840715434248
3015193,21.15090100816106
3015194,-22.950951443887828
3015195,-111.00688368623928
3015196,-101.69934757724108
3015197,-132.1692476224935
3015198,-131.34614048341226
3015199,-123.75689811291458
3015200,-116.16765574241985
3015201,75.17680538590521
3015202,181.34351772509555
3015203,-88.38737692622799
3015204,-81.3407273483861
3015205,-63.00127509068697
3015206,-16.24970452134748
3015207,128.27701617201248
3015208,155.1783172621874
3015209,103.5363306573906
3015210,640.0999911859792
3015211,393.04847334722325
3015212,-32.418980600896056
3015213,158.41239836593942
3015214,-21.35458812667802
3015215,3.1669642350363643
3015216,197.36682739026034
3015217,265.73086767782587
3015218,560.9879701477961
3015219,285.46765768116387
3015220,311.67494902648923
3015221,92.07014552079484
3015222,1598.5526836478782
3015223,131.49182126672193
3015224,107.4466436333209
3015225,88.07484419557211
3015226,41.69412817228598
3015227,-15.173036977920486
3015228,-54.45468889049611
3015229,-75.26512981254841
3015230,-101.27980710056094
3015231,-91.44032558311942
3015232,-79.1768145577576
3015233,-76.02250453633978
3015234,22.156502026673667
3015235,108.3471430282154
3015236,-61.22136594936482
3015237,-59.09430244908416
3015238,-23.73375785706939
3015239,23.230245578117962
3015240,73.9151159507539
3015241,237.8887210533164
3015242,77.00089521859782
3015243,651.1351493185186
3015244,593.2089800202295
3015245,550.0566077721089
3015246,733.2464400450147
3015247,220.92092532260105
3015248,200.39087195716976
3015249,440.95020484922946
3015250,712.9125973449287
3015251,476.9957845835112
3015252,-139.70811944006786
3015253,87.88166262456794
3015254,117.8598316983444
3015255,1203.1769588327143
3015256,128.43512014218177
3015257,123.83311933702471
3015258,84.75729347351314
3015259,30.444707714586645
3015260,16.089901523402393
3015261,-99.13900082215405
3015262,-41.334795024366976
3015263,-49.80254429002438
3015264,-41.29525995556927
3015265,-23.729444224135744
3015266,-26.436061935156243
3015267,17.595110987822142
3015268,65.1936669632175
3015269,-72.25003497695779
3015270,-88.42470759380949
3015271,-99.83174661679986
3015272,-105.89259799616393
3015273,-8.998541589179961
3015274,106.88232753888424
3015275,-97.39275214642412
3015276,631.1777418808499
3015277,573.2515725825572
3015278,523.9479760171164
3015279,740.7532276098984
3015280,191.29746210802747
3015281,121.06826553533843
3015282,404.1182089556368
3015283,709.0614097003945
3015284,-88.34787038074843
3015285,-19.52421742574465
3015286,144.8312827104552
3015287,109.80206415185255
3015288,1014.1625099232883
3015289,126.744543529777
3015290,122.12646152219806
3015291,83.85288224166341
3015292,28.664319308895717
3015293,14.073837680524509
3015294,-101.05142689353583
3015295,-43.41361979819548
3015296,-51.372148759082656
3015297,-43.647694722510586
3015298,-35.89154804876606
3015299,-28.04450484747012
3015300,13.89120140241467
3015301,97.2826722139841
3015302,-68.84028933680683
3015303,-85.0112926907821
3015304,-94.71284548457224
3015305,-100.77369686393813
3015306,-105.14612190319967
3015307,175.49772831155335
3015308,-94.0946485715297
3015309,828.6044692493645
3015310,772.1763677516622
3015311,697.2653408865424
3015312,445.7315370659664
3015313,253.38468309888523
3015314,361.74122462905024
3015315,542.2578552979695
3015316,920.5248626566275
3015317,123.30351644003419
3015318,186.1817376019533
3015319,66.40649385166354
3015320,173.3728365966098
3015321,1348.5019447361262
3015322,164.51732141251895
3015323,123.46933340725009
3015324,81.38191689253672
3015325,50.08266233526293
3015326,21.898995214565236
3015327,-89.74272154095597
3015328,-39.011109924600795
3015329,-67.4308876146561
3015330,-60.003778652402424
3015331,-54.602816437762876
3015332,-50.68225253881136
3015333,62.858980358686686
3015334,135.4809664204524
3015335,-60.09561358281079
3015336,-76.43310762553828
3015337,-92.77060166826759
3015338,-96.20812038894819
3015339,98.54067865244242
3015340,-82.63933458768615
3015341,-75.85494168705445
3015342,586.5624161680109
3015343,490.03995485309605
3015344,8.314997047247932
3015345,199.1042678766191
3015346,-60.81016273395088
3015347,-3.0115918710010123
3015348,58.64503743701922
3015349,73.00354383891973
3015350,397.98237807964955
3015351,403.7297073061238
3015352,264.9838135523729
3015353,270.1293060096813
3015354,1588.20602268709
3015355,132.3289486974971
3015356,110.55983461651626
3015357,81.18680929727596
3015358,45.75423825250706
3015359,-5.3241626807339735
3015360,-89.53006369660652
3015361,-64.18927663847766
3015362,-94.38714346237798
3015363,-86.8364260055669
3015364,-71.3360914514074
3015365,-71.7349910919459
3015366,24.241740651929565
3015367,125.75743734388398
3015368,-48.02763010788593
3015369,-27.10160360538138
3015370,-39.68722191853457
3015371,53.88448257933188
3015372,71.3276016376819
3015373,5.665395871774496
3015374,12.036269097772863
3015375,-74.21359085159456
3015376,-121.53113032797664
3015377,-188.9536194499331
3015378,153.9022943030079
3015379,-154.04998965138546
3015380,-175.15056056723623
3015381,-169.00675843537354
3015382,75.50670485229894
3015383,-25.41124350180125
3015384,-225.57935644200668
3015385,103.72386869434622
3015386,264.80286784524634
3015387,317.91810770148226
3015388,-73.06085269966745
3015389,3.5763210739387046
3015390,50.830479243050995
3015391,-26.241653175736968
3015392,-71.62037997666009
3015393,-84.42880662185728
3015394,-148.23127977326092
3015395,-158.53385726908257
3015396,-152.04327892961035
3015397,-142.16278245005313
3015398,-138.322523139301
3015399,158.181226021813
3015400,213.30655608696244
3015401,-100.55506174358997
3015402,-49.58929812192199
3015403,1.393529869334277
3015404,31.790985561806526
3015405,52.35847949964792
3015406,70.32336862143366
3015407,88.34071864631342
3015408,-88.52436072227174
3015409,-140.59769097285678
3015410,-105.16172510377491
3015411,162.40485627700056
3015412,-187.97026952770537
3015413,-194.58154566558986
3015414,-115.46673464672021
3015415,135.0763798351356
3015416,84.97109592750367
3015417,-49.37715705803729
3015418,245.98251897346378
3015419,367.4012764549512
3015420,48.22874197795155
3015421,5.7916255260921226
3015422,71.85736195060282
3015423,54.773615034366934
3015424,11.005782660040456
3015425,-34.31900666888024
3015426,-154.69459482838786
3015427,-114.67382670261195
3015428,-145.0826281110781
3015429,-137.84236091696906
3015430,-132.68878777138687
3015431,-125.09954540089102
3015432,97.40735465599819
3015433,187.0437695237035
3015434,-103.40324254332681
3015435,-99.12971557494693
3015436,-57.1463546845437
3015437,-11.793279658315708
3015438,102.41109734883476
3015439,346.4757578024925
3015440,90.29127716723015
3015441,311.4415604622856
3015442,-62.857646106408346
3015443,-107.17659057182554
3015444,-8.936604559624168
3015445,-153.30052102861444
3015446,-148.77433551697803
3015447,-54.815317807827604
3015448,194.4578783208319
3015449,-16.27119955378002
3015450,114.16514070672947
3015451,486.9024245131304
3015452,251.81627090017568
3015453,931.6938323455677
3015454,72.09749613784895
3015455,103.58446363767526
3015456,79.46027459295523
3015457,47.88589627166615
3015458,-13.505611424042097
3015459,-131.5632209631017
3015460,-86.28368073441884
3015461,-116.27704230728595
3015462,-120.24259538165965
3015463,-118.77621676691528
3015464,-112.55943951059957
3015465,61.30142468828691
3015466,158.6710390159826
3015467,-91.67903401807216
3015468,-84.14187564396825
3015469,-65.16406932684895
3015470,-18.41249875751036
3015471,199.60288081718747
3015472,361.44764403481867
3015473,87.43056741202118
3015474,520.5674971227556
3015475,462.6413278244665
3015476,319.6909390712228
3015477,1148.0580760493483
3015478,70.59744461998567
3015479,122.25352284827814
3015480,315.92066479543485
3015481,840.6874405686194
3015482,-77.99805431928122
3015483,-63.05006764832448
3015484,17.850288599901194
3015485,83.74734183147443
3015486,1193.5379236149877
3015487,71.01115339257895
3015488,67.95130056183537
3015489,56.8249651531897
3015490,40.916955800781544
3015491,8.984325233469196
3015492,-41.40686402500504
3015493,-39.138544190993606
3015494,-34.269104224311185
3015495,-26.164966085411873
3015496,-17.67875055359472
3015497,-13.560056243298998
3015498,47.295873903541825
3015499,48.01476017906062
3015500,-72.59032882110323
3015501,-75.45889889369236
3015502,-78.32746896628377
3015503,-81.19603903887473
3015504,0.5199388315838473
3015505,-86.9271626879602
3015506,-89.78861819383228
3015540,186.73257090844092
3015541,-141.94126076221508
3015542,-92.76241429486781
3015543,-86.78894612603817
3015544,-143.10203011769525
3015545,-102.06941554309405
3015546,-48.902663691098304
3015547,43.84521956439513
3015548,-20.485911633750487
3015549,398.9972624916724
3015550,469.56594209789
3015551,217.39241931629724
3015552,1052.231074465216
3015553,91.29168577977823
3015554,106.96818935459659
3015555,70.15429715331375
3015556,3.086699809130853
3015557,-42.248023722901884
3015558,-114.69394785113768
3015559,-104.04075535396309
3015560,-128.29705492090696
3015561,-116.82703153261086
3015562,-108.82956354283105
3015563,-105.68998430771857
3015564,66.74458590468403
3015565,189.76722797184195
3015566,-98.07921607582448
3015567,-66.78499888809647
3015568,-20.11869511563354
3015569,26.49887551373259
3015570,103.12023406705721
3015571,305.08605193849615
3015572,102.75326410439784
3015573,-77.80177818479824
3015574,-120.08617548436705
3015575,-182.56721429435473
3015576,154.81093619095483
3015577,-182.40204826498646
3015578,-213.3586590494222
3015579,-112.44553107821939
3015580,152.793497057419
3015581,-251.31902243266248
3015582,-57.364874087253874
3015583,378.4095105174719
3015584,276.8976815397207
3015585,682.9895134592822
3015586,-65.56842892658572
3015587,77.6653952495298
3015588,59.77282684478413
3015589,26.892907052607104
3015590,-55.009502896264884
3015591,-177.88207451556926
3015592,-125.2946487211364
3015593,-149.10431239441303
3015594,-142.30087853297803
3015595,-36.17534714931984
3015596,-127.21494943491489
3015597,138.90168602468313
3015598,220.52992807971552
3015599,-100.48908748564354
3015600,-55.575019895936556
3015601,-10.590685602414663
3015602,35.48090636333128
3015603,184.63736511965882
3015604,86.30299209154892
3015605,105.43727259181397
3015606,-73.85916997424901
3015607,-132.21525805074342
3015608,-151.8120186959184
3015609,150.31160920178374
3015610,-182.9012750875925
3015611,-158.05142745202218
3015612,-103.21081629770269
3015613,122.65017911515197
3015614,-102.31139521907771
3015615,-86.48762492939163
3015616,372.5518437492954
3015617,313.50947405865486
3015618,362.21851623704066
3015619,-33.15483752746747
3015620,80.53067717699433
3015621,47.08838612997297
3015622,25.398364353933818
3015623,-43.56119252786815
3015624,-148.5913657098479
3015625,-118.19717437360673
3015626,-142.67506658444952
3015627,-135.08582421395343
3015628,-121.53635280161852
3015629,-119.90733947296148
3015630,135.26430880421432
3015631,202.54405051326304
3015632,-105.631366466698
3015633,-84.95522416064141
3015634,-40.00405065652311
3015635,4.947122847598809
3015636,169.54715846720384
3015637,195.0058870437908
3015638,88.62453464394112
3015639,-121.08451333208977
3015640,-151.70691210279327
3015641,-180.39330269637938
3015642,355.98461694539327
3015643,-125.0810694746613
3015644,-470.6501211979874
3015645,-186.11735047125129
3015646,-259.82053896925646
3015647,-220.86939026109556
3015648,-197.4108010341104
3015649,-81.3901960718811
3015650,-39.170826207379186
3015651,-6.221584997580788
3015652,225.4783150862144
3015653,3.6155359571528902
3015654,-4.117993309863021
3015655,-16.8552821443141
3015656,-51.887115741330526
3015657,-47.57515164049838
3015658,-144.58830791826838
3015659,-177.2577215989161
3015660,-163.45920685393256
3015661,-152.02925537038757
3015662,-145.67104090166393
3015663,-135.43169956739555
3015664,95.6512147582609
3015665,-116.07667187749375
3015666,-101.08043462739606
3015667,-55.56351520948491
3015668,-18.595654944510255
3015669,122.46038015338509
3015670,13.805373106339363
3015671,63.96101727793549
3015672,316.59804362797985
3015673,32.082485146790724
3015674,-85.43547805073904
3015675,185.07108972741045
3015676,-130.77194399439057
3015677,-175.9449370218388
3015678,-42.06454182830047
3015679,21.55959558124751
3015680,89.251310277634
3015681,593.7270948570764
3015682,239.16777380067387
3015683,235.17898163711382
3015684,887.8360321280707
3015685,109.82422068637236
3015686,85.50409662389337
3015687,65.17138544182838
3015688,33.350738607304116
3015689,-40.95075854519977
3015690,-55.55508717041133
3015691,-104.93002110010484
3015692,-122.42846179409598
3015693,-115.00135283184413
3015694,-70.61835053008467
3015695,-100.14713490733884
3015696,-97.27721071728119
3015697,209.90927894612034
3015698,-95.47277274342859
3015699,-79.90684532340019
3015700,-34.761109181478595
3015701,10.384626960445264
3015702,100.35783616002773
3015703,78.86428070472103
3015704,111.02761794204271
3015705,-77.230493894959
3015706,-108.04209452722971
3015707,-89.72953818651767
3015708,619.5518977261211
3015709,-118.46846260906823
3015710,-488.71354782956297
3015711,-165.0476268753562
3015712,-114.49226012547824
3015713,117.49411829778565
3015714,67.97488130735401
3015715,-91.45767376779558
3015716,-47.707103089907186
3015717,469.9068443997126
3015718,126.70646755425962
3015719,-35.05836262342594
3015720,-3.7416095914977165
3015721,-1.1368293092526005
3015722,-85.31337783857582
3015723,-107.05988831892482
3015724,-176.05096303419785
3015725,-183.3247787632222
3015726,-176.9353284458421
3015727,-133.8206427757273
3015728,-163.34781485101328
3015729,-156.30459407770584
3015730,39.46433752591607
3015731,-113.4847511734918
3015732,-62.48784297064075
3015733,-20.320646711253897
3015734,-4.602278798046239
3015735,47.805583208570816
3015736,32.91220113421351
3015737,47.83676087731529
3015738,292.9531848559556
3015739,-14.37865897491319
3015740,-60.7361239793452
3015741,280.7447388691027
3015742,-184.65463744083425
3015743,-30.19401598197491
3015744,-65.72714566168024
3015745,153.28753854747376
3015746,-88.90040290891083
3015747,273.7296566785596
3015748,380.9102023247254
3015749,230.95633610429925
3015750,421.43153526267537
3015751,71.43222498048618
3015752,82.2044062413873
3015753,58.150763088733434
3015754,20.983347347060732
3015755,-24.18293493847595
3015756,-41.02411160816022
3015757,-96.93189220737217
3015758,-125.64376015966927
3015759,-118.3143376517924
3015760,-114.2489065871594
3015761,-102.2433166927979
3015762,-94.60345024888174
3015763,85.70053318951769
3015764,-80.14993919940098
3015765,-78.12764192705417
3015766,-76.09192617416993
3015767,-55.56737917552781
3015768,177.63760315563124
3015769,34.09811266015705
3015770,78.93085857799925
3015771,298.242696624143
3015772,-18.62329241058323
3015773,-26.19583876707001
3015774,157.7520445050279
3015775,-132.71331013267016
3015776,-168.50371865216746
3015777,-44.638560106346894
3015778,-2.4160904069183675
3015779,81.36540339804101
3015780,534.5062306711527
3015781,233.35807346098275
3015782,229.41925546258253
3015783,1138.870231129713
3015784,106.46745268665713
3015785,80.82453078705284
3015786,51.1924699113467
3015787,41.15711954020511
3015788,-38.979415638740456
3015789,-64.3198371007848
3015790,-103.08248661517091
3015791,-121.9935421763028
3015792,-114.56643321405026
3015793,-73.61763790688569
3015794,-100.78452111497113
3015795,-96.05890013265507
3015796,127.6988632821378
3015797,-92.29603368073803
3015798,-89.47393496706518
3015799,-44.32819882514176
3015800,0.8175373167830071
3015801,94.19973911483494
3015802,72.37118969723788
3015803,103.5736145684743
3015804,-53.555980803778574
3015805,-113.99028384880039
3015806,-127.83170636693539
3015807,647.1280884897762
3015808,-162.606185864325
3015809,-102.34971680972266
3015810,-148.1696569853655
3015811,153.1809349248617
3015812,152.5577588211788
3015813,129.1491256222259
3015814,97.06681522217328
3015815,310.3322138439043
3015816,-25.852717533468915
3015817,180.57106279036228
3015818,30.363887579102073
3015819,38.26069990030353
3015820,11.61014636102944
3015821,-32.779558497749726
3015822,-163.72806175017027
3015823,-121.81036006240497
3015824,-150.3369517906954
3015825,-142.99906838651808
3015826,-121.23025599354291
3015827,-122.13495331443464
3015828,-126.4877963832585
3015829,162.9870945168452
3015830,-97.613371164621
3015831,-93.54942750855689
3015832,-91.54585052774728
3015833,-61.04046080864354
3015834,52.55212369279089
3015835,28.861886199595762
3015836,48.6315467343231
3015837,-85.17392962876947
3015838,-114.57985591332799
3015839,-130.71825413232798
3015840,654.6834721021153
3015841,-158.95562517048873
3015842,-98.00802998158251
3015843,-152.48407330568105
3015844,145.48288656989482
3015845,147.90697052102516
3015846,152.3725638033081
3015847,79.1750865226913
3015848,282.1206283079825
3015849,-34.779106416366666
3015850,178.93186708840307
3015851,22.706002037001785
3015852,15.381073267910399
3015853,4.9159917697620195
3015854,-33.511532869471615
3015855,-151.98853405595426
3015856,-123.18207212397515
3015857,-151.83827163155732
3015858,-144.50038822738023
3015859,-116.16300046668816
3015860,-123.87058084088521
3015861,-69.76769112099855
3015862,157.23665489354264
3015863,-99.79738342457203
3015864,-95.40687300732434
3015865,13.915990683675506
3015866,-62.00701371855374
3015867,50.82640187916123
3015868,27.895333289685556
3015869,46.84962850926623
3015903,453.26249221145844
3015904,224.37747764187517
3015905,-75.8606072364526
3015906,89.61687976016056
3015907,-81.80269608160488
3015908,-98.1166794947133
3015909,-4.022351322718162
3015910,67.43600904919136
3015911,411.8061643691655
3015912,482.3484417646322
3015913,270.87303234710237
3015914,248.77243103742254
3015915,1411.31146254179
3015916,123.22130692506353
3015917,100.87747535899707
3015918,82.48250604755238
3015919,15.72435186976232
3015920,-20.66652196020895
3015921,-58.68053039600617
3015922,-83.24381967588333
3015923,-107.85267588875199
3015924,-103.35202491422164
3015925,-98.85137393968971
3015926,-94.350722965158
3015927,63.662374224137885
3015928,138.36005063579998
3015929,-86.4459159519195
3015930,-84.41020019903662
3015931,-62.62325695564849
3015932,-17.620024957886738
3015933,97.13061432336163
3015934,72.67144732596053
3015935,107.14215103739407
3015936,534.613012053954
3015937,249.94974547566127
3015938,-80.89106098282427
3015939,125.34893857700554
3015940,-68.82437244857401
3015941,-80.28587881851745
3015942,3.1717884592059886
3015943,115.10955936351702
3015944,387.02175087489223
3015945,348.0523051814055
3015946,296.0962289184237
3015947,257.42288619615795
3015948,1721.4480893326177
3015949,121.76935835567265
3015950,99.34467297250923
3015951,82.32257391226604
3015952,43.2268652392764
3015953,-22.44205572365858
3015954,-175.16349498851062
3015955,-87.97353582523856
3015956,-114.50614872236615
3015957,-107.11764124476899
3015958,-93.66815117575474
3015959,-92.34062628957444
3015960,-0.16642423249031024
3015961,106.28142190339231
3015962,-70.58950674887028
3015963,-65.9720593118921
3015964,-63.89519301835097
3015965,-41.757410827723824
3015966,98.08866150439253
3015967,51.00332444600118
3015968,89.78001881570317
3015969,421.2866487554085
3015970,155.53368967770368
3015971,-77.10020209217127
3015972,67.42483269452642
3015973,-92.95045696988136
3015974,-47.58507214283535
3015975,-12.677804012920927
3015976,34.59261915802809
3015977,416.42422507978637
3015978,459.8621056986965
3015979,266.3816456836725
3015980,248.80225828688506
3015981,1563.0230760074826
3015982,120.61642001548769
3015983,98.27359493606532
3015984,59.12798377657017
3015985,14.537107593763114
3015986,-23.386174449587354
3015987,-37.149520990054306
3015988,-85.21178276017649
3015989,-111.90228521083036
3015990,-107.4016342362991
3015991,-102.90098326176671
3015992,-98.40033228723523
3015993,71.00676209046806
3015994,173.60433527450752
3015995,-90.19822967297823
3015996,-88.16251392009399
3015997,-64.69816040397181
3015998,-19.86541448612733
3015999,104.05030993242617
3016000,69.80007734955616
3016001,103.24147157109583
3016002,-94.2103772513863
3016003,-124.46285140099899
3016004,-148.90309779812813
3016005,294.71708354528454
3016006,-175.53787683822046
3016007,-185.75181162485822
3016008,-106.31008420116113
3016009,190.72076759635476
3016010,-47.64880666770731
3016011,186.75978614463335
3016012,408.89426417441535
3016013,223.98684932342096
3016014,715.2546309358586
3016015,-65.43415595269832
3016016,80.75741485841176
3016017,38.78972150725016
3016018,-6.515214053748462
3016019,-51.82014961474707
3016020,-140.0664341682821
3016021,-121.21396378718718
3016022,-143.85164133233937
3016023,-136.2841743708066
3016024,-128.7167074092745
3016025,-121.14924044774288
3016026,18.51427755222149
3016027,208.71776732084228
3016028,-116.33129405285472
3016029,-83.814819153605
3016030,-38.91821100017413
3016031,5.978397153255816
3016032,85.71897416034035
3016033,67.15128405872083
3016034,85.16198241289403
3016035,615.7845505129092
3016036,488.5463440570231
3016037,52.94401398002193
3016038,175.33294412095185
3016039,-28.835866351787256
3016040,36.07047932306906
3016041,186.99611216087098
3016042,409.41546492818924
3016043,449.8893928187622
3016044,24.048488796432952
3016045,297.83948988236415
3016046,33.43684388815989
3016047,1648.2886893415705
3016048,138.64067962866213
3016049,109.79767672490858
3016050,70.40176057976619
3016051,35.80660234656201
3016052,-6.386773170436793
3016053,-47.9287005393492
3016054,-72.25525993872843
3016055,-103.1656448401855
3016056,-103.03400907745372
3016057,-106.21321719174402
3016058,-94.1605056300762
3016059,20.562264999561382
3016060,123.00481760207613
3016061,-78.0313282805203
3016062,-75.85098063298646
3016063,40.246547444781946
3016064,-32.04908257142987
3016065,14.584060411633988
3016066,36.34033813175912
3016067,42.95588947374946
3016068,279.03028315369664
3016069,-51.73006841027999
3016070,-107.08949308289793
3016071,238.22620366700923
3016072,-137.12744943551914
3016073,-86.70513654282585
3016074,-44.876394186738516
3016075,160.15680661832513
3016076,96.25269546896307
3016077,483.22542363108045
3016078,257.82473476700346
3016079,241.23703899244188
3016080,1257.1448882803281
3016081,119.62288118397488
3016082,96.18768037456586
3016083,53.04173641514486
3016084,8.047858058632148
3016085,-33.70205728940781
3016086,-82.73721116750316
3016087,-96.31968556595307
3016088,-122.97284088135284
3016089,-115.73287828248048
3016090,-100.24079180734911
3016091,-106.73157633341707
3016092,88.7525420363997
3016093,205.19351318161918
3016094,-104.7757136578446
3016095,-104.6578688848379
3016096,-59.7851995766462
3016097,-14.952453658801726
3016098,113.11911750327654
3016099,74.71303817688313
3016100,98.9113732194971
3016101,-104.71571554972142
3016102,-124.883001445033
3016103,-145.05028734034457
3016104,833.0422119305051
3016105,-130.03581463366007
3016106,-94.08542351666328
3016107,-184.10362573750425
3016108,186.68407646594662
3016109,167.05251557455287
3016110,191.47635299997248
3016111,-49.73193806902717
3016112,83.7069070752345
3016113,156.50601846771278
3016114,163.55397869532715
3016115,-48.635349562143354
3016116,22.958000033305968
3016117,2.3705448732624927
3016118,-40.42176891055127
3016119,-152.28203265123707
3016120,-131.29733814065256
3016121,-164.52965764151557
3016122,-158.76741253492358
3016123,-151.42952913074603
3016124,-143.73247103634938
3016125,-61.707922325580775
3016126,170.2127887292747
3016127,-120.46372547826086
3016128,-114.36980954967503
3016129,-110.33877927722169
3016130,-65.50603335937949
3016131,39.059486229729565
3016132,15.822631894493686
3016133,30.23661242352701
3016134,467.99263767955307
3016135,420.35581848124565
3016136,41.57787379189832
3016137,611.2114447618744
3016138,-67.09242245272644
3016139,317.17375846667727
3016140,150.7684952106067
3016141,449.7518617449512
3016142,765.0711444609553
3016143,32.235640075872844
3016144,260.9764676934179
3016145,-1.5350065243998858
3016146,1739.9081262134637
3016147,98.10857034972595
3016148,95.07938111028541
3016149,84.5076373214883
3016150,51.970606824121965
3016151,7.6569548892902795
3016152,-90.19783468798168
3016153,-69.96480659406647
3016154,-87.25896742093077
3016155,-85.29528938756793
3016156,-82.92182980759439
3016157,-71.25273199575376
3016158,-67.22555997190993
3016159,120.99357348184795
3016160,-62.89734354903184
3016161,-60.86411065322299
3016162,-58.83087775741368
3016163,-56.797644861602556
3016164,184.45398433557168
3016165,14.833346325197187
3016166,41.942769794254865
3016167,-108.95640118971532
3016168,-137.6608490646329
3016169,-158.93548130215166
3016170,690.9657312877328
3016171,-149.14405672526462
3016172,-317.6071062709032
3016173,-177.48822765253843
3016174,91.75308379524377
3016175,147.30324830311676
3016176,32.49942995615557
3016177,54.745512150342584
3016178,265.9144257046806
3016179,148.28379193060434
3016180,92.58621474700062
3016181,4.676709713911453
3016182,37.088412185446735
3016183,12.179174949760824
3016184,-50.42240544395535
3016185,-85.18025780275609
3016186,-134.1338529330765
3016187,-159.61628213040424
3016188,-153.03707314346664
3016189,-78.19374087429155
3016190,-137.90213922040337
3016191,-132.24174406263663
3016192,198.5596519740645
3016193,-128.5938851882659
3016194,-108.59154476828716
3016195,-63.852899911383965
3016196,-19.02015399354313
3016197,55.59271940757318
3016198,35.17712426549061
3016199,91.55360470623573
3016200,608.8577672584518
3016201,569.3634798923788
3016202,455.4457760535235
3016203,1070.2702224773832
3016204,250.15728774665988
3016205,331.33641879969747
3016206,423.5743824459507
3016207,506.50832525166595
3016208,52.96775881747637
3016209,2.553912011144025
3016210,92.53576344111697
3016211,84.60870450144502
3016212,1558.0517332255308
3016213,78.2925728531978
3016214,84.53060714293754
3016215,81.20643516199944
3016216,29.712405558355574
3016217,20.599937389547637
3016218,-32.17099437908204
3016219,-43.50796468483535
3016220,-47.9778881488376
3016221,-16.223944384227973
3016222,1.3079844963956089
3016223,-35.972833062164035
3016224,20.16783316204847
3016225,62.34993856334605
3016226,-94.27177464828883
3016227,-98.32225378502362
3016228,-22.60360859612801
3016229,-104.05939393020644
3016230,-7.024485743559847
3016231,108.4947546831274
3016232,-103.36551989006948
3016266,357.927054727804
3016267,111.92865337670737
3016268,-80.72895411806603
3016269,270.63287902307474
3016270,-104.43899713093315
3016271,-144.91273734044287
3016272,-17.9588916197802
3016273,162.80752840681427
3016274,257.9662013399521
3016275,516.445199398358
3016276,236.3731438413732
3016277,251.54122166205755
3016278,2004.0495607634014
3016279,124.05173736398127
3016280,97.57229956370016
3016281,70.76291711470556
3016282,13.95646935314706
3016283,-21.301561694030436
3016284,-153.09745655027749
3016285,-83.98778915142888
3016286,-118.0008038664303
3016287,-114.42764687081721
3016288,-109.92699589628596
3016289,-105.42634492175448
3016290,122.50902114636501
3016291,183.59317864461966
3016292,-102.95100403006954
3016293,-102.39907110934091
3016294,46.8296379675132
3016295,-33.48073905214395
3016296,178.46841658449304
3016297,56.18475278354045
3016298,101.01749870138447
3016299,54.67883498212651
3016300,-109.01236074178887
3016301,-114.22054917481437
3016302,695.9547589509232
3016303,-173.6699772066593
3016304,-180.12369912421016
3016305,-94.29538766634623
3016306,318.1902385948685
3016307,193.63398439246177
3016308,120.06326107501305
3016309,361.8209587848729
3016310,219.31783193218885
3016311,798.1043997519635
3016312,34.8618191916648
3016313,76.87831178592815
3016314,48.811984268627064
3016315,26.869197216498225
3016316,-38.23313831896807
3016317,-72.92808337670071
3016318,-105.96426012379202
3016319,-135.01237221180784
3016320,-130.1869339514374
3016321,-112.02583981882258
3016322,-121.18563200237354
3016323,-116.68498102784342
3016324,192.22053447959226
3016325,-115.81041297606207
3016326,-114.40236384282234
3016327,-87.91494005763643
3016328,-43.08219413979331
3016329,172.7993057545311
3016330,46.58329769589292
3016331,71.45797783309054
3016332,374.76578935253855
3016333,312.55187493706325
3016334,1.9923135684950535
3016335,695.6564012810434
3016336,-116.76777891970168
3016337,152.2172125504537
3016338,28.08592327826064
3016339,386.2042082029058
3016340,613.5847439441206
3016341,359.82813341165235
3016342,246.3981090520974
3016343,-100.11171511651092
3016344,1892.3283074073524
3016345,89.92882319083175
3016346,86.89963395139127
3016347,76.98355418068532
3016348,42.84889408533032
3016349,-0.49794511520444074
3016350,-57.36814422470983
3016351,-78.0439554188295
3016352,-89.3874506497048
3016353,-74.48457053458883
3016354,-78.03923498112685
3016355,-78.12365201838502
3016356,-72.29832975903882
3016357,118.69377617367691
3016358,-68.04171819821595
3016359,-66.07688265383267
3016360,-63.90420344716748
3016361,-61.73152424050094
3016362,199.30680081744342
3016363,0.16094560432221217
3016364,149.75089579904872
3016365,-91.70811635157479
3016366,-110.57843340549407
3016367,-86.41313178735145
3016368,1089.6706674243517
3016369,-90.20250713853311
3016370,-18.386630515614154
3016371,-144.9472245692139
3016372,284.6319459927783
3016373,220.00345249407857
3016374,271.3976013731373
3016375,-40.16714881169177
3016376,108.32541903086958
3016377,221.6348629700162
3016378,151.02926558453095
3016379,-52.07664690457058
3016380,17.68049663177364
3016381,-6.7747013692987075
3016382,-38.93109085050347
3016383,-98.37074191624428
3016384,-136.89948279427975
3016385,-153.15359003591246
3016386,-149.3248450654369
3016387,-129.59266806224926
3016388,-134.43906500384222
3016389,-95.7354952077756
3016390,139.39062634049398
3016391,-113.2363700401309
3016392,-106.16880505222689
3016393,-103.0487564447697
3016394,-97.46521685299767
3016395,46.52033237231873
3016396,-12.31739035947184
3016397,18.092449314133052
3016398,-85.06949802521812
3016399,-120.49930398466567
3016400,-93.4858798870353
3016401,240.1017643061452
3016402,-192.8231790325515
3016403,-126.4864271391978
3016404,-92.71444800795034
3016405,236.4815608760243
3016406,32.752655274378604
3016407,126.11645662046199
3016408,402.9370709889188
3016409,183.26838971580904
3016410,1000.4559630583924
3016411,60.72618682133537
3016412,87.45420277302044
3016413,69.11066516199766
3016414,30.564236421432344
3016415,-42.93577074721615
3016416,-119.18429704726468
3016417,-49.576300534577776
3016418,-144.1713316701371
3016419,3.6181372262212403
3016420,64.46957942901504
3016421,-136.66646573793676
3016422,-132.16581476340414
3016423,166.4823443645807
3016424,-126.88226605158188
3016425,-82.66440573004165
3016426,-37.76779757661169
3016427,7.9445450440755
3016428,311.2399288539379
3016429,301.52568777691994
3016430,136.58306977009508
3016431,-98.90472378967279
3016432,-126.67611495537749
3016433,-96.8684118115405
3016434,291.2521695015104
3016435,-178.89867555524123
3016436,-170.78832544057312
3016437,-99.87915876636798
3016438,257.12229719200076
3016439,77.51824674531345
3016440,-33.697993916069926
3016441,405.3250919078577
3016442,180.07975872053672
3016443,858.312653785149
3016444,33.97153451358391
3016445,91.12471555158943
3016446,54.58404274365031
3016447,31.0953671025098
3016448,-34.363874186380635
3016449,-146.6390732241812
3016450,-83.08040812008748
3016451,-142.38289333656942
3016452,-69.7937879977092
3016453,9.88462758416377
3016454,-147.48136194086558
3016455,-142.98071096633592
3016456,155.0308801635094
3016457,-134.40482208858683
3016458,-115.47385706328105
3016459,-68.32635024577375
3016460,-21.69320726271034
3016461,122.04933005110861
3016462,338.73147336818437
3016463,166.58956176545072
3016464,-105.56282194353734
3016465,-133.33421310925112
3016466,-103.52650996541233
3016467,335.2759842485295
3016468,-181.33161145342254
3016469,-187.57646215362254
3016470,-105.96310353280369
3016471,278.1250700372795
3016472,95.19676742725069
3016473,1.0940522881448556
3016474,344.00846063655564
3016475,328.2717298259107
3016476,725.3116488284531
3016477,-9.617352068328284
3016478,88.14799909325451
3016479,55.56846687627219
3016480,4.74304862125253
3016481,-32.47326454513999
3016482,-156.91602867680493
3016483,-104.4858723965081
3016484,-145.2149719232414
3016485,-137.60582160968468
3016486,-94.1104259421857
3016487,-153.48709862637068
3016488,-149.23780661815888
3016489,168.24401802826944
3016490,-140.4077178460009
3016491,83.15261158249514
3016492,26.331710425418084
3016493,-37.320070685342024
3016494,129.00318650410983
3016495,347.06903651263127
3016496,95.09679028959063
3016497,-105.57466882062253
3016498,-133.34605998633086
3016499,-103.5383568424866
3016500,360.1291197926468
3016501,-179.00088620567
3016502,-200.91570447802567
3016503,-110.81304703842925
3016504,276.1830451272164
3016505,77.07717869442031
3016506,11.027931648685996
3016507,315.8138310702937
3016508,346.4510926227961
3016509,724.5540093986997
3016510,-30.671927138781154
3016511,86.85149224792885
3016512,45.405413723431444
3016513,3.3659730025638805
3016514,-33.51707698617057
3016515,-138.57460767417163
3016516,-170.38896553766247
3016517,-125.19260869242275
3016518,-45.66066686578669
3016519,-36.23561663716604
3016520,-155.43811098077097
3016521,-151.1888189725594
3016522,156.05715887875178
3016523,-142.5290313438393
3016524,-134.37229503318193
3016525,24.69857440262668
3016526,-38.884490189031375
3016527,215.3428258944434
3016528,358.8340377183733
3016529,187.29149344385425
3016530,-105.58651569770045
3016531,-133.3579068634124
3016532,-103.5502037195718
3016533,344.069597421728
3016534,-176.2314921856321
3016535,-206.61971305553269
3016536,-116.79500847249737
3016537,279.4064313916535
3016538,99.42675885462423
3016539,19.883242297733165
3016540,287.61920150403176
3016541,347.19857516148227
3016542,839.6158266733769
3016543,-51.63391172845929
3016544,85.55498540260346
3016545,53.89484420658916
3016546,21.630975511318486
3016547,-34.560889427201154
3016548,-163.24812731626233
3016549,-118.54007812695117
3016550,-148.96244361130792
3016551,-150.14933091787978
3016552,-96.54845125786714
3016553,-157.3891233351724
3016554,-153.139831326959
3016555,156.60856724732614
3016556,-144.6503448416768
3016557,-136.04111212320984
3016558,23.06543837983573
3016559,-40.448909692722545
3016560,296.91236852879246
3016561,363.05312955134167
3016562,89.6869175943959
3016563,-41.37301698844275
3016564,-126.72350246369824
3016565,-96.91579931985943
3016566,373.188321719602
3016567,-170.94549882574827
3016568,-185.15300690797793
3016569,-119.24299251013308
3016570,273.1828799711704
3016571,95.32400244020774
3016572,40.51815299138271
3016573,320.8709864418028
3016574,341.6654933364948
3016575,724.9433626878501
3016576,-44.824237960012546
3016577,85.93868817028682
3016578,49.62912981922525
3016579,8.034288674144666
3016580,-38.539123950503985
3016581,-179.57182730826187
3016582,-101.30846402907609
3016583,-149.84068732316112
3016584,-115.99712694922123
3016585,-80.76823125233777
3016586,-155.580580585023
3016587,-151.0799296104922
3016588,182.47303839230628
3016589,-142.60726998717135
3016590,-121.98007239337657
3016591,-74.58402826052934
3016592,-27.950885277466835
3016593,287.248023574609
3016594,349.61417499691623
3016595,177.64268878063987
3016629,-129.39834817487898
3016630,-156.433958639155
3016631,-119.8992226882172
3016632,-21.520581250769094
3016633,-143.4443759905278
3016634,-277.50019314943785
3016635,-129.6062812043845
3016636,-95.46836191584752
3016637,-46.90416721159617
3016638,-58.1595580032911
3016639,162.0621847552487
3016640,332.77455266177725
3016641,403.1010632585134
3016642,-80.88553794965334
3016643,58.130277964433155
3016644,45.2789813812528
3016645,12.331245402985207
3016646,-49.105291216176774
3016647,-128.1956043319174
3016648,-97.43703621848799
3016649,-176.23140531302786
3016650,-169.30767639721196
3016651,-56.624987530485704
3016652,-154.20863933359058
3016653,-147.12003662978148
3016654,107.62733001500983
3016655,-132.94283122216464
3016656,-125.85422851835828
3016657,-103.09557722589197
3016658,-55.9877184466366
3016659,120.02960644550213
3016660,326.7173948988413
3016661,96.79649902518004
3016662,58.874537001379586
3016663,56.02179927931066
3016664,-91.48300167867255
3016665,1534.023758689604
3016666,-61.766931008857945
3016667,323.87562670148344
3016668,-2.578043670350137
3016669,858.9019729173949
3016670,746.5322660252511
3016671,684.6341795106285
3016672,116.3157042280828
3016673,80.2835899091581
3016674,1751.288452038393
3016675,98.25113757693835
3016676,71.31319199378471
3016677,22.190705080171103
3016678,-36.99665608698334
3016679,-69.79556996118872
3016680,-74.58630457974259
3016681,-103.1299937230222
3016682,-98.14364824163435
3016683,-90.21226207394629
3016684,-23.51527161063613
3016685,-67.15330792152263
3016686,-52.19357797292859
3016687,99.74619017202959
3016688,-23.77486125062823
3016689,56.84516321532711
3016690,4.643855471672129
3016691,12.24618154064338
3016692,180.2644925911097
3016693,0.11024964847702678
3016694,117.01950197250672
3016695,-108.69568918075929
3016696,-136.4401006472224
3016697,-160.75757907004825
3016698,414.9824075190565
3016699,-180.320070202494
3016700,-105.37917087979967
3016701,-76.31141871498293
3016702,335.2745249213096
3016703,54.39085723925492
3016704,171.09406268564518
3016705,404.612723640544
3016706,228.7213191998716
3016707,972.3205297085626
3016708,101.65866052471965
3016709,89.30079512431855
3016710,61.11790662108731
3016711,14.989062094536468
3016712,-39.15906540336213
3016713,-81.63856725463579
3016714,-112.77046177091647
3016715,-145.7715917874216
3016716,-152.77819637358905
3016717,-144.86138558552037
3016718,-143.99874321666337
3016719,-139.60901663820076
3016720,180.88935067851864
3016721,-128.8653550544257
3016722,-121.60514860923858
3016723,-101.86267870869078
3016724,-55.48231107182736
3016725,315.490342829765
3016726,37.2784242018981
3016727,83.65879183876014
3016728,-125.43449219335052
3016729,-153.2058833590552
3016730,-123.39818021522005
3016731,1102.7901223959827
3016732,-98.54158411987991
3016733,-266.9045230457239
3016734,-92.73067930485722
3016735,-148.05018184236067
3016736,22.478271597631835
3016737,122.66738355468279
3016738,-135.60662408844362
3016739,-91.51656691250882
3016740,415.33596640309673
3016741,21.905410585178362
3016742,93.4376014724792
3016743,-42.038046320791544
3016744,-20.321250736888015
3016745,-53.84757850076725
3016746,-106.15946686349155
3016747,-141.3700724036553
3016748,-181.8190433252087
3016749,-197.44329380954562
3016750,-186.65631238398808
3016751,-190.99923690106633
3016752,-187.10376733117872
3016753,122.48108716919269
3016754,-175.44270536639377
3016755,-164.83303316069558
3016756,-128.05715845939065
3016757,-95.71986362667512
3016758,77.78425768716052
3016759,-34.031961337942256
3016760,-11.41030050817498
3016761,-110.79047294195225
3016762,-139.989430807648
3016763,-166.6832743246985
3016764,491.32885495690715
3016765,-119.04360883953431
3016766,-118.28931843252558
3016767,-197.90924250497736
3016768,35.16039120590559
3016769,-162.90007367108026
3016770,1.2788665199879756
3016771,22.300893119783456
3016772,183.41363493671483
3016773,240.5773589719535
3016774,89.08520481284155
3016775,-3.6654800866884716
3016776,20.4623018039883
3016777,-12.619441829181067
3016778,-58.04825311957374
3016779,-150.49915279453867
3016780,-144.85544866083913
3016781,-170.45879596553667
3016782,-170.16326249226702
3016783,-167.4416371387904
3016784,-163.19234513057543
3016785,94.19757456076714
3016786,127.2663554756577
3016787,-147.46379373131666
3016788,-113.5391582252103
3016789,-68.82087053797413
3016790,-24.032614872446896
3016791,4.120205022275702
3016792,21.150237794247648
3016793,35.56421832328052
3016926,-92.73884500142485
3016927,-86.09719393907908
3016928,-109.881430906479
3016929,139.70828540010118
3016930,-1.3600057580249927
3016931,-30.279499314862544
3016932,-74.0573050496212
3016933,31.844143344755327
3016934,-99.32966664699215
3016935,-228.26328780679412
3016936,-177.19964012992185
3016937,67.74008216555553
3016938,1047.6980635172756
3016939,-85.42593222121711
3016940,-63.603652087060176
3016941,-43.59605538377722
3016942,54.675643242177294
3016943,-3.8249227680769695
3016944,151.64084001648845
3016945,7.121210487575997
3016946,-7.952757364574875
3016947,-23.026725216728476
3016948,43.504868662537056
3016949,-35.92208746868008
3016950,88.40915021334531
3016951,136.16389266429698
3016952,27.20991662174602
3016953,57.36388260957502
3016954,172.60179419861808
3016955,122.4906136010297
3016956,68.61199943859738
3016957,66.25983827163573
3016958,195.02487411169542
3017289,-92.26888720047172
3017290,-83.57352712352694
3017291,-15.504931941434545
3017292,153.5909701559933
3017293,-1.388465184053341
3017294,-93.3409238356915
3017295,-72.09102539317136
3017296,112.19601568157141
3017297,-80.93997229532651
3017298,-204.06119175589518
3017299,-208.96307799306558
3017300,164.21841659175587
3017301,1195.1474806167655
3017302,-85.43506022594003
3017303,-63.51826701864949
3017304,-18.169587454706555
3017305,54.34235850524279
3017306,-4.173195295726412
3017307,154.02502789833395
3017308,7.003408864000637
3017309,-8.070558988151372
3017310,-5.311179226687539
3017311,-2.2584542609486493
3017312,-37.184923241909736
3017313,96.65654767841507
3017314,142.00156062674634
3017315,28.779502754887478
3017316,56.71361743545568
3017317,184.9378976509772
3017318,125.19584384160972
3017319,71.39921676891727
3017320,69.04279930591993
3017321,190.52315516025848
3017652,-99.49215768153117
3017653,-99.56374168370785
3017654,-30.68665188680715
3017655,108.0204628057174
3017656,6.579127198910289
3017657,-84.89743901363072
3017658,-77.36589758161863
3017659,98.07833200966543
3017660,-80.23193004103705
3017661,-162.63067622535962
3017662,-221.65919219500054
3017663,101.53232872265126
3017664,1350.47489113798
3017665,-93.94658782920685
3017666,-75.30816107802427
3017667,-53.71721041615482
3017668,44.42616140858646
3017669,-14.609677310810905
3017670,145.86934614855883
3017671,-9.636733595032222
3017672,-25.351753905048593
3017673,18.078907389982948
3017674,24.452882688304914
3017675,-43.76124265664638
3017676,-2.7391200770510227
3017677,131.8343351890646
3017678,18.904405214299192
3017679,53.083064744660724
3017680,220.8480967564967
3017681,104.50362355615671
3017682,188.41789619585572
3017683,49.18156606132762
3017684,275.3605319460186
3018015,-97.47922980138792
3018016,-93.67158263960918
3018017,-23.675445884985304
3018018,93.33849001945892
3018019,4.951457411080998
3018020,-84.29521846579773
3018021,-73.95138755619227
3018022,96.9247877079908
3018023,-102.38969195331246
3018024,-200.41326282769822
3018025,-189.25778869103786
3018026,155.66687330106683
3018027,1152.0898790301078
3018028,-93.00942336098358
3018029,-72.84772018405617
3018030,-25.150368817423935
3018031,-5.778949372087293
3018032,-12.401077588713218
3018033,114.46519068815742
3018034,-6.450067051516992
3018035,-21.52403490366832
3018036,-37.52410378375934
3018037,28.981911933099315
3018038,-43.96138170157955
3018039,-6.860797475610337
3018040,133.9871003013379
3018041,22.76292808218587
3018042,53.76074166267218
3018043,209.63619751478402
3018044,111.88834390194206
3018045,59.770664698866504
3018046,56.49336595138467
3018047,245.44580099414017
3018378,-98.71211437103447
3018379,-88.6524269556201
3018380,-118.89722932068507
3018381,99.56074281423135
3018382,18.757569191531008
3018383,-68.29079291941052
3018384,-52.484628432518356
3018385,80.04249588879902
3018386,-90.7567328602634
3018387,-199.38985282821957
3018388,-154.77157857034743
3018389,344.8079440990296
3018390,758.4530747803611
3018391,-92.86588656126598
3018392,-87.51134579549232
3018393,-47.34057640149653
3018394,0.6789718890822383
3018395,-29.64541143323235
3018396,137.7689119555341
3018397,-19.996396867821925
3018398,-36.04478113039617
3018399,-52.09316539296905
3018400,-6.547766130309622
3018401,-54.083023194177976
3018402,97.32356103611046
3018403,130.75392888709595
3018404,15.45973726255507
3018405,47.06011798216806
3018406,189.64577817691926
3018407,101.63400549016178
3018408,66.24097841328849
3018409,45.63442533340659
3018410,301.99444276175626
3018576,-93.46782290692754
3018577,-79.78186878683736
3018578,-13.233614033974657
3018579,158.4198172214012
3018580,-1.5023028881758296
3018581,-46.26634085068034
3018582,-64.22590676737381
3018583,118.11796667542622
3018584,-95.1740395562827
3018585,-185.24987028160083
3018586,-239.8595996320644
3018587,252.39327407255027
3018588,998.1348106741707
3018589,-85.47157224483162
3018590,-64.49521681215008
3018591,-45.33741802202125
3018592,26.121667459694397
3018593,-5.566285406321452
3018594,150.43023552895804
3018595,6.596119178526539
3018596,-8.541765482451677
3018597,-5.782385720988525
3018598,44.30988849098704
3018599,-42.18506180930971
3018600,129.64613753868727
3018601,141.9288415897565
3018602,28.01054564908164
3018603,55.4319223935424
3018604,182.51448751590416
3018605,126.95525327225069
3018606,84.07737217225731
3018607,80.17464344305354
3018608,186.5354747801559
3018609,-98.0197174128687
3018610,-90.27977858102786
3018611,-22.50792545890253
3018612,111.97258585054915
3018613,6.465289494791438
3018614,-85.22944018949492
3018615,-69.50077895582471
3018616,94.24521452270638
3018617,-92.241063569775
3018618,-220.5523778686045
3018619,-180.09064502793333
3018620,209.3476032645186
3018621,1096.00003161246
3018622,-89.75961905470506
3018623,-74.96662080438175
3018624,-27.76624547722467
3018625,17.26687120125708
3018626,-15.060765584412632
3018627,141.77984536401138
3018628,-10.107940089332299
3018629,-25.1819079414859
3018630,-22.789627785073474
3018631,26.065291707014428
3018632,-47.62573118917434
3018633,1.4754419012612812
3018634,137.48046041285144
3018635,21.686788117848852
3018636,58.09101031193105
3018637,213.59825186342798
3018638,115.32454451847225
3018639,61.91229723595253
3018640,60.31341019846169
3018641,230.3981707919722
3018642,-98.31945133949084
3018643,-87.95878780535968
3018644,-21.94009598203301
3018645,135.23320078438812
3018646,6.436830068761271
3018647,-80.6136455474887
3018648,-67.53449929937487
3018649,129.9465827155138
3018650,-92.24174738412766
3018651,-185.55757455620804
3018652,-220.42405640041287
3018653,231.59398330918415
3018654,1177.5677277888494
3018655,-88.71287686107944
3018656,-74.8812357359714
3018657,-28.114518004873883
3018658,-8.551409436187253
3018659,-15.173537652813405
3018660,142.31959243185722
3018661,-10.225741712907432
3018662,-25.299709565059896
3018663,-41.15258022223251
3018664,71.53670703050348
3018665,-46.412465496274116
3018666,6.2611518664536625
3018667,139.61543469157843
3018668,21.435983355449213
3018669,50.746594610061685
3018670,198.2694104126492
3018671,118.02977475904818
3018672,165.86296743764044
3018673,63.09637123274407
3018674,239.91564726617773
3018675,-128.25289710287578
3018676,-158.49769946794075
3018677,-87.17923698810664
3018678,-183.80888195090373
3018679,-7.584562842205553
3018680,-60.05633325892703
3018681,-110.33546987367372
3018682,30.7483605913305
3018683,-31.472666304729312
3018684,-156.91227107684043
3018685,-48.342302659294354
3018686,-76.69980889705975
3018687,1480.0626497092123
3018688,-115.89684090387145
3018689,-97.45828567966446
3018690,-50.7054385066829
3018691,-3.9525913337015868
3018692,-33.41331868703154
3018693,105.81994729353364
3018694,-46.90822014058248
3018695,-62.95660440315741
3018696,-39.88407550973151
3018697,-10.668037287656528
3018698,-32.45148608538401
3018699,-22.926386367670414
3018700,103.38736774200443
3018701,9.239130292833767
3018702,32.80415565417771
3018703,-18.386789372676315
3018704,64.01943653083818
3018705,123.94740986676807
3018706,273.0831878694118
3018707,13.920447190110014
3016959,-100.33386813182624
3016960,-88.57022985776602
3016961,-112.22229167726145
3016962,395.2263929578468
3016963,-13.368117974806221
3016964,-42.938493975891824
3016965,-75.61737132063972
3016966,96.38436389185263
3016967,-27.776978778401638
3016968,-310.25049589162865
3016969,-90.52238182009869
3016970,-59.46527275772295
3016971,1231.3514079399977
3016972,-91.51377836084104
3016973,-74.73338920598137
3016974,-54.75935660426425
3016975,-34.7853240025477
3016976,-14.811291400830026
3016977,144.86437804670206
3016978,0.4193662295569607
3016979,-14.633798424649552
3016980,-29.68696307885538
3016981,-45.421766057519825
3016982,-34.15978770147402
3016983,-23.9650110945884
3016984,134.90614434507071
3016985,22.349067234311594
3016986,55.24295544929847
3016987,204.37971060121046
3016988,122.96642016302776
3016989,157.54808786796113
3016990,189.00896180072934
3016991,63.361683266716874
3016992,-182.98817652663163
3016993,-213.23297889168933
3016994,-139.67544582458393
3016995,-474.10915696003104
3016996,-19.652629980750856
3016997,-97.4373124592792
3016998,-174.07631110026594
3016999,-148.28238113303885
3017000,-73.2325808771
3017001,-198.0846467367153
3017002,-72.93184242158149
3017003,-161.62994457698008
3017004,1510.74364107377
3017005,-86.1526726699439
3017006,-77.6619617988121
3017007,-30.909114625830664
3017008,-9.343433714228507
3017009,-12.9649190640046
3017010,88.03881400606811
3017011,-37.225689331247885
3017012,-55.45260047419951
3017013,-44.88764008183288
3017014,14.263721693610211
3017015,-20.046135936354215
3017016,-3.4851414034226695
3017017,99.45547257831659
3017018,26.882424058523345
3017019,44.759694196651445
3017020,-41.3138740896109
3017021,64.94833440353587
3017022,65.35069989277163
3017023,64.57984081526338
3017024,30.216938528163343
3017025,-133.2797855566594
3017026,-155.9444645454412
3017027,-178.67393294019237
3017028,162.12879685489972
3017029,-61.38304546765429
3017030,-108.71673198960961
3017031,-143.59869216929363
3017032,69.39930507482423
3017033,5.01206897870016
3017034,-302.3045656065304
3017035,-42.02942528025668
3017036,-134.26777763857424
3017037,1153.8020279799512
3017038,-93.26363157220855
3017039,-93.75563515153833
3017040,-89.52412095486243
3017041,-70.49311262708083
3017042,-50.27413417106508
3017043,77.62780840781348
3017044,-42.65192194926343
3017045,-46.19338041592963
3017046,61.29640030476022
3017047,-2.3254808057256855
3017048,-15.20310178618983
3017049,1.2877221506530145
3017050,126.79348578522531
3017051,33.199718576667884
3017052,47.437328171238015
3017053,123.75593465135871
3017054,94.6418942100665
3017055,62.52044268699111
3017056,29.659599010067
3017057,40.57537457426789
3017058,-125.67911116599389
3017059,-146.23431164763568
3017060,-73.00476348601187
3017061,254.04419451352916
3017062,-60.248024364493894
3017063,-77.66898527926678
3017064,-134.74322963716693
3017065,34.70078943900554
3017066,-22.29723982221712
3017067,-356.28085801932576
3017068,-40.47855418326507
3017069,-133.89995642177317
3017070,1205.20097627161
3017071,-92.49334802530534
3017072,-92.5155533644567
3017073,-88.28403916778102
3017074,-42.12825229350373
3017075,-49.33141246548875
3017076,80.17988799169935
3017077,-41.10281308052689
3017078,-45.98839108457768
3017079,-35.70131312399352
3017080,-25.413750505231103
3017081,-15.004486033900132
3017082,0.13209347318362008
3017083,127.21423350013602
3017084,32.399106997061345
3017085,46.63671659163193
3017086,136.4040201200598
3017087,96.93390980512659
3017088,63.55955468902649
3017089,61.670821007932965
3017090,42.31471029494897
3017091,-158.40042991847693
3017092,-181.81218200336914
3017093,-108.59056828154898
3017094,-18.20135414361611
3017095,-47.61164032558626
3017096,-91.36025738245625
3017097,-153.62763709780918
3017098,67.71110757994502
3017099,18.631077437614483
3017100,-313.82409247953075
3017101,-37.79099786996429
3017102,-126.00388783117482
3017103,1301.2197868247217
3017104,-106.571501681107
3017105,-100.72798545097048
3017106,-94.8844692208343
3017107,-56.290240686107644
3017108,-62.826599490290654
3017109,52.54945350414683
3017110,-76.96857676265363
3017111,-60.274278978678275
3017112,-44.03491279992594
3017113,-34.43251986678005
3017114,-26.496642345252706
3017115,-12.17917074871347
3017116,95.65896296400815
3017117,16.92981949748965
3017118,31.4843146205928
3017119,71.40296247744045
3017120,88.19488924467187
3017121,46.66751214194047
3017122,52.35061054306171
3017123,31.19502890332406
3017124,-115.05228193447947
3017125,-138.3645558161468
3017126,-161.9292133835868
3017127,-65.69293986771736
3017128,-42.60439509388815
3017129,-91.09569275502581
3017130,-142.06960188508563
3017131,-22.967813955438753
3017132,-59.81054698469578
3017133,-314.28470157706016
3017134,-79.80404744672732
3017135,-171.51456758416614
3017136,1689.6151343847541
3017137,-87.97492900217144
3017138,-79.8807344827324
3017139,-60.00375572112038
3017140,-40.1267769595086
3017141,-20.24979819789682
3017142,121.00129260547028
3017143,-12.052137594691015
3017144,-27.12774636475596
3017145,-39.494215367725964
3017146,-29.284436062567504
3017147,-19.07465675741177
3017148,-8.836429831279741
3017149,118.69922387088327
3017150,21.34352162972319
3017151,41.48927987768476
3017152,126.30657293052282
3017153,117.67163283403143
3017154,80.62162127094889
3017155,76.40027212684545
3017156,70.15723569983602
3017157,-107.56193873655029
3017158,-99.55147964237658
3017159,-129.33982950412135
3017160,353.7111307149709
3017161,16.14501075071458
3017162,-12.938081100834818
3017163,-53.239177326943526
3017164,90.21577560679744
3017165,-1.2980647264610456
3017166,-240.8199114334955
3017167,-60.26382980436555
3017168,240.68502751852796
3017169,1163.1017958186858
3017170,-83.09593044380726
3017171,-83.02518037389022
3017172,-77.30675381237829
3017173,-58.223373459960875
3017174,-41.10159697944008
3017175,121.42354604455518
3017176,-37.92604763154194
3017177,-53.97443189411528
3017178,-70.02281615668862
3017179,-65.5552638969264
3017180,-58.47284238829415
3017181,-32.74417556564757
3017182,128.9467506708181
3017183,11.288039613254302
3017184,46.08171919497564
3017185,189.70207728611805
3017186,93.48180221770072
3017187,42.68912385927998
3017188,38.91091332717789
3017189,31.260813125134707
3017190,-103.97141065628493
3017191,-85.51621929793582
3017192,-18.869319860906028
3017193,243.61715113673492
3017194,-8.789163797454233
3017195,-36.636744736930986
3017196,-65.5669942000939
3017197,159.77448014503736
3017198,-93.52918499878506
3017199,-167.62553479244596
3017200,-85.47515190799758
3017201,51.168016733144746
3017202,1482.3368490519176
3017203,-97.96709356404533
3017204,-81.13947405093863
3017205,-61.2539077430877
3017206,-41.36834143523814
3017207,-21.482775127387225
3017208,146.34246724180022
3017209,-10.026923144288997
3017210,-25.183485884442046
3017211,-5.083699180833985
3017212,-56.47898640549992
3017213,-46.24975636733533
3017214,-24.119092219343923
3017215,143.60865518654575
3017216,23.838847999780416
3017217,53.134157951790904
3017218,198.76636362712972
3017219,125.97685448505963
3017220,74.49787841776352
3017221,211.38590797555682
3017222,66.32739886968984
3017223,-109.89350889927555
3017224,-100.48590057000801
3017225,-27.575328161556893
3017226,11.603026536741897
3017227,-23.699639378516434
3017228,-54.729508981787866
3017229,-80.9123786277567
3017230,19.4066551506905
3017231,-84.97596981018778
3017232,-263.0650902269461
3017233,-100.5996104318222
3017234,-84.8998438734855
3017235,1744.5978622832902
3017236,-107.99199315059165
3017237,-89.98538737331153
3017238,-44.25167856134457
3017239,-50.03732216987718
3017240,-30.06328956816041
3017241,137.93147780579304
3017242,-13.27655034201511
3017243,-28.32971499622253
3017244,-25.689876512062977
3017245,-15.433701475733226
3017246,-35.96829188515475
3017247,-25.664224161052783
3017248,123.12620394149344
3017249,10.477376256805844
3017250,47.09033487388043
3017251,166.40770328748314
3017252,115.2569254067027
3017253,108.82686447907118
3017254,125.96307231024021
3017255,49.06626181235762
3017256,-131.8020511238672
3017257,-118.1215484929442
3017258,-53.688992725382185
3017259,894.8207150878509
3017260,-59.70491865747753
3017261,-63.79978802546501
3017262,-88.65053946492553
3017263,254.4743423400789
3017264,4.111752094998526
3017265,27.682163664823936
3017266,-11.940622489495393
3017267,-118.54330673471195
3017268,1592.3088926650962
3017269,-80.05133851223154
3017270,-79.16391903124047
3017271,-47.59421033305015
3017272,-68.37111203994282
3017273,-48.64725442465241
3017274,73.27110661290517
3017275,-42.56148886636655
3017276,-38.444015350228064
3017277,-28.15586346486661
3017278,-17.821822654434794
3017279,-7.404560862600459
3017280,5.681242593315989
3017281,152.1647402159094
3017282,38.67578965948288
3017283,56.62683181245094
3017284,212.1904653437443
3017285,104.42367224663867
3017286,58.72881921860036
3017287,141.54129837463208
3017288,22.955464720271454
3017322,-113.02176080435201
3017323,-132.21980636934202
3017324,-59.418902016894926
3017325,59.324142360127745
3017326,-7.8976165285337565
3017327,-57.21852833518896
3017328,-88.70639365272545
3017329,156.34088168450873
3017330,-54.74531530628409
3017331,-97.62358849866978
3017332,-55.65575006260705
3017333,-92.7454987580475
3017334,1625.3127995851362
3017335,-110.0473495503267
3017336,-102.12507893509171
3017337,-56.46477217052237
3017338,-62.35394631939156
3017339,-41.58294006269606
3017340,113.67366624133861
3017341,-45.6710798517527
3017342,-61.75653948582298
3017343,-73.02735327731698
3017344,-39.77530828330763
3017345,-45.49452773528245
3017346,-37.015463588707725
3017347,107.32978953869925
3017348,3.6444153353688375
3017349,40.276535125328984
3017350,42.57914642587476
3017351,88.15210220938998
3017352,37.294795955903474
3017353,227.02962520773983
3017354,25.19352622298648
3017355,-111.21163107889406
3017356,-110.091803909402
3017357,-38.00349035877188
3017358,42.61461856244133
3017359,2.609405430898921
3017360,-45.727335477348596
3017361,-59.99848268415261
3017362,178.18599296435897
3017363,-23.552766978577704
3017364,-124.47729154872631
3017365,-62.61984361395779
3017366,44.81073185843169
3017367,1550.0481240984302
3017368,-96.39238511295598
3017369,-99.41177594697972
3017370,-55.95001289512383
3017371,-36.06444658727404
3017372,-43.77628675515488
3017373,122.32594723129951
3017374,-41.369534366376264
3017375,-57.41791862894983
3017376,-73.46630289152363
3017377,8.705139424447868
3017378,-57.405766311613924
3017379,-40.16895798098384
3017380,122.91755374499571
3017381,8.596730636886793
3017382,46.868141340849625
3017383,99.95383456052123
3017384,84.48662273581358
3017385,168.30769964395924
3017386,34.48676605566671
3017387,28.513013822230466
3017388,-109.09760619597255
3017389,-102.70610708383064
3017390,-126.49034405122329
3017391,245.5961312844531
3017392,-6.601157714809954
3017393,-21.358388667890534
3017394,-78.41965120961576
3017395,119.2249138462059
3017396,6.8563060478065445
3017397,-271.8038668659481
3017398,-73.09157014982274
3017399,-101.38068078306019
3017400,1378.869127816169
3017401,-96.18264781517898
3017402,-90.5162350870675
3017403,-70.63066877921669
3017404,-50.74510247136667
3017405,-30.859536163517344
3017406,125.47375884834942
3017407,-28.945223697472596
3017408,-44.959001385991805
3017409,-61.5347533839279
3017410,-45.943623227129855
3017411,-53.21466158350476
3017412,-30.61990762709119
3017413,131.2893004390555
3017414,15.821775265092317
3017415,49.847083700750055
3017416,199.13857425836542
3017417,112.95116886350225
3017418,141.88730968675938
3017419,238.72945906324296
3017420,53.94274814135152
3017421,-97.63909247405063
3017422,-102.24102177234708
3017423,-33.115630600938665
3017424,-44.366123828217304
3017425,3.3232731168493115
3017426,-98.63312007952008
3017427,-114.96918217860802
3017428,-38.66425348105057
3017429,-131.48723030675845
3017430,-276.38147695126264
3017431,-168.53409898130147
3017432,226.61776294970028
3017433,891.9293016064552
3017434,-59.95346412334565
3017435,-52.51111651443754
3017436,-33.35971468966287
3017437,36.82692724986665
3017438,3.732893891031115
3017439,87.15189101600954
3017440,-12.63730807715346
3017441,-29.9480718512339
3017442,-33.59558486545601
3017443,-4.41696717969425
3017444,-69.37605755919621
3017445,138.11155587289633
3017446,113.70372663650706
3017447,4.670931201436094
3017448,37.25923934398062
3017449,157.9108056406496
3017450,110.01787394451476
3017451,130.7106850458933
3017452,124.25239365053149
3017453,119.51690793480857
3017454,-126.06453566067903
3017455,-141.1942108361243
3017456,-69.58776743480375
3017457,-84.35935292785761
3017458,-15.181189139425253
3017459,-96.58655210555735
3017460,-132.3483012985096
3017461,75.19847798652627
3017462,-106.86863726558367
3017463,-389.89802898225463
3017464,-245.665902763815
3017465,-171.7922879854789
3017466,983.3773303572583
3017467,-77.55037612768358
3017468,-83.9434106142708
3017469,-45.967731115202504
3017470,52.89888664225983
3017471,-33.57888899520393
3017472,26.320349144789322
3017473,-50.93776266215449
3017474,-68.34082825252362
3017475,-71.07824622741218
3017476,-5.645251160350465
3017477,-53.62905963762913
3017478,-24.504844146076532
3017479,79.90107892785382
3017480,1.8996360838638862
3017481,40.133005853115
3017482,177.3734862289718
3017483,103.01627482971044
3017484,48.777851340172866
3017485,44.674626014255146
3017486,216.63524873895423
3017487,-108.33882419187175
3017488,-90.85203670496303
3017489,-21.713018378972986
3017490,315.01314104378724
3017491,-29.858005314973337
3017492,-73.99356147548751
3017493,-28.215915737430617
3017494,95.83047916097549
3017495,-90.499489313085
3017496,-289.8073599586599
3017497,-164.19194334172042
3017498,337.0687312957895
3017499,1164.0084622747106
3017500,-71.42920067467621
3017501,-67.47646848471929
3017502,-43.37228600498546
3017503,-8.996151037910561
3017504,-44.85034044424177
3017505,45.6941447173053
3017506,-56.76107408320676
3017507,-67.86440758947178
3017508,-71.50739025578086
3017509,14.21922198417015
3017510,-71.46967846538637
3017511,-65.08098492330082
3017512,75.68130100368826
3017513,7.948823596483823
3017514,44.747957436803254
3017515,177.81431525258287
3017516,104.93858499008884
3017517,78.80495377458301
3017518,72.1584015741848
3017519,100.03519764650919
3017520,-110.79294723709499
3017521,-97.77196309555693
3017522,-120.73772244718093
3017523,169.83881480152124
3017524,-29.63100124767588
3017525,-72.36213986000512
3017526,-113.08038582293811
3017527,-9.035724821370234
3017528,-97.0712782673043
3017529,-324.0425211529899
3017530,-170.2289740923782
3017531,-184.5732912892545
3017532,1393.8026679635605
3017533,-85.14132176091475
3017534,-79.18281074371593
3017535,-59.425510367559845
3017536,-12.642008674302854
3017537,-19.91090961524723
3017538,35.87847976293934
3017539,-18.750141615584464
3017540,-34.35147720310059
3017541,-53.9306086165814
3017542,2.046927236126255
3017543,-42.94067745617193
3017544,139.74846687456986
3017545,131.56139052116643
3017546,23.070943283731783
3017547,52.16676190668223
3017548,154.56599783154954
3017549,124.90751337319416
3017550,93.95605531785459
3017551,91.91996076660708
3017552,88.34745092963449
3017553,-127.95620318367473
3017554,-149.07555375288828
3017555,-77.25720636153964
3017556,-112.84614727560692
3017557,-18.26935448913245
3017558,-100.76351672599485
3017559,-148.41915837391642
3017560,44.28009652673173
3017561,-122.04982789272144
3017562,-376.91236777046817
3017563,-263.1248054912342
3017564,-179.13493148708974
3017565,1206.7492942252002
3017566,-71.15460219891501
3017567,-76.91437818039576
3017568,-68.90321537651248
3017569,30.126744433722667
3017570,-29.387788228011043
3017571,74.23258018358474
3017572,-47.254518958563985
3017573,-69.58023636116177
3017574,-72.26190622364474
3017575,16.13277886871329
3017576,-53.80164254012087
3017577,-1.9536037559840156
3017578,105.83295001042843
3017579,2.437627650160455
3017580,40.62896645304155
3017581,175.69244530530634
3017582,109.57988061191345
3017583,54.93597029850954
3017584,52.052730399824405
3017585,178.73009119813398
3017586,-104.1889313095915
3017587,-88.15913149158841
3017588,-84.3606350049693
3017589,380.7856357059001
3017590,-21.092242995465124
3017591,-77.71475259877916
3017592,-91.12090797393903
3017593,161.55690817081287
3017594,-123.75143283842117
3017595,-176.1564824791847
3017596,-102.53344520253113
3017597,-16.29233488007996
3017598,1605.4675344259147
3017599,-86.28150642877578
3017600,-69.56651373929951
3017601,-49.80921336314285
3017602,22.343640792940693
3017603,-12.331710138331157
3017604,111.05504814753517
3017605,-18.529238830750995
3017606,-37.28450644962394
3017607,-56.039774068497344
3017608,-6.269395178742609
3017609,-53.618424823967224
3017610,-30.583798653221304
3017611,133.37618672754408
3017612,22.31671378687425
3017613,50.331082695882024
3017614,144.7784167555039
3017615,127.23692217820663
3017616,132.83608329066257
3017617,126.76900813193261
3017618,119.57271946791225
3017619,-104.45281328603123
3017620,-87.59130201472253
3017621,-21.04304726184527
3017622,387.1730658228709
3017623,-21.12070242149893
3017624,-59.61469465193003
3017625,-89.26378540938713
3017626,176.5686562268713
3017627,-114.34739330169468
3017628,-171.87515550884635
3017629,-103.36746779506147
3017630,17.85695478475971
3017631,1623.654718481951
3017632,-86.69394199941239
3017633,-69.9310417466093
3017634,-23.33358361645291
3017635,-4.787279326104947
3017636,-13.658716912447101
3017637,106.3915945505009
3017638,-20.945775949256852
3017639,-39.70104356813025
3017640,-56.696052609773496
3017641,-5.846993677480253
3017642,-54.87442582477278
3017643,-31.839799654027313
3017644,130.99835623142937
3017645,21.91257400865125
3017646,50.01503913596999
3017647,141.66892506217502
3017648,120.76359395473237
3017649,154.91895205759985
3017650,129.01495588833106
3017651,121.8186672243075
3017685,-129.28400045923516
3017686,-148.6884412287716
3017687,-172.1875975657156
3017688,47.968328752013996
3017689,-26.980529960498455
3017690,-73.07785861011034
3017691,-128.8084763170016
3017692,137.673895961115
3017693,13.0471792235132
3017694,-280.4718336168651
3017695,-59.00094396687499
3017696,-154.9744219872812
3017697,1215.2319309022403
3017698,-86.39009104958386
3017699,-85.35525804408137
3017700,-54.59605284841181
3017701,-62.57099799210736
3017702,-42.22350137497305
3017703,80.14668338355337
3017704,-57.30239532576801
3017705,-75.38680335886492
3017706,-65.20127770696926
3017707,-55.015752055071324
3017708,-45.69022159624436
3017709,-38.512349260311375
3017710,91.99605803407003
3017711,0.09224998667396678
3017712,35.31602186752635
3017713,128.29820050486362
3017714,105.51457555116686
3017715,51.684090223923896
3017716,47.607785160796276
3017717,42.12728330385945
3017718,-142.0224000842925
3017719,-165.95856491431803
3017720,-189.89472974432536
3017721,-238.52343026273118
3017722,-39.49374236936891
3017723,-62.539446180410586
3017724,-152.46219972466932
3017725,-64.8483219589205
3017726,13.631954889929336
3017727,-288.73386799359724
3017728,-80.8173626694418
3017729,-172.2644093767515
3017730,1697.046689868344
3017731,-81.68290622163072
3017732,-77.8444934759206
3017733,-13.998985277892455
3017734,-19.784628886426656
3017735,-26.063403918797615
3017736,99.85365686860992
3017737,-30.807647079887868
3017738,-53.15040038945862
3017739,-53.974139688380355
3017740,-8.537995216534267
3017741,-33.39629221269187
3017742,-2.7134509287309743
3017743,108.21465543842915
3017744,12.98036418455668
3017745,40.73151377694213
3017746,58.96611029514835
3017747,114.59746853165434
3017748,81.63070631338424
3017749,75.6004679928189
3017750,69.45847421569688
3017751,-128.30815348762806
3017752,-143.29977025724182
3017753,-166.7989265941931
3017754,252.68254703668865
3017755,-26.99302071224228
3017756,-55.23359135080208
3017757,-123.6767786542121
3017758,107.43800755150478
3017759,28.318658427268208
3017760,-243.98794777658603
3017761,-59.5629809390064
3017762,-156.33203932247423
3017763,1248.6663365393194
3017764,-85.1206828003266
3017765,-86.21297959845008
3017766,-55.421263443458464
3017767,-63.299559269715964
3017768,-43.67414565362041
3017769,20.51916811973202
3017770,-57.14715500205788
3017771,-75.91854839532907
3017772,-67.6771680801251
3017773,-34.727797641214046
3017774,-47.790144205205515
3017775,-40.61227186926934
3017776,75.29945382026308
3017777,1.3774809398630237
3017778,36.65376687855697
3017779,152.82257223418603
3017780,107.64989084650979
3017781,53.401302170520204
3017782,49.31648451531802
3017783,43.83598265837937
3017784,-118.11269642351435
3017785,-100.83656937911546
3017786,-34.2883146262382
3017787,216.49619884531168
3017788,-8.050064267787814
3017789,-67.93027571175917
3017790,-68.05611714391016
3017791,154.85581312812357
3017792,3.6934384886546536
3017793,-253.4044414777516
3017794,-63.99915926460816
3017795,-132.06132724794978
3017796,1474.7238679788136
3017797,-89.40980889863151
3017798,-100.79582699690813
3017799,-87.17520994012538
3017800,-67.80178836016039
3017801,-50.14860485940702
3017802,105.66143991346253
3017803,-52.47308202594812
3017804,-68.94816940917035
3017805,-85.52284748233187
3017806,-76.4532566253718
3017807,-53.973326694828565
3017808,-31.368224817091953
3017809,130.83030704051245
3017810,12.836360582286222
3017811,44.097013959100614
3017812,188.98693147711148
3017813,111.1220112043763
3017814,59.02259805310697
3017815,57.56768648386488
3017816,50.86654514735047
3017817,-131.12846327891637
3017818,-154.91172262638682
3017819,-178.69498197385
3017820,-67.05903410137107
3017821,-40.100890385869924
3017822,-87.88210148685612
3017823,-124.28478965402864
3017824,130.85118850422188
3017825,-20.541671850150845
3017826,-197.1989585820045
3017827,-49.63670263410885
3017828,-155.15741638569241
3017829,1623.906854748678
3017830,-89.78663434111859
3017831,-85.65444480632281
3017832,-55.04619632348025
3017833,-16.95613420710337
3017834,-48.05309004519544
3017835,74.81858674374116
3017836,-59.90818484139235
3017837,-65.89655900454117
3017838,-55.711033352642325
3017839,-7.773554529128244
3017840,-35.33998204884919
3017841,-21.66784354670453
3017842,101.05411780349705
3017843,6.7113992178312465
3017844,30.80630975615323
3017845,22.982313539364174
3017846,106.98086059527823
3017847,58.75271636356566
3017848,54.213645459574046
3017849,48.18340713901326
3017850,-121.86572906624023
3017851,-108.63447073618845
3017852,-131.91739611474875
3017853,188.21093063447117
3017854,-21.79457243628057
3017855,-45.131365092986734
3017856,-82.6406066327916
3017857,135.4059623437217
3017858,30.648272828255546
3017859,-125.77194431725893
3017860,-54.968451872804316
3017861,-149.0825847023264
3017862,1421.403423606498
3017863,-90.94329059885426
3017864,-102.05188776950233
3017865,-93.18626010155849
3017866,-73.75746263933233
3017867,-56.10427913858056
3017868,-6.646644370831648
3017869,-62.952465148035834
3017870,-79.52714322119554
3017871,-77.67098486861669
3017872,-27.365410425358544
3017873,-56.15030488780693
3017874,-41.25571292712656
3017875,118.11095463046895
3017876,3.7394197285063524
3017877,41.15514407442716
3017878,187.59536007990957
3017879,103.26465188611947
3017880,49.708093273148016
3017881,46.39946811038518
3017882,43.37669473703564
3017883,-108.43470999389574
3017884,-87.80770653012478
3017885,-70.26704710954327
3017886,523.6010682489098
3017887,-52.44288218573346
3017888,-57.211297476606696
3017889,-61.16614782183459
3017890,192.5156902869214
3017891,-40.648633034383046
3017892,-189.9111974709074
3017893,-107.90939045262694
3017894,417.8893055208136
3017895,1699.4431694178409
3017896,-89.72063912756566
3017897,-83.7070691263123
3017898,-65.20056447379265
3017899,-19.34162401669145
3017900,-28.187555168750844
3017901,83.39408234340699
3017902,-43.05858048600684
3017903,-53.061249186074555
3017904,-56.68342865443973
3017905,1.2658588281617154
3017906,-63.350443171923224
3017907,-40.31581700117912
3017908,110.63442337120178
3017909,20.57123126771167
3017910,49.186618347282284
3017911,120.66629094054606
3017912,116.06004856424006
3017913,145.33812882388494
3017914,130.5669967497881
3017915,119.41204655810198
3017916,-129.6769407568925
3017917,-116.32629060510844
3017918,-59.82729859847931
3017919,205.85544646334276
3017920,-40.932162917087034
3017921,-111.57700015077971
3017922,-125.15575655542015
3017923,100.95557122667852
3017924,-82.94821464784654
3017925,-336.19151492737166
3017926,-214.98272713397708
3017927,-166.7096315214774
3017928,1396.9562406240482
3017929,-64.23988762149422
3017930,-60.03917231831114
3017931,-55.83845701512727
3017932,2.401866563917299
3017933,-43.32483791184567
3017934,61.18424576607523
3017935,-68.80149371338238
3017936,-68.48028085098603
3017937,-58.217456543662855
3017938,33.18825363212974
3017939,-39.935704685812915
3017940,105.0075117427884
3017941,96.2183839543256
3017942,3.963629195428173
3017943,38.647991757289866
3017944,186.47476929136857
3017945,115.28122206055032
3017946,117.75861070332958
3017947,59.041431781297625
3017948,200.11320925014908
3017949,-114.9329249055434
3017950,-96.12319001066389
3017951,-27.82384766100112
3017952,272.15506830499834
3017953,-16.49899004426224
3017954,-95.71842095110587
3017955,-67.82229370605346
3017956,163.44292938045166
3017957,-107.52329666022142
3017958,-171.90013580081794
3017959,-206.93902226577873
3017960,15.583764082391514
3017961,1673.24613921382
3017962,-76.79459260364267
3017963,-84.79720136499786
3017964,-46.87957293868775
3017965,-28.333268648339793
3017966,-37.368089417495675
3017967,78.135468974674
3017968,-50.8540652467207
3017969,-69.60825894081863
3017970,-78.21073257331754
3017971,22.77922302605494
3017972,-60.417756306445234
3017973,113.42170513604215
3017974,129.02151940520545
3017975,12.276771116593597
3017976,39.89728940024471
3017977,156.24033516083156
3017978,109.93217871286716
3017979,104.2861049607206
3017980,98.57929858763892
3017981,157.86977363245043
3017982,-144.48575877609508
3017983,-130.90197143421645
3017984,-71.83956883705723
3017985,1167.1537748352105
3017986,-43.22205578158427
3017987,-11.425572513818036
3017988,-75.41135943368208
3017989,479.28650899582243
3017990,80.88835940479403
3017991,147.8147297941325
3017992,-10.328701192447436
3017993,-144.73056109477128
3017994,1753.2793193998587
3017995,-66.39547965658964
3017996,-52.51204861295847
3017997,-14.53100812148595
3017998,-8.521912282857595
3017999,-30.467818875917413
3018000,43.964281975179084
3018001,-42.9562216910604
3018002,-32.69339738373609
3018003,-22.430573076413832
3018004,68.30892408578411
3018005,1.1824272584314781
3018006,15.400475889400429
3018007,134.79508836458965
3018008,44.93191249916091
3018009,67.37330645463608
3018010,137.69728558791869
3018011,92.29908596495052
3018012,42.488718551447356
3018013,321.8394242520564
3018014,28.847938389393864
3018048,-125.17054231094043
3018049,-112.12470831982027
3018050,-130.60986200486767
3018051,198.88388944316577
3018052,-31.10664005061589
3018053,-71.17962399214848
3018054,-86.01961282482152
3018055,236.1693794867817
3018056,32.537598131333844
3018057,-252.36520293269203
3018058,-53.18320732219289
3018059,-149.5246090407716
3018060,1624.8919270472986
3018061,-89.00069524829603
3018062,-94.54575594045063
3018063,-90.41356640565463
3018064,-78.22144070746349
3018065,-60.568257206709895
3018066,81.93651131988527
3018067,-69.14544322624651
3018068,-85.72012129940576
3018069,-73.59022427485915
3018070,-38.74797350037378
3018071,-53.83624974764988
3018072,-43.035397430947604
3018073,113.73812493741589
3018074,3.652289530375772
3018075,38.66217685471221
3018076,162.53723992225125
3018077,109.63243738721685
3018078,55.87165891817423
3018079,51.619607182566334
3018080,46.139105325628144
3018081,-119.82206552318785
3018082,-100.70581076423223
3018083,-95.6162681954036
3018084,320.550254867546
3018085,-24.43427747914647
3018086,-99.51763622333856
3018087,-74.9056553418548
3018088,96.2352134284367
3018089,-98.53069078188473
3018090,-226.22191194445875
3018091,-216.15009762956996
3018092,-141.37343852918414
3018093,1515.3998240971775
3018094,-82.12575597749348
3018095,-95.37111661132398
3018096,-86.10676011452351
3018097,-12.794573784661491
3018098,-48.26404397854916
3018099,98.14298832794357
3018100,-53.245959972897516
3018101,-68.84622163563635
3018102,-84.44648329837564
3018103,-8.025225310050512
3018104,-46.55702650504126
3018105,149.02301493505976
3018106,136.49980085925174
3018107,16.073654396931676
3018108,44.72246655827367
3018109,199.44173191151205
3018110,114.65531222941281
3018111,90.69550484960173
3018112,88.05065500187784
3018113,94.85374009930565
3018114,-126.0240398434169
3018115,-112.32702770035648
3018116,-106.8738740338802
3018117,457.34545234908836
3018118,-38.522004685230776
3018119,-107.00646150725406
3018120,-94.75826960077283
3018121,129.71167711667223
3018122,-70.04275646012938
3018123,-310.04423726592614
3018124,-200.2704930086168
3018125,-160.71681842844967
3018126,1295.6678835888856
3018127,-64.92346069460943
3018128,-60.77637865813737
3018129,-56.57566335495452
3018130,1.7459376223957475
3018131,-43.86359560370014
3018132,67.04637647957288
3018133,-65.78783263355062
3018134,-73.08276813005686
3018135,-2.661008876912813
3018136,-23.435683242557655
3018137,-43.59827255439294
3018138,121.05276421434083
3018139,107.45181696610207
3018140,7.760292977974775
3018141,44.440906307337364
3018142,222.69644561083234
3018143,120.2658861134898
3018144,66.26859188119597
3018145,61.05372119603336
3018146,260.09995799918596
3018147,-112.31409781279108
3018148,-91.37273643475673
3018149,-73.4247220024652
3018150,565.2003565835687
3018151,-67.03110163858291
3018152,-81.6208829632349
3018153,-54.597473194719704
3018154,280.05746230344647
3018155,-92.46549841742562
3018156,-207.69872686742
3018157,-108.70993685016292
3018158,218.99699840635012
3018159,1637.9889458390355
3018160,-84.7450179623293
3018161,-84.44781579454211
3018162,-38.23677688455658
3018163,-19.53348053195627
3018164,-28.722724531819306
3018165,65.03676406765881
3018166,-47.75413758436097
3018167,-54.69861118007956
3018168,-58.95442580340413
3018169,-5.774548656736709
3018170,-67.20874280621756
3018171,-43.99341989409849
3018172,102.3188807885178
3018173,19.682877335301516
3018174,49.75647760913781
3018175,112.69264050227703
3018176,113.88569343314539
3018177,147.714003126782
3018178,132.31201987908318
3018179,121.34779166251265
3018180,-130.29421296957915
3018181,-119.05788404108789
3018182,-39.002336469819774
3018183,-141.4496404152858
3018184,-15.29351011434191
3018185,-60.50619134232583
3018186,-53.5778789889362
3018187,134.7679353454998
3018188,-42.83502682119323
3018189,-67.91280575532237
3018190,-183.53322150159536
3018191,-108.14316277410335
3018192,1984.6914592792275
3018193,-103.04448871049651
3018194,-115.20082366481829
3018195,-78.95862916376045
3018196,-7.346275661111616
3018197,-67.70164799227659
3018198,102.93486203793186
3018199,68.7913239704637
3018200,-79.85478495760917
3018201,35.00040284452253
3018202,43.40990880121827
3018203,-67.17024262080103
3018204,170.7903955212166
3018205,125.28506597859378
3018206,4.825008727992287
3018207,42.17319658223433
3018208,122.16397886303385
3018209,98.89578504571564
3018210,218.6382938026861
3018211,266.809709652168
3018212,31.861791060010734
3018213,-130.29915586917812
3018214,-110.25147119436114
3018215,-36.79218404972088
3018216,-94.1856810888501
3018217,-59.243191881764496
3018218,-49.01760591436395
3018219,-52.39756328444563
3018220,161.73097071432605
3018221,-106.63042877355637
3018222,-74.38441381338252
3018223,-177.972983535012
3018224,-105.67809620981716
3018225,2061.814452505189
3018226,-121.81689468642962
3018227,-121.09935747622312
3018228,-75.3652023551047
3018229,-29.347075419611468
3018230,-61.62562843429718
3018231,115.98247394962819
3018232,34.5991552478251
3018233,-63.89204549907553
3018234,29.337528349830524
3018235,19.475056195953318
3018236,-63.90939709975627
3018237,178.39880660826086
3018238,134.90465129373317
3018239,7.649239748093539
3018240,39.43631182275677
3018241,149.2251640434749
3018242,112.33773586506977
3018243,68.46310120937433
3018244,271.19806356783937
3018245,33.40594442239736
3018246,-131.07038365238876
3018247,-111.0758788594565
3018248,-37.61659171481623
3018249,-69.28557406606778
3018250,-86.5145176794238
3018251,-125.10043112560633
3018252,-56.03263015196425
3018253,173.17254065512427
3018254,-100.07959096851827
3018255,-53.30798697724894
3018256,-207.50575807992507
3018257,-86.47362347894936
3018258,2110.124589215153
3018259,-129.53833317329386
3018260,-119.60638945030841
3018261,-99.6323568485905
3018262,-53.898648036623435
3018263,-59.684291645156726
3018264,121.09028963988312
3018265,-6.076648993162319
3018266,-57.18634852474205
3018267,-35.90962412992284
3018268,16.684806759964165
3018269,-62.790383079933044
3018270,180.5046200720328
3018271,131.25866035016153
3018272,4.504964490661411
3018273,62.559630051025316
3018274,152.26914348983266
3018275,109.75416190039387
3018276,230.96073290584192
3018277,255.40090994639306
3018278,60.81701868611773
3018279,-131.72135023425542
3018280,-111.72684544133772
3018281,-38.267558296693814
3018282,-59.72407218366133
3018283,-91.25035372073289
3018284,-124.20662678362969
3018285,-55.6716765713907
3018286,117.84254807713678
3018287,-109.06129391834456
3018288,-54.163160564676936
3018289,-228.613854825642
3018290,135.31965110655173
3018291,2142.844047468505
3018292,-129.07789580097077
3018293,-120.2195335139102
3018294,-74.48582470194292
3018295,-1.5121647440198944
3018296,-60.29743570875943
3018297,118.25685673553853
3018298,41.34035524644579
3018299,-57.58941908387286
3018300,59.85865031186378
3018301,39.059231085180464
3018302,-64.29675294536337
3018303,175.22814983514237
3018304,133.237272580621
3018305,3.764264821965487
3018306,35.652966386130366
3018307,150.51656665487846
3018308,108.76580738388857
3018309,138.02131119417683
3018310,234.15936723448587
3018311,41.176485970916666
3018312,-132.372316816133
3018313,-112.3778120232153
3018314,-38.91852487857867
3018315,-3.6793202728884284
3018316,-95.98618976203652
3018317,-124.38781678314335
3018318,-55.31072299081897
3018319,120.66807502206775
3018320,-110.30790308606701
3018321,-71.58455142235816
3018322,-220.87339971001327
3018323,173.6831660403528
3018324,2139.320179773904
3018325,-128.61745842864926
3018326,-120.83267757751314
3018327,-75.09896876554471
3018328,-55.12493616382884
3018329,-60.91057977236236
3018330,118.51969261092172
3018331,105.11324874667771
3018332,-58.01560433973945
3018333,11.19347690062678
3018334,55.182118143822855
3018335,-65.86168892580535
3018336,163.39042742450712
3018337,131.73449510896828
3018338,3.023565153270017
3018339,44.60750003008817
3018340,151.31489247629608
3018341,107.7774528673851
3018342,95.15407435665584
3018343,258.4945039658675
3018344,45.39591979147027
3018345,-132.84984231480738
3018346,-112.85533752187148
3018347,-39.39605037723849
3018348,-48.13867849323541
3018349,-78.18653604698629
3018350,-62.29360710865948
3018351,-50.95374896215325
3018352,150.94738511948728
3018353,-81.50411847669947
3018354,-68.41413133059795
3018355,-209.89740143970974
3018356,-70.6836089810909
3018357,2132.410196685891
3018358,-120.24621538912372
3018359,-123.55094425661154
3018360,-77.81678913549335
3018361,-31.738711037143997
3018362,-64.31765249041864
3018363,117.03462261593468
3018364,103.62844212548289
3018365,-65.72747020504976
3018366,-20.355697898321335
3018367,-8.981983214602945
3018368,-64.45293727651442
3018369,178.76361050704074
3018370,135.27536230292273
3018371,4.2354571084144546
3018372,43.50952122505006
3018373,161.3466266264838
3018374,108.38431779905632
3018375,77.99304848759466
3018376,265.99108174596785
3018377,20.83364000950515
3018411,-132.36450209439388
3018412,-136.0668878900931
3018413,-56.16004907955975
3018414,-213.10192458986492
3018415,-35.45272764078144
3018416,-132.964933432834
3018417,-101.43397692223225
3018418,-67.7787753684177
3018419,-152.86582738613996
3018420,-195.08739456520723
3018421,-236.25134961677603
3018422,-198.8290778342711
3018423,1862.9437853839834
3018424,-100.58688998685243
3018425,-90.80529114958385
3018426,-70.83125854786708
3018427,0.8433908837198101
3018428,-30.883193344433533
3018429,121.33297904247475
3018430,75.81470069131474
3018431,-45.44119270601531
3018432,-69.88380921984098
3018433,-18.096920141307958
3018434,-84.38149516112917
3018435,162.19030977974327
3018436,108.39889708546816
3018437,-15.083012243929982
3018438,21.396938554329342
3018439,105.05077472410876
3018440,103.11691172536048
3018441,121.90268759826422
3018442,145.17139525200875
3018443,115.62020783840781
3018444,-139.95966257343278
3018445,-119.94042365246314
3018446,-107.18725757387328
3018447,1901.1625707416417
3018448,-71.70857330228755
3018449,31.566761293042152
3018450,-40.50427003273288
3018451,446.68791020062343
3018452,324.44821006716774
3018453,422.99177757133856
3018454,184.54664641475594
3018455,-128.84876368655003
3018456,2126.8371087255173
3018457,-97.81255949891742
3018458,-87.36333255386562
3018459,-79.05129117609981
3018460,-6.879613331859257
3018461,-42.97619119641744
3018462,75.8467709266035
3018463,-25.864993311115807
3018464,-42.5791083318857
3018465,-46.577515266264335
3018466,42.92563499637773
3018467,-24.645895208624363
3018468,196.5534531887367
3018469,138.12838054622281
3018470,29.09672304036413
3018471,63.6869740186282
3018472,688.0467637482382
3018473,110.3734986690426
3018474,192.8301429737937
3018475,43.890821830870856
3018476,477.2296785451328
3018477,-136.6932179926687
3018478,-116.67549275336823
3018479,-124.54593911597367
3018480,-135.86332110606853
3018481,-58.2991076902861
3018482,-128.10851809572048
3018483,-62.48940937317892
3018484,128.09474002755016
3018485,-116.98715808410707
3018486,-50.315089477770734
3018487,-210.34325622379018
3018488,-174.26924230385274
3018489,2084.1304395949246
3018490,-116.72812047077234
3018491,-123.60989745557121
3018492,-78.25568350127519
3018493,-58.212711933076015
3018494,-64.18725614431428
3018495,69.27811588920413
3018496,-53.93706942712905
3018497,-69.35663434849612
3018498,-84.77619926986226
3018499,-1.2398393912579126
3018500,-65.5358907570615
3018501,170.766245071901
3018502,131.6351865543149
3018503,8.04992374878221
3018504,50.20881440895683
3018505,155.69394412985886
3018506,112.28900798927971
3018507,77.58854880183362
3018508,74.57825842478651
3018509,96.88969863415896
3018510,-130.98326853557845
3018511,-112.38328966581575
3018512,-40.20604021938451
3018513,553.7247838010364
3018514,-129.04488164622197
3018515,-73.5796656240589
3018516,18.016751407024646
3018517,131.16217490722667
3018518,-81.45428908100784
3018519,-249.7882311772694
3018520,-187.4912606165556
3018521,1139.6327338646406
3018522,1180.816900384469
3018523,-88.14950999045418
3018524,-103.30656720517872
3018525,-71.33658325828928
3018526,-26.400704247090555
3018527,-54.05906015803479
3018528,35.42979853217886
3018529,-51.477754491221084
3018530,-55.099933959585805
3018531,-58.722113427949616
3018532,-8.16829694433208
3018533,-61.06476407078461
3018534,-21.59929797180966
3018535,35.499244252466006
3018536,-3.0188538610284854
3018537,23.525648609892148
3018538,99.44599160016078
3018539,78.23337565495076
3018540,110.00616733511033
3018541,96.7087600863526
3018542,81.72426645581182
3018543,-125.30980493144197
3018544,-105.81863490405048
3018545,-112.011655059049
3018546,206.83272192684237
3018547,-23.033051180921387
3018548,-22.936806287815482
3018549,-75.84839345589062
3018550,86.30635798196563
3018551,3.547940844333614
3018552,-282.6804202012498
3018553,-98.40294970351788
3018554,-132.64819948835773
3018555,1681.7196943504327
3018556,-65.38584394377192
3018557,-81.3969959856992
3018558,-82.69232648524967
3018559,-65.19429531995893
3018560,-46.687377469343154
3018561,59.12337931899011
3018562,-69.33214276713561
3018563,-81.79101646884082
3018564,-88.98476962722297
3018565,-77.28501968889059
3018566,-77.13586902095976
3018567,-54.10016892543789
3018568,117.26029639262715
3018569,-1.381733551810878
3018570,29.54712242211345
3018571,122.7696869202302
3018572,100.79490400672894
3018573,123.11326115495531
3018574,115.86238335481922
3018575,108.61150555468494
3018708,-92.8495081149329
3018709,-87.2292644153993
3018710,-16.144554869998313
3018711,143.10691510316903
3018712,-1.7499248657939392
3018713,-48.611181413890144
3018714,-74.27953095385855
3018715,69.9346050549204
3018716,-99.07721223687967
3018717,-85.42734248752258
3018718,-98.79546478133106
3018719,129.44916613175994
3018720,862.7381583738287
3018721,-85.83940987721842
3018722,-64.0041677530434
3018723,-18.14405963592348
3018724,54.35733112663089
3018725,-4.147667476943109
3018726,102.12924159850373
3018727,6.54712593425457
3018728,-8.526841917897212
3018729,-23.600809770051267
3018730,20.286761413804204
3018731,-36.18127421823855
3018732,-22.72320535303906
3018733,136.75859624394909
3018734,26.612052568723545
3018735,56.99039276504683
3018736,93.41174103168187
3018737,122.23899326372357
3018738,182.35352282899132
3018739,66.03479258404396
3018740,59.87647675504487
3019071,-92.37646144055797
3019072,-84.70559759982534
3019073,-15.576725393132431
3019074,171.0564951259923
3019075,-1.7783842918295636
3019076,-61.95622555620938
3019077,-72.31325129740871
3019078,155.6586581424119
3019079,-94.28103498506225
3019080,-142.5394505236143
3019081,-99.39402548437992
3019082,151.12895381292643
3019083,1463.6787919817814
3019084,-85.84853788194066
3019085,-63.91878268463305
3019086,7.284995300993575
3019087,54.02404638969548
3019088,-4.495940004591414
3019089,155.645117509581
3019090,6.429324310679892
3019091,-8.644643541473254
3019092,-5.885263780008966
3019093,43.107691884312054
3019094,-37.44410999147002
3019095,-21.509939660137928
3019096,142.9342735972193
3019097,28.18163870186409
3019098,56.34012759092885
3019099,92.7614758575648
3019100,124.94422350430041
3019101,175.43993968371862
3019102,68.8177536183277
3019103,62.64648802348639
3019434,-99.60282079505014
3019435,-100.77892796712585
3019436,-31.81872236311646
3019437,116.10805759776777
3019438,6.189208091143161
3019439,-84.96921019001711
3019440,-77.58812348585779
3019441,164.7353315908542
3019442,-75.17432380446535
3019443,-136.83431855582492
3019444,-91.35316894708312
3019445,107.47460482144409
3019446,1309.6503425697397
3019447,-94.41128276394663
3019448,-75.70867674400795
3019449,-54.11620554868765
3019450,44.08314938430495
3019451,-14.957121928410327
3019452,151.73138993837821
3019453,-10.210818148353422
3019454,-25.918083064689238
3019455,-5.595846382276516
3019456,23.902976869452875
3019457,-44.02042940620576
3019458,-28.99771869876194
3019459,130.0916675030496
3019460,18.306541161274442
3019461,58.2091268623628
3019462,90.04577890276569
3019463,104.25200321884877
3019464,193.06171013407513
3019465,48.95652037373403
3019466,42.827183591324875
3019797,-97.58989291490325
3019798,-94.886768923009
3019799,-121.39265768113073
3019800,107.18303911646326
3019801,4.561538303308414
3019802,-87.89724399587321
3019803,-74.17361346043144
3019804,123.17015429262592
3019805,-85.45706015737123
3019806,-150.05321629771677
3019807,-93.67961309820184
3019808,142.22121983713336
3019809,1014.0233627073886
3019810,-93.47411829572393
3019811,-73.24823585004007
3019812,-25.473113526289847
3019813,-6.126393989686715
3019814,-12.74852220631264
3019815,146.45784353454403
3019816,-7.024151604837055
3019817,-22.098119456988382
3019818,-38.11270490414862
3019819,5.583482382083009
3019820,-44.220568451138014
3019821,-25.25609189632841
3019822,134.58180388098728
3019823,22.165064029163393
3019824,53.387251818146716
3019825,89.80860008478267
3019826,111.63672356463458
3019827,346.59836276352115
3019828,56.26832026379608
3019829,50.139146486518904
3020160,-98.34127989746666
3020161,-89.86761323903447
3020162,-120.1124156040958
3020163,115.04799880087849
3020164,21.047280084088204
3020165,-74.07971815828095
3020166,-52.706854336755704
3020167,117.58430493329452
3020168,-86.48030612997972
3020169,-98.29722032103636
3020170,-78.95086673082078
3020171,334.9680709431452
3020172,818.9637250860198
3020173,-93.35524963758876
3020174,-88.02361453599194
3020175,-73.65032820955234
3020176,0.2844093498672078
3020177,-30.050896514279923
3020178,137.38246668942244
3020179,-20.562726027463935
3020180,-36.61111029003681
3020181,-52.65949455260833
3020182,17.81727321343188
3020183,-54.4588105267574
3020184,-30.25162493262341
3020185,132.81393368267638
3020186,15.038545387501205
3020187,46.686628137640774
3020188,83.10797640427627
3020189,101.38238515285566
3020190,70.8847923515079
3020191,45.713196773637
3020192,37.7451645876724
3020358,-93.09698843334881
3020359,-79.85366223853161
3020360,-13.305407485665267
3020361,170.3196530818379
3020362,-1.8922219959447761
3020363,-75.69085582186453
3020364,-64.44813267160934
3020365,182.38290321242604
3020366,-87.42273903828463
3020367,-155.1685580800511
3020368,-101.78826829657491
3020369,238.1412050976866
3020370,1471.569080751162
3020371,-85.88504990083236
3020372,-64.84435031837477
3020373,-19.88542227416637
3020374,25.803355344146627
3020375,-5.8890301151866815
3020376,152.16107987264215
3020377,6.0194914665002734
3020378,-9.115850035772194
3020379,83.48245158271921
3020380,43.75170774707404
3020381,-42.75629745540326
3020382,-18.903811778536504
3020383,146.52138396887787
3020384,27.58935377402641
3020385,55.01073051848763
3020386,90.1604151610888
3020387,126.58176342772295
3020388,164.07377491203962
3020389,79.94959775546086
3020390,71.52035526302161
3020391,-97.71063409757225
3020392,-91.49496486443859
3020393,-22.579718910596778
3020394,91.9263901087299
3020395,6.075370387020673
3020396,-85.84394302715809
3020397,-69.72300486006024
3020398,89.51271554360592
3020399,-84.48976305178057
3020400,-147.9575142240117
3020401,-93.74741175927902
3020402,195.09553428965657
3020403,956.800954411274
3020404,-90.2243139894454
3020405,-75.36713647036542
3020406,-28.088990186090353
3020407,43.692012273559804
3020408,-15.408210202011826
3020409,134.92500218317647
3020410,-10.682024642652816
3020411,-25.75599249480619
3020412,-41.79391091782444
3020413,25.515385888161024
3020414,-48.21459922222656
3020415,-23.431018271561054
3020416,139.34240469113203
3020417,21.26559624279408
3020418,51.023369939653286
3020419,87.44471820628969
3020420,115.07292418116477
3020421,63.648975165548755
3020422,60.08836451087037
3020423,52.58048377431643
3020424,-97.94861686591575
3020425,-89.17397408877405
3020426,-22.011889433730897
3020427,138.6318304874596
3020428,6.046910960988686
3020429,-66.3777315348314
3020430,-67.7567252036104
3020431,90.9906684504751
3020432,-92.23978070169396
3020433,-147.72412375883576
3020434,-94.33540032090905
3020435,217.34191433432377
3020436,1263.2331705474282
3020437,-89.17757179582013
3020438,-75.28175140195485
3020439,-2.659201669580209
3020440,16.806654515257794
3020441,-15.520982270412144
3020442,141.93314716574443
3020443,-10.799826266228404
3020444,-25.873794118381323
3020445,-5.302125892118777
3020446,25.918488142838857
3020447,-47.00133352932679
3020448,-22.131028415495887
3020449,140.15984921845822
3020450,21.014791480394894
3020451,50.373104765535764
3020452,86.79445303217217
3020453,117.77815442174297
3020454,170.50678137585848
3020455,62.871325545153205
3020456,54.79895058419989
3020457,-129.4680833862865
3020458,-159.71288575135148
3020459,-88.31130746441231
3020460,-164.59475663833362
3020461,-7.974481949979957
3020462,-60.5459396768936
3020463,-110.55769577790743
3020464,9.93440845209189
3020465,-60.10141709241615
3020466,-71.9005880533794
3020467,-48.60336289256092
3020468,-128.64144210425937
3020469,1612.929673298416
3020470,-116.18053095684733
3020471,-97.79440244388506
3020472,-25.85438900952435
3020473,-29.4758743593009
3020474,-33.780625308500284
3020475,105.34275339113556
3020476,-47.47454930022449
3020477,-63.52293356279896
3020478,-22.98643135122465
3020479,30.91175392364058
3020480,-32.7642867605712
3020481,-23.181903942151433
3020482,103.5581620928444
3020483,9.017958917803487
3020484,32.30162844079015
3020485,70.57303914475297
3020486,79.29695083754423
3020487,127.78773635449006
3020488,283.15905083931847
3020489,81.28481290511554
3018741,-100.02710024555454
3018742,-89.77352625105304
3018743,-113.42558807054847
3018744,344.5905259473995
3018745,-13.756804939272836
3018746,-43.4431644965014
3018747,-75.87955517692608
3018748,110.78360814241223
3018749,-27.8809643305738
3018750,13.672393429323353
3018751,-91.02467306139788
3018752,-125.97607071129737
3018753,1526.479239988224
3018754,-91.90962185947744
3018755,-75.10380621181416
3018756,-55.12977361009715
3018757,-35.15574100837947
3018758,-15.181708406661794
3018759,151.7618563657156
3018760,-0.2129801527508266
3018761,-15.266144806957339
3018762,-30.319309461164988
3018763,-46.046357046149105
3018764,-34.421517609738466
3018765,-24.224197844146868
3018766,135.50084792472055
3018767,21.709020414674075
3018768,54.740428235911814
3018769,93.01183893987236
3018770,122.86256448034165
3018771,69.37288736524461
3018772,202.17951689786898
3018773,61.253834598245895
3018774,-87.4879347326012
3018775,-214.4481651751037
3018776,-140.4486967445471
3018777,-382.1923605681557
3018778,-20.04254908852344
3018779,-97.92780136815854
3018780,-174.28479233758551
3018781,-135.55924624030447
3018782,-100.10284155358094
3018783,-115.0402185880992
3018784,-73.19290265484987
3018785,-158.82342381242418
3018786,1497.188221588743
3018787,-86.73689056445987
3018788,-77.99807856303316
3018789,-31.245231390051156
3018790,-9.67955047844934
3018791,-13.301035828224297
3018792,86.08238431742912
3018793,-37.80911106673424
3018794,-55.69205842171372
3018795,-45.14936999009823
3018796,14.058535978758034
3018797,-20.208010849758733
3018798,-3.7482541522074757
3018799,97.42992813431574
3018800,26.650620444878502
3018801,44.60423506444223
3018802,66.98617073836722
3018803,96.49812272487152
3018804,65.32797636741653
3018805,190.4946546960866
3018806,-13.531000705727632
3018807,-134.19435831549598
3018808,-156.8590373042778
3018809,-179.58357219004645
3018810,209.03846304113833
3018811,-61.73154896747727
3018812,-109.1622453451444
3018813,-143.64272217657233
3018814,113.37841428987049
3018815,-52.42385534003805
3018816,50.98182419645692
3018817,-42.040065802284325
3018818,-124.39956669927487
3018819,1249.6902686588512
3018820,-93.41042326840447
3018821,-93.97019986062189
3018822,-63.09291125292729
3018823,-43.72012848331773
3018824,-50.56488791622795
3018825,77.17927027105607
3018826,-43.19355824482276
3018827,-46.40868531047662
3018828,39.5499763901964
3018829,-2.522760577250931
3018830,-15.423375731047411
3018831,1.1593174877209163
3018832,126.36584871431496
3018833,32.97006129532357
3018834,47.207670889893244
3018835,68.09391340314387
3018836,94.24891717024111
3018837,61.08399550696432
3018838,60.872260792552616
3018839,19.18796727839909
3018840,-125.81174751853068
3018841,-147.148884406465
3018842,-73.91440273586231
3018843,254.55600989518027
3018844,-60.595675214021675
3018845,-107.63817596550034
3018846,-134.82721759649647
3018847,48.95053505156758
3018848,6.720796908780546
3018849,52.524834089282386
3018850,-40.48919470529271
3018851,-125.75197560467522
3018852,1312.030702464989
3018853,-92.64013972150103
3018854,-92.7301180735406
3018855,-61.83657398618474
3018856,-69.46583239142755
3018857,-49.608794155294426
3018858,79.82802765593574
3018859,-41.64444937608713
3018860,-46.20369597912603
3018861,-35.91661801854051
3018862,-25.629540057957268
3018863,-15.224759978754985
3018864,0.0036888102528860323
3018865,129.03021707996933
3018866,32.16944971571612
3018867,46.40705931028716
3018868,67.94386825498869
3018869,96.5409327653012
3018870,62.12736380503903
3018871,96.59722661832821
3018872,22.506815695608754
3018873,-159.59489628237023
3018874,-183.00664836727336
3018875,-109.41249539548771
3018876,-56.80365723994945
3018877,-47.993217981726765
3018878,-91.84648177002309
3018879,-154.12636519156402
3018880,79.54801747158963
3018881,-39.05572987826671
3018882,45.8077507832024
3018883,-37.93790318880364
3018884,-169.67457780396788
3018885,1411.4623780519598
3018886,-106.81358995230384
3018887,-100.97007372216721
3018888,-44.06764926377654
3018889,-56.58872303291336
3018890,-63.1379946907255
3018891,55.56876921865861
3018892,-77.18226106444858
3018893,-60.48827391015792
3018894,-44.26654011836653
3018895,-34.717761110848905
3018896,-26.7320676182815
3018897,4.806531510662541
3018898,95.56858508582327
3018899,16.705026463077235
3018900,31.259521586180842
3018901,53.16874514301818
3018902,87.75053759687553
3018903,47.0395452664363
3018904,41.44201567540514
3018905,31.66428371411958
3018906,-115.89712195417341
3018907,-139.46177952161705
3018908,-163.02643708906797
3018909,-69.56131380790684
3018910,-42.975600737808044
3018911,-73.94845190086453
3018912,-142.28877621874634
3018913,-67.8180067168203
3018914,-30.955180065923553
3018915,15.117457766908235
3018916,-87.24100646704873
3018917,-125.84923740723688
3018918,1720.738398072748
3018919,-88.27408874808275
3018920,-80.2196957965936
3018921,-8.764403066945345
3018922,-14.321355047499576
3018923,-20.588759511759275
3018924,119.55494859014762
3018925,-12.672935741592521
3018926,-27.743872087796074
3018927,-39.725208049653055
3018928,6.097883177752198
3018929,-19.305649439337497
3018930,-9.071707378814875
3018931,119.5659786176604
3018932,21.10577358332667
3018933,40.92799322631955
3018934,81.51703806048882
3018935,117.6835364767041
3018936,80.52198252516446
3018937,55.32419187108754
3018938,68.59768386662991
3018939,-107.19110426297156
3018940,-100.76666592578731
3018941,-130.47189998043066
3018942,303.0059734574672
3018943,15.755091642943814
3018944,-13.427687518803207
3018945,-53.46140323118269
3018946,194.82342213834838
3018947,-18.843257219434957
3018948,14.780099085739682
3018949,-60.495018656537276
3018950,-30.017568068321378
3018951,1116.3751486261724
3018952,-83.58529352012992
3018953,-83.45019930043706
3018954,-77.65419842997771
3018955,-58.57081807755984
3018956,-41.45553154555436
3018957,127.28558983437229
3018958,-38.492376791182814
3018959,-54.540761053755695
3018960,-70.58914531632836
3018961,-65.76773513172456
3018962,-59.068608832217514
3018963,-33.37512250626268
3018964,131.00675546639988
3018965,10.866847738198164
3018966,45.70822935044972
3018967,82.12957761708658
3018968,93.23018188039232
3018969,42.46384178470108
3018970,38.989448380420264
3018971,31.339584565363754
3018972,-103.66464277001323
3018973,-85.65207933693345
3018974,-19.005179899900025
3018975,239.31493463525405
3018976,-9.17785076191721
3018977,-37.14141525753693
3018978,-65.82917805638026
3018979,174.17372439558696
3018980,-89.49527442590697
3018981,-31.57596078533042
3018982,-85.97744314929768
3018983,-183.07178073029425
3018984,1518.4398943175818
3018985,-98.41897517619593
3018986,-81.50193729464961
3018987,-35.8019119952335
3018988,-15.916345687384403
3018989,-21.805519836253136
3018990,142.83836718829477
3018991,-10.603550856315945
3018992,-25.76011359646763
3018993,42.332598082838295
3018994,-57.07013068459654
3018995,-46.51148627559795
3018996,-24.70796025239478
3018997,143.16475867332267
3018998,23.417656124726552
3018999,52.76066810726453
3019000,87.42777650089893
3019001,125.60336464053553
3019002,74.27427810134778
3019003,225.88318505053687
3019004,65.12141633081292
3019005,-109.54787135119368
3019006,-101.6891969632914
3019007,-28.778624554843912
3019008,-43.70924307760723
3019009,-24.08832634298305
3019010,-71.84702014339454
3019011,-81.21620523069286
3019012,116.2519850467681
3019013,-98.04806185677698
3019014,-125.88559700508704
3019015,-101.10190167312048
3019016,-215.89839014630004
3019017,1787.4772148743589
3019018,-108.3878366492276
3019019,-90.35580437914398
3019020,-44.62209556717702
3019021,1.1808448072385613
3019022,-30.433706573993316
3019023,140.63558952872788
3019024,-13.908896724324034
3019025,-28.962061378530773
3019026,-44.46385550138283
3019027,5.271902397918172
3019028,-36.285740463701394
3019029,-25.98570957727615
3019030,122.68410555480223
3019031,9.826140819824293
3019032,46.52754132824813
3019033,80.13653519577947
3019034,119.56300989328493
3019035,112.28262027899491
3019036,202.52631385498873
3019037,33.79262495864824
3019038,-131.8650879274053
3019039,-118.18458529648596
3019040,-53.81064560447957
3019041,889.8489222134206
3019042,-60.04797118239984
3019043,-89.56685058907242
3019044,-89.08826705517167
3019045,296.64579951622653
3019046,30.71397712658946
3019047,48.43654154097677
3019048,-12.17947812869333
3019049,-126.04722500954021
3019050,1706.4056682874273
3019051,-80.58258276285635
3019052,-79.426400216962
3019053,-47.850268613656944
3019054,-68.69641020638805
3019055,-48.9713329498882
3019056,73.13121972779045
3019057,-43.121392185398726
3019058,-38.65995488128673
3019059,-28.37180299592664
3019060,-18.042096599290556
3019061,-7.624834807455766
3019062,5.552837930385255
3019063,158.2945886696841
3019064,38.4461323781372
3019065,56.55400696711896
3019066,79.0248139301677
3019067,104.03093642286076
3019068,58.556405008133616
3019069,149.07836760876827
3019070,24.517285056835323
3019104,-113.0252564032151
3019105,-133.35187684565497
3019106,14.635670335713446
3019107,-7.358859141387068
3019108,-8.287535636306341
3019109,-40.11678649539025
3019110,-88.9286195569628
3019111,84.29700682366565
3019112,-73.47256983367951
3019113,-66.84976849670493
3019114,-55.92652532974879
3019115,-155.867598879574
3019116,1622.1310429819055
3019117,-110.44770033529089
3019118,-102.44782364395716
3019119,-82.56225733610772
3019120,-36.90195057153691
3019121,-41.925546775430384
3019122,110.16956618783361
3019123,-46.23995217009978
3019124,-62.32286864546362
3019125,-38.555217987752975
3019126,-3.7428540334752074
3019127,-45.753714484841375
3019128,-37.32826426389537
3019129,106.67924272820001
3019130,3.099705355370322
3019131,39.77400791194233
3019132,73.87753786286176
3019133,89.62540542430425
3019134,122.71684317165973
3019135,183.30716021902091
3019136,97.4205717758825
3019137,-110.84079660532625
3019138,-111.30699019281637
3019139,-39.135560835084824
3019140,56.31562459598282
3019141,2.2194863231281556
3019142,-46.216941895316985
3019143,-60.22070858838996
3019144,124.01196275970342
3019145,-52.18151776626818
3019146,-90.65834974236877
3019147,-62.890618881098625
3019148,-97.85650282296983
3019149,1580.763334362727
3019150,-96.82860355211464
3019151,-99.7848251694367
3019152,-30.319841196657574
3019153,-10.468342205764014
3019154,-44.13022132126893
3019155,128.1879910211205
3019156,-41.9358635260185
3019157,-57.98424778859002
3019158,-74.03263205116654
3019159,-15.12144866771295
3019160,-57.62504871346645
3019161,-40.78235681186269
3019162,124.5430627623111
3019163,8.09420342350241
3019164,46.365614127463424
3019165,84.63702483142488
3019166,87.85419845887527
3019167,172.95151358217637
3019168,34.261483981086904
3019169,66.09674351016584
3019170,-108.72677172240473
3019171,-103.83817756013995
3019172,-127.62241452752896
3019173,175.8445979359196
3019174,-6.991076822582539
3019175,-35.04143930367608
3019176,-78.64187711385311
3019177,120.36779896149456
3019178,-0.3344597448238278
3019179,0.5142589563258366
3019180,-73.36234541696403
3019181,-91.47717814842717
3019182,1514.2925102358079
3019183,-96.61886625433696
3019184,-90.83897979593273
3019185,-19.40393257464306
3019186,-51.06784718023213
3019187,-31.18228087238212
3019188,128.19765829742684
3019189,-29.54412337024841
3019190,-45.550145665088884
3019191,-62.12589766302407
3019192,-46.18053801593923
3019193,-53.47384833306322
3019194,-31.208775660143868
3019195,130.85319858104432
3019196,15.223911212071659
3019197,49.47359385622368
3019198,85.89494212286054
3019199,112.6995485261934
3019200,146.5311236249756
3019201,324.48948770680744
3019202,54.021519581581025
3019203,-97.26825800047918
3019204,-103.45620805577236
3019205,-130.83284239708044
3019206,-36.381482573526945
3019207,2.933354009078546
3019208,-98.19152874647334
3019209,-115.17909479442714
3019210,-46.75219766377612
3019211,-131.2347758966478
3019212,-60.732848998230374
3019213,-147.30483720170403
3019214,219.19398830744976
3019215,886.2486066701456
3019216,-60.27757282509291
3019217,-52.78400793744553
3019218,-33.58904912033169
3019219,36.59759281919806
3019220,3.5035594603634377
3019221,108.88775424989986
3019222,-12.990873708019802
3019223,-30.301637482099107
3019224,-50.7105338542522
3019225,17.92613242360513
3019226,-70.10229179108437
3019227,-53.93597073816208
3019228,115.72487077283559
3019229,4.309685058728707
3019230,36.884455334398545
3019231,73.26377263466402
3019232,109.64308993493178
3019233,132.1125100367437
3019234,124.33092870377477
3019235,117.51721056099832
3019236,-126.175198774198
3019237,-142.40939711952777
3019238,-70.7198379111167
3019239,-76.33495180355276
3019240,-15.571108247197838
3019241,-97.73166820330043
3019242,-132.6082429740225
3019243,92.60427820937475
3019244,-100.83203104832846
3019245,-111.69095364844252
3019246,-94.11139338221919
3019247,-171.93016768094688
3019248,985.2836961852507
3019249,-77.92711901471209
3019250,-84.21000542719814
3019251,-46.29072000373825
3019252,-0.6299669300183655
3019253,-33.91479073736836
3019254,73.63774615972507
3019255,-51.52954157776416
3019256,-68.95023955509195
3019257,-71.3406107721883
3019258,16.02758359167429
3019259,-53.945038108037615
3019260,-46.76716577210235
3019261,104.82128414744939
3019262,1.419589184446711
3019263,39.65295895369419
3019264,77.88632872294484
3019265,102.96833457833027
3019266,328.0061166921143
3019267,44.65302402560675
3019268,40.30101555393795
3019269,-107.96798971829666
3019270,-90.48120223139522
3019271,-92.82756861577836
3019272,332.76095748514416
3019273,-27.568294422414322
3019274,-75.33963408220806
3019275,-28.438141641667965
3019276,113.23627938382488
3019277,-82.74818879508784
3019278,-114.41331005397551
3019279,-89.7409035876265
3019280,328.2836361786341
3019281,1118.4568427263941
3019282,-71.82935967776443
3019283,-67.89953315198379
3019284,-68.15212015058732
3019285,-9.252242732509597
3019286,-45.11086473215918
3019287,20.812498573670116
3019288,-57.115179525187195
3019289,-68.57046627569484
3019290,-72.21344894200665
3019291,13.567693177855023
3019292,-71.86773775871806
3019293,-47.07715802253805
3019294,125.61974589036227
3019295,7.527631721430868
3019296,44.34482325478549
3019297,70.81865717896399
3019298,104.96899535713892
3019299,78.88348882782448
3019300,72.2369366274258
3019301,64.29003003961607
3019302,-110.86474068879652
3019303,-98.0855559560976
3019304,-121.86979292349388
3019305,132.64079331681862
3019306,-30.020920355446645
3019307,-111.18007651819862
3019308,-113.34425447382709
3019309,26.84847350180026
3019310,-96.85893890403695
3019311,-20.508319715896317
3019312,-105.76385494873266
3019313,-184.82087830529284
3019314,1374.0353465663325
3019315,-85.43179064595874
3019316,-79.51197835769487
3019317,-32.850319691019
3019318,-39.99737760538327
3019319,-20.240077229226284
3019320,80.48728265428163
3019321,-19.349041288360507
3019322,-34.950376875876636
3019323,-54.547140676316566
3019324,1.8259866130981277
3019325,-43.202407364437285
3019326,-24.758926526132466
3019327,132.07117561353536
3019328,22.421699263860507
3019329,51.79197789709561
3019330,92.26579473823968
3019331,124.55061249763021
3019332,93.74778768622237
3019333,91.71001137681442
3019334,88.13750153984047
3019335,-128.06686629717913
3019336,-150.2907400363063
3019337,-174.9744181576814
3019338,-142.5070983254707
3019339,-18.659273596905035
3019340,-100.92766276290494
3019341,-148.67910004943113
3019342,75.26402944940965
3019343,-127.135653467484
3019344,-113.2413002316378
3019345,-101.5035500358802
3019346,-179.27281118255772
3019347,1195.9167946112746
3019348,-71.53134508594273
3019349,-77.18097299332264
3019350,-42.12359818887493
3019351,3.5371548848445014
3019352,-29.717200021660386
3019353,86.65008032686269
3019354,-47.846297874173196
3019355,-70.1896476637301
3019356,-72.52427076842086
3019357,-6.182359570789043
3019358,-54.117621010528445
3019359,-46.20856271001484
3019360,105.14039369334905
3019361,1.9562865856834901
3019362,40.14762538856504
3019363,78.34475140072045
3019364,109.5319403605351
3019365,54.9160500680243
3019366,51.85970780909448
3019367,47.470396892614836
3019368,-103.81809683601277
3019369,-88.2309249432863
3019370,-85.4927054812786
3019371,343.5876142212048
3019372,-21.48216210323407
3019373,-60.362283335690144
3019374,-91.38084964945374
3019375,167.58297284265447
3019376,-123.63649318218249
3019377,-126.91101190635872
3019378,-102.80422046967196
3019379,-177.49598598880314
3019380,1592.7179587263713
3019381,-86.6078429680138
3019382,-69.89568135328027
3019383,-23.032431906239747
3019384,-3.705862462319867
3019385,-12.567467474115158
3019386,111.23596288576546
3019387,-18.908159392186047
3019388,-37.663427011059674
3019389,-56.41869462993308
3019390,-6.942817598584309
3019391,-53.99761229806408
3019392,-30.962986127317702
3019393,133.93848129868476
3019394,21.93136330154785
3019395,49.916733237821255
3019396,92.63343079178385
3019397,116.64276413767102
3019398,131.35739115144244
3019399,126.83061638611225
3019400,117.00596424417445
3019401,-104.04310915064234
3019402,-87.66309546641314
3019403,-82.96903866571556
3019404,380.0637415719477
3019405,-21.510621529269695
3019406,-60.10430106990024
3019407,-89.52372708490184
3019408,168.18736133101012
3019409,-131.5713610767223
3019410,-97.57833537237074
3019411,-103.6382430622023
3019412,-176.88184819747008
3019413,1618.3182435978376
3019414,-87.02027853865097
3019415,-70.26020936058903
3019416,-23.562918047121723
3019417,-5.016613756773761
3019418,-13.894474248229738
3019419,106.57250928873255
3019420,-21.324696510692586
3019421,-40.07996412956553
3019422,-57.40465445470253
3019423,-6.520416097320588
3019424,-55.25361329887054
3019425,-32.21898712812371
3019426,132.13471948310027
3019427,21.523869773415488
3019428,49.60068967790831
3019429,92.36308874179868
3019430,116.0048381373028
3019431,154.7010278717814
3019432,129.07656414250707
3019433,119.25616829660903
3019467,-129.4093486067675
3019468,-149.98898028048532
3019469,-173.48813661742932
3019470,68.62071186162866
3019471,-27.385988434973836
3019472,-73.58458289084301
3019473,-129.34910886548167
3019474,100.09868124178429
3019475,20.634089941672944
3019476,1.1526564124889842
3019477,-59.33368860059844
3019478,-74.28739328049646
3019479,1203.276330295905
3019480,-86.7309662824179
3019481,-85.62185285700905
3019482,-54.85622475622453
3019483,-62.90040978575852
3019484,-42.57277517249353
3019485,43.85563328432928
3019486,-57.89417424137881
3019487,-75.64916790364286
3019488,-65.46364225174493
3019489,-55.27811659984881
3019490,-46.00620006665148
3019491,-38.828327730714854
3019492,26.29865126342766
3019493,-0.4904607672458883
3019494,34.83468080304848
3019495,74.35018766955564
3019496,105.44970850072623
3019497,51.66416999343502
3019498,47.58618317214788
3019499,42.27445211108098
3019500,-143.22076296861522
3019501,-167.15692779862255
3019502,-191.09309262863715
3019503,-98.18964444499834
3019504,-39.883329920431414
3019505,-92.57452738398824
3019506,-152.7660263276073
3019507,-66.40979677348223
3019508,-15.431188907983408
3019509,-27.277672304967194
3019510,-81.31322951342717
3019511,-108.11793717683058
3019512,1759.3052495159136
3019513,-82.01330626701899
3019514,-78.15851640614441
3019515,-40.12907849397565
3019516,-20.155045892258652
3019517,-26.44024382974366
3019518,99.39252705800318
3019519,-31.469694082918107
3019520,-53.81553036230961
3019521,-54.29222290343913
3019522,8.923342365884952
3019523,-33.7143754277511
3019524,-23.43633596160161
3019525,106.90009737526516
3019526,12.721192035609608
3019527,40.14880302302273
3019528,76.80152657489107
3019529,114.99286537777125
3019530,42.164102779719734
3019531,75.56193920510914
3019532,67.87430239225814
3019533,-128.4335016351604
3019534,-144.6003093089628
3019535,-168.09946564590317
3019536,149.51200577407982
3019537,-27.39847918671948
3019538,-90.85761262720989
3019539,-124.26015901724968
3019540,160.94006635835942
3019541,28.748795978387722
3019542,-8.950875612092926
3019543,-59.89572557272758
3019544,-27.98580890693078
3019545,1374.442500956026
3019546,-85.46155803316041
3019547,-86.47957441137821
3019548,-82.34738487658164
3019549,-63.62897106336758
3019550,-44.01004739578551
3019551,81.3061698936096
3019552,-57.73893391766868
3019553,-76.52795969790058
3019554,-67.93953262490122
3019555,-34.967890225242435
3019556,-48.10612267561263
3019557,-40.928250339676005
3019558,96.95537828016514
3019559,0.7947701859458971
3019560,36.17242581408046
3019561,74.36376461696109
3019562,107.5850237960678
3019563,53.381381940033144
3019564,49.29488252667007
3019565,42.4875479176355
3019566,-117.7418619499429
3019567,-100.90836283081698
3019568,-121.46354177049834
3019569,201.90938866512008
3019570,-8.439983375560399
3019571,-50.57780644866106
3019572,-68.27834304814387
3019573,154.08885625225068
3019574,25.58874896157177
3019575,5.686313604641516
3019576,-64.26993453174946
3019577,-78.44649062975536
3019578,1641.6524453649201
3019579,-89.786551785659
3019580,-101.17554330415014
3019581,-61.3665470374597
3019582,-68.13769010232527
3019583,-50.48450660157213
3019584,108.38516760966077
3019585,-53.07261633523789
3019586,-69.53994832478001
3019587,-86.11462639794108
3019588,-76.69798878319016
3019589,-54.5628293643911
3019590,-32.011341412287756
3019591,132.68353876552894
3019592,12.428808782477251
3019593,43.74600442854008
3019594,79.55624245261806
3019595,110.9026503509178
3019596,58.83125722053884
3019597,57.496423436806445
3019598,49.912544843109764
3019599,-132.42406882164758
3019600,-156.20732816912167
3019601,-83.40224439644116
3019602,-96.70642448399194
3019603,-40.506348860343486
3019604,-88.38882576759242
3019605,-124.82542220250689
3019606,24.725892727380785
3019607,8.256186266183438
3019608,38.88413329608303
3019609,-49.905306650073534
3019610,-136.77934057767246
3019611,1672.2377889731263
3019612,-90.05322915404626
3019613,-85.9210396192506
3019614,-55.30636823129252
3019615,-43.05389666341606
3019616,-48.395873894201294
3019617,63.33654852916762
3019618,-60.499963757003606
3019619,-66.1589235493173
3019620,-55.973397897418444
3019621,9.33416080637581
3019622,-35.60234659362576
3019623,-21.92701569565524
3019624,100.09726338501078
3019625,6.452227068880081
3019626,30.22359900223201
3019627,68.30818072791926
3019628,106.49951953080081
3019629,60.20535499242461
3019630,54.17511667186201
3019631,63.53614216417301
3019632,-121.50957962668944
3019633,-109.71877882950757
3019634,-133.21793516645883
3019635,199.7837762421652
3019636,-22.199130324160063
3019637,-45.638089373717584
3019638,-83.18123918126985
3019639,207.12347585581776
3019640,23.205871559677878
3019641,39.04141853046368
3019642,-55.237055888769
3019643,-20.999261043734162
3019644,1604.644538975004
3019645,-91.28416583168796
3019646,-102.31848258242978
3019647,-66.60808036039388
3019648,-74.09336438149812
3019649,-56.44018088074521
3019650,92.78087353450583
3019651,-63.54424406364482
3019652,-80.11892213680566
3019653,-77.9157170264355
3019654,-27.605503009385114
3019655,-56.466283358212685
3019656,-41.90137268102425
3019657,115.28857440412158
3019658,3.1855771592037923
3019659,40.67509717500635
3019660,78.908466944257
3019661,103.21671163474066
3019662,51.09125692630342
3019663,46.206445519653435
3019664,43.18367214630481
3019665,-108.08907244579568
3019666,-87.46206898202836
3019667,-16.895881310857288
3019668,492.42334046195464
3019669,-50.51276357144415
3019670,-57.58511869014436
3019671,-61.46604744939467
3019672,253.59097268884145
3019673,-87.8710978572879
3019674,-70.74754894329708
3019675,-108.72305005734033
3019676,-144.01886788100515
3019677,1684.8195677384344
3019678,-90.12114231796868
3019679,-83.99049875906285
3019680,-38.25340132854107
3019681,6.186473833794441
3019682,-28.470984801501157
3019683,86.65941566442753
3019684,-43.49321971772387
3019685,-53.82556970128534
3019686,-57.44774916964915
3019687,23.555677050798483
3019688,-63.72963064602008
3019689,-40.6950044752737
3019690,111.77274538372622
3019691,20.18252703247636
3019692,48.76891513931397
3019693,76.74889066712667
3019694,110.20394853798798
3019695,145.38560076071846
3019696,130.57352273523995
3019697,118.66593279034596
3019698,-129.70482665276248
3019699,-117.42127541938207
3019700,-59.90281709648006
3019701,202.77959978316287
3019702,-41.309468272566654
3019703,-112.16506652662683
3019704,-125.55617068629253
3019705,98.69001104983654
3019706,-74.36231656822274
3019707,-143.58963418353667
3019708,-79.89236665456228
3019709,-166.91053193791734
3019710,1140.6067624716513
3019711,-64.49257510733314
3019712,-60.29185980415074
3019713,-56.091144500967665
3019714,2.155601983192089
3019715,-43.64034237840864
3019716,60.2853437520882
3019717,-69.39521722857198
3019718,-68.72695760838342
3019719,-58.46413330106069
3019720,11.527229004391035
3019721,-40.23599536883902
3019722,-32.98082437747943
3019723,95.28238661606038
3019724,3.3866864331914326
3019725,38.19110941410073
3019726,76.51343244420396
3019727,114.82409850130917
3019728,64.16786659542068
3019729,58.97259563228564
3019730,52.793023424082286
3019731,-114.56209043197923
3019732,-95.713485875275
3019733,-95.80917156835385
3019734,212.34583551579564
3019735,-14.209279151703225
3019736,-97.96111877260664
3019737,-68.04451961029444
3019738,180.84025831039546
3019739,-115.42510727863173
3019740,-101.50475007604727
3019741,-102.72732541670239
3019742,7.504831358985104
3019743,1672.801566979182
3019744,-77.1721464216203
3019745,-85.17667349256969
3019746,-47.108907369356565
3019747,24.12147861451736
3019748,-37.61044721128955
3019749,115.38763558279489
3019750,-51.23362044466948
3019751,-69.98781413876695
3019752,-78.91996905475916
3019753,22.105601909872536
3019754,-60.797578417051945
3019755,-38.46978047170186
3019756,128.31239152656528
3019757,11.876061733783178
3019758,52.981828569549826
3019759,73.19786185038238
3019760,109.5811691823048
3019761,117.13139283123992
3019762,98.69009312473027
3019763,91.06346827443186
3019764,-144.5026611985293
3019765,-130.9188738566543
3019766,-71.91508733506525
3019767,1129.713754302203
3019768,-44.64511053569803
3019769,-12.94535980363143
3019770,-75.89038562190107
3019771,475.8554228323839
3019772,79.8828915895876
3019773,23.23983773355049
3019774,-10.213968929635296
3019775,-198.0854326659685
3019776,1871.3596682368964
3019777,-66.94966899758383
3019778,-53.08003198899136
3019779,-14.790644757565854
3019780,16.13004712031871
3019781,-30.732887368161112
3019782,43.25450432431008
3019783,-43.202898448457326
3019784,-32.94007414113529
3019785,20.088265431567567
3019786,46.57756300575348
3019787,0.9290296433134313
3019788,15.147071732132833
3019789,135.5086025744042
3019790,44.823392402204
3019791,67.26478635768099
3019792,94.6382465925255
3019793,96.67761608280144
3019794,42.42156416059944
3019795,328.97317603668597
3019796,41.84823102042011
3019830,-125.25702079666262
3019831,-112.21118680554609
3019832,-45.63609089489436
3019833,191.03211648461476
3019834,-31.50750020049126
3019835,-71.68634827287751
3019836,-86.60299318785728
3019837,198.59416476745102
3019838,39.58566762040865
3019839,-40.3556068527785
3019840,-53.30956120892032
3019841,-140.86742106505042
3019842,1619.0576865693693
3019843,-89.3415704811304
3019844,-94.81235075337717
3019845,-90.68016121858163
3019846,-51.05045731175691
3019847,-60.90415894887477
3019848,82.94882468905799
3019849,-69.73722214185618
3019850,-86.31190021501543
3019851,-73.85258881963618
3019852,-38.988066084400806
3019853,-54.15222821805609
3019854,-43.681312352189515
3019855,113.1902943981806
3019856,3.0695787764568263
3019857,38.18107700628226
3019858,76.37275648602345
3019859,109.56757033677486
3019860,55.83481188862216
3019861,51.5980051939193
3019862,44.93360218345716
3019863,-119.4270464218087
3019864,-100.73367317439515
3019865,-96.8988374652934
3019866,327.58964831702286
3019867,-24.834237042422313
3019868,-100.27995423943575
3019869,-75.4840036616104
3019870,186.04507566356844
3019871,-98.75706747310396
3019872,-92.92247328194917
3019873,-91.05706910558756
3019874,-169.73227163577033
3019875,1704.802451454792
3019876,-82.46663121032752
3019877,-95.63771142425098
3019878,-58.77831574691735
3019879,-13.117562673196556
3019880,-48.599945720715404
3019881,97.59869685278518
3019882,-53.845494282187964
3019883,-69.44575594492726
3019884,-85.04601760766654
3019885,13.996939207659313
3019886,-46.92909322197219
3019887,-26.564201502756344
3019888,135.9860693811763
3019889,15.70194398685199
3019890,44.32175717546007
3019891,77.96173216823782
3019892,114.30300853379204
3019893,150.9017669590714
3019894,88.16144953897101
3019895,81.46030820245524
3019896,-126.05192573930508
3019897,-112.34393012279433
3019898,-107.96885884814292
3019899,436.3486312617562
3019900,-38.8993100407104
3019901,-109.50301329180074
3019902,-95.15868373164885
3019903,145.77535976101828
3019904,-79.5004276916241
3019905,-105.11853884240809
3019906,-74.62448222234325
3019907,-160.91771884488892
3019908,1391.5193382218354
3019909,-65.19868915006957
3019910,-61.02906614397697
3019911,-56.828350840794236
3019912,1.4996730416707647
3019913,-44.18559001877683
3019914,67.17330663737876
3019915,-66.3815561487393
3019916,-73.32944488745424
3019917,-63.066620580130156
3019918,63.58101675871577
3019919,-43.89856323742041
3019920,-36.64339224605991
3019921,108.02833400547134
3019922,7.18335021573667
3019923,43.9840239641505
3019924,88.96540242674264
3019925,120.1707117017515
3019926,67.16445725522836
3019927,60.984885047023646
3019928,53.90946276541691
3019929,-111.96848375042354
3019930,-90.9685062968263
3019931,-73.50198945161792
3019932,582.0632927849867
3019933,-65.22319156568737
3019934,-64.09632714338004
3019935,-70.21622660930989
3019936,293.8584490603345
3019937,-129.36729224484841
3019938,-71.00375361965853
3019939,-109.47078445035349
3019940,-210.55789024844844
3019941,1640.8983781639852
3019942,-85.06564820084968
3019943,-84.7173381002056
3019944,-38.49987628510511
3019945,-19.796579932504113
3019946,-28.992246837482337
3019947,72.1619677489709
3019948,-48.17308902869926
3019949,-55.44724390791206
3019950,-59.72069091819484
3019951,-6.49510493123152
3019952,-67.62796116321515
3019953,-44.412638251097896
3019954,101.09096603341159
3019955,19.35544344678529
3019956,49.379974784221496
3019957,77.755028784539
3019958,111.22234086451017
3019959,140.02167504873998
3019960,132.30627151655128
3019961,127.2729354963778
3019962,-129.98744508330017
3019963,-119.87433579778262
3019964,-40.36916792953597
3019965,-150.080051210706
3019966,-15.69773644551314
3019967,-80.50783622887757
3019968,-54.15846948946709
3019969,224.291062914722
3019970,-43.30941852264713
3019971,-109.1050448735812
3019972,-72.3716328578078
3019973,-106.48602738695449
3019974,1981.7167359365783
3019975,-103.42529510367437
3019976,-115.6217893639138
3019977,-53.369128891648224
3019978,-7.718994201810158
3019979,-68.07879912629487
3019980,105.43741399467235
3019981,79.79338396723843
3019982,-80.50228254350013
3019983,34.390531881118214
3019984,20.872508419481353
3019985,-67.48832583585845
3019986,-43.4901870663878
3019987,123.0235073669839
3019988,4.198806236297248
3019989,41.63417751562357
3019990,79.71402830040888
3019991,98.60374951702416
3019992,222.7679915348883
3019993,266.68969427495557
3019994,38.05127433541585
3019995,-129.95351832108534
3019996,-109.89485017282895
3019997,-36.43556302819233
3019998,-117.61155844660134
3019999,-57.20476105327979
3020000,-49.59773887873488
3020001,-52.88491858049091
3020002,222.84924859114855
3020003,-92.25002512881274
3020004,-117.34245889571939
3020005,-109.82991751904937
3020006,-104.08086980735224
3020007,2065.460239460872
3020008,-122.19851201055694
3020009,-121.46978503015684
3020010,-75.73586354060744
3020011,-2.840783049400709
3020012,-62.002779568315226
3020013,121.72865498534493
3020014,95.93729160212497
3020015,-64.54729847864728
3020016,28.73712546256066
3020017,-2.6916521810124254
3020018,-64.55716159831063
3020019,-39.238547795902186
3020020,132.24073676574946
3020021,7.217513312659964
3020022,39.025035959947864
3020023,75.47574798110391
3020024,111.92646000226132
3020025,68.18215890250686
3020026,282.2045408407441
3020027,58.40401033835743
3020028,-130.71376263084565
3020029,-110.71925783792067
3020030,-37.259970693291315
3020031,-108.3134415558532
3020032,-84.47608685094092
3020033,-89.59621226552808
3020034,-56.519985448013166
3020035,188.74960077464968
3020036,-108.07684050941297
3020037,-134.62350343481538
3020038,-129.1904224365633
3020039,86.64359964728528
3020040,2091.621883248793
3020041,-129.9853939506684
3020042,-119.97680645614041
3020043,-48.09244601974414
3020044,-28.152480734983367
3020045,-60.05470865099009
3020046,126.83661548501841
3020047,113.44402907022204
3020048,-57.818694907049384
3020049,35.60316053122025
3020050,55.05632660985085
3020051,-63.218168467143904
3020052,-41.05348669609547
3020053,134.83796883565876
3020054,4.14668176214828
3020055,45.570453108415414
3020056,72.89217401642846
3020057,109.34288603758269
3020058,234.83386317250344
3020059,266.4073872192959
3020060,70.9994658010316
3020061,-131.3647292127305
3020062,-111.37022441980916
3020063,-19.137243066065633
3020064,-59.74696434333672
3020065,-89.21192289224636
3020066,-111.26265033712006
3020067,-56.159031867439616
3020068,191.46414909907
3020069,-101.58835589503069
3020070,-135.8614502010585
3020071,-130.79415934465786
3020072,125.00711458108499
3020073,2137.932588732628
3020074,-129.52495657834677
3020075,-120.58995051974311
3020076,-48.69060229263213
3020077,-28.750637007873177
3020078,-60.667852714592335
3020079,117.8106450212128
3020080,113.69293463823279
3020081,-58.22182677254731
3020082,35.27848752006113
3020083,15.94220667977989
3020084,-64.73229372625683
3020085,-42.391524242296136
3020086,133.50707823425566
3020087,3.4059820934519007
3020088,35.29468365761769
3020089,71.90381949992407
3020090,108.3545315210824
3020091,141.5631750925024
3020092,256.56001436821106
3020093,72.81320210014856
3020094,-132.015695794619
3020095,-112.02119100168674
3020096,-38.56190385704648
3020097,-11.180487130811155
3020098,-93.94775893354817
3020099,-124.46025911710676
3020100,-55.798078286866065
3020101,194.17869742348486
3020102,-110.57005884485515
3020103,-137.09939696730342
3020104,-132.76985610037016
3020105,163.37062951488846
3020106,2107.2262265770637
3020107,-129.0645192060248
3020108,-121.2030945833449
3020109,-75.4693857713783
3020110,-55.49535316966175
3020111,-61.28099677819345
3020112,121.16974967632696
3020113,108.69980678171551
3020114,-58.67085731931301
3020115,-13.28011487220537
3020116,-8.841979161615921
3020117,-66.29722970669836
3020118,-43.72956178849817
3020119,132.75312157308073
3020120,2.665282424757795
3020121,59.78465537586836
3020122,70.91546498342105
3020123,107.36617700457755
3020124,94.98329709205082
3020125,269.5009812387695
3020126,76.02172167157796
3020127,-132.49322129327155
3020128,-112.4987165003502
3020129,-39.039429355709935
3020130,-63.763560784959544
3020131,-76.14810521850158
3020132,-107.12530089523607
3020133,-51.44110425820035
3020134,150.02157399172503
3020135,-81.76627423548943
3020136,-151.26427827167007
3020137,-115.87442043350829
3020138,48.159257601593445
3020139,2129.731937891995
3020140,-120.6270217823017
3020141,-123.92160544211428
3020142,-78.18745032099677
3020143,-5.232418666933238
3020144,-64.69480362443669
3020145,116.5882122052687
3020146,56.60034773119124
3020147,-66.38272318461877
3020148,27.438433417922813
3020149,13.055071235462226
3020150,-64.88072266372437
3020151,-42.716040892677746
3020152,133.21086733531885
3020153,3.877174379901778
3020154,35.071617893934864
3020155,71.52232991509227
3020156,107.97304193624878
3020157,77.71210618072855
3020158,276.9975590188671
3020159,65.65895553482706
3020193,-132.00788107286897
3020194,-136.7099375624155
3020195,-57.35841196387154
3020196,-339.2005193541434
3020197,-33.41429681229855
3020198,-134.11237010829134
3020199,-101.67231729373343
3020200,-49.615805432353945
3020201,-147.03124250237832
3020202,-180.71650628581372
3020203,-168.97649826719297
3020204,-209.1416143597393
3020205,1859.4790336068895
3020206,-101.03395076422798
3020207,-91.17570815541676
3020208,-19.462558813555045
3020209,-25.46796674173292
3020210,-31.253610350265756
3020211,127.00593172826389
3020212,75.41123451380936
3020213,-45.86810939412252
3020214,-70.31380887776895
3020215,4.067490244593689
3020216,-84.79412934476004
3020217,-61.420267067710746
3020218,109.19761026212764
3020219,-15.454935047691645
3020220,24.820208274054682
3020221,62.97293829943302
3020222,102.68315554858891
3020223,123.50696073630543
3020224,140.51223128692547
3020225,109.45479272465646
3020226,-139.61775007165377
3020227,-119.85895171574047
3020228,-107.32684265917014
3020229,1845.8504419280682
3020230,-70.65485218854228
3020231,32.86339389165297
3020232,-40.124334781113056
3020233,549.1671443238768
3020234,336.0736743457093
3020235,55.7067936075966
3020236,-18.88236193994616
3020237,-101.85611614486815
3020238,2128.112556366254
3020239,-97.89714982473076
3020240,-87.44792287967884
3020241,-23.523906456456
3020242,-7.314531129970458
3020243,-43.33780201697508
3020244,89.1285234831059
3020245,-26.504558503306992
3020246,-43.23630591103646
3020247,-46.88766608762334
3020248,42.65889443129819
3020249,-24.952377022164722
3020250,-14.45710441829014
3020251,153.5474104771922
3020252,28.595970723787747
3020253,79.09675694732705
3020254,103.30281459769022
3020255,110.15163458766092
3020256,196.5024945792304
3020257,43.64427605809734
3020258,25.69695426201243
3020259,-136.33659697113652
3020260,-116.33355676586034
3020261,-42.84742846345288
3020262,-113.72721388513018
3020263,-56.109911286078194
3020264,-79.46167881546971
3020265,-62.99300004107935
3020266,126.7933837240973
3020267,-103.31691602151095
3020268,-121.49693861363066
3020269,-113.40269828686569
3020270,-186.9325319242462
3020271,2081.7163802207333
3020272,-117.0944973653158
3020273,-123.90383433326183
3020274,-104.37984418085516
3020275,-58.56946579149193
3020276,-64.55043290784401
3020277,107.9957356882821
3020278,-54.57663461932206
3020279,-69.99619954068821
3020280,-85.41576446205345
3020281,-1.4975706790162735
3020282,-66.16796746823347
3020283,-40.76696293669173
3020284,132.31006691672084
3020285,7.6339503896985725
3020286,49.768158584540934
3020287,75.3319103563319
3020288,111.90194963171116
3020289,74.91847783350586
3020290,74.56914412628312
3020291,66.07371861298107
3020292,-130.49625093732064
3020293,-111.89627206755067
3020294,-39.71902262111579
3020295,553.6943028718445
3020296,-128.32593614880423
3020297,-76.46175943757844
3020298,17.248937118952387
3020299,130.5964416668041
3020300,-82.26880684175266
3020301,-36.28497980406545
3020302,-96.4635012424017
3020303,1125.3407365302567
3020304,1165.641632857779
3020305,-89.8933231509739
3020306,-103.67120274138806
3020307,-45.27398164866444
3020308,-26.67327838140731
3020309,-54.62948838842161
3020310,35.148494265848704
3020311,-52.24207500643187
3020312,-55.86425447479659
3020313,-59.48643394316131
3020314,1.0600663103179682
3020315,-61.77731528215717
3020316,-60.199852194618224
3020317,35.34933287346686
3020318,-2.988535848566055
3020319,23.52268716796853
3020320,49.39657359241138
3020321,78.21632404981774
3020322,109.97219464981863
3020323,96.66911826467931
3020324,84.01481646535849
3020325,-125.003037045163
3020326,-105.47299735596134
3020327,-113.21495145233602
3020328,221.0541564969346
3020329,-20.885009659422206
3020330,-38.2656271717431
3020331,-76.42898395642332
3020332,186.89264906702576
3020333,3.0453241043680532
3020334,4.764188282981383
3020335,-98.90306969363955
3020336,-124.18718783661
3020337,1724.7499657172127
3020338,-65.72009274997701
3020339,-81.73097431171202
3020340,-57.56974710103649
3020341,-65.47796913238021
3020342,-46.97105128176444
3020343,100.35743977958482
3020344,-69.76741663536613
3020345,-82.5559716205651
3020346,-89.76735716590501
3020347,-99.66744473576436
3020348,-77.51569113156965
3020349,-54.47999103604733
3020350,118.61047301486697
3020351,-1.7824429346253896
3020352,29.194818726494493
3020353,65.53609509205144
3020354,100.84650052268735
3020355,123.20712889298302
3020356,115.95625109284647
3020357,107.65772959286615
3020490,-92.92117779530126
3020491,-87.42868593419443
3020492,-16.21064810218631
3020493,149.09760374809704
3020494,-2.1564348856034417
3020495,-84.65874213547868
3020496,-75.0649536570243
3020497,12.555921762966324
3020498,-74.22205804736659
3020499,-28.208925149551572
3020500,-99.10250170479257
3020501,132.32557253814284
3020502,928.4530728530938
3020503,-86.01892244818002
3020504,-64.16987256971997
3020505,-44.07234368705807
3020506,-24.18677737920761
3020507,-4.301211071357823
3020508,102.0339590169694
3020509,6.494778684712362
3020510,-8.579189167439193
3020511,-23.653157019591884
3020512,-2.752626690032041
3020513,-36.34933522835335
3020514,-22.88323100652705
3020515,125.38072887061044
3020516,26.512639285577468
3020517,56.960420175198315
3020518,93.38176844183381
3020519,122.4296526978098
3020520,70.52638766180753
3020521,66.23672343901053
3020522,61.94705921620899
3020853,-92.44813112092997
3020854,-84.90501911863502
3020855,-15.64281862531315
3020856,186.1395328935334
3020857,-2.184894311629971
3020858,-81.27205422096885
3020859,-73.09867400057628
3020860,112.50283582721495
3020861,-87.89213926824395
3020862,-85.3210331856415
3020863,-99.70106240784234
3020864,154.00536021930785
3020865,1369.9232036942276
3020866,-86.02805045290272
3020867,-64.08448750130951
3020868,-44.420616214706946
3020869,27.01443100658226
3020870,-4.6494835990056735
3020871,153.90454255748202
3020872,6.376977061138138
3020873,-8.696990791014326
3020874,-23.770958643167244
3020875,-2.8800027818049716
3020876,-37.61526290861983
3020877,-4.083429185709786
3020878,141.39652857647863
3020879,28.082225418718924
3020880,56.310155001079885
3020881,92.73150326771447
3020882,125.13488293838755
3020883,71.37827727584882
3020884,69.01968447329428
3020885,62.866118521729014
3021216,-99.67449047541122
3021217,-100.99027372117307
3021218,-32.018143881922505
3021219,117.12420009837588
3021220,5.78269807133184
3021221,-86.40043117532768
3021222,-78.37354618902718
3021223,144.99597211819693
3021224,-75.6321474219274
3021225,-137.3397474505871
3021226,-91.66020587054554
3021227,110.35101122782608
3021228,1366.888011361921
3021229,-94.57388592851878
3021230,-75.87438156068474
3021231,-54.27889056313192
3021232,43.93258696324798
3021233,-15.102761647977143
3021234,154.61370779535125
3021235,-10.26316539789472
3021236,-25.984980251872724
3021237,42.25851752009813
3021238,23.828736414465045
3021239,-44.188490416321464
3021240,-29.12849323454638
3021241,127.9665602689126
3021242,18.20712787812882
3021243,52.563978005400905
3021244,90.01580631291445
3021245,104.44266265293682
3021246,192.70537096003702
3021247,49.15845122870288
3021248,43.0296080276864
3021579,-97.66156259527524
3021580,-95.09811467706713
3021581,-121.59207919993678
3021582,126.95504197297778
3021583,4.155028283504368
3021584,-88.24300165862478
3021585,-74.95903616359719
3021586,156.5968577108135
3021587,-85.91488377483238
3021588,-150.55864519247714
3021589,-93.9866500216638
3021590,145.09762624352206
3021591,1300.9371165643004
3021592,-93.6367214602963
3021593,-73.41394066671641
3021594,-25.62665712070456
3021595,-6.272033709253531
3021596,-12.894161925879228
3021597,146.34610365351816
3021598,-7.076498854379263
3021599,-22.150466706530818
3021600,-38.18613871813549
3021601,-17.343299753760487
3021602,-44.38862946125327
3021603,-25.38686643211285
3021604,136.42355324429738
3021605,22.06565074601777
3021606,53.35727922829502
3021607,89.77862749493325
3021608,111.82738299872126
3021609,183.76783396799303
3021610,56.47025111876129
3021611,50.34157092288043
3021942,-98.36083846043293
3021943,-90.07895899308168
3021944,-120.32376135814665
3021945,85.02421214873466
3021946,20.8233048892118
3021947,-73.90523023512542
3021948,-53.49227703992509
3021949,117.16011587585781
3021950,-92.36224404696968
3021951,-107.27966341188521
3021952,-79.2996855192453
3021953,334.4270670413228
3021954,817.6262050251092
3021955,-93.50995909267685
3021956,-88.17327395152772
3021957,-47.90225654847385
3021958,0.11680163393221621
3021959,-30.19764695854637
3021960,126.44418606652421
3021961,-20.629623214646056
3021962,-36.67800747721984
3021963,-52.7263917397925
3021964,17.711772561433197
3021965,-54.6369799459574
3021966,-30.398729038581035
3021967,134.16655173273531
3021968,14.920767538751267
3021969,46.6566555477909
3021970,83.07800381442594
3021971,101.57304458694189
3021972,70.52845317746706
3021973,46.033038373851205
3021974,39.90519312946727
3022140,-93.116546996326
3022141,-79.91975547071961
3022142,-13.371500717849624
3022143,194.7806210273313
3022144,-2.2987320157451836
3022145,-76.02649042811463
3022146,-65.23355537477691
3022147,166.22974476651981
3022148,-80.14554069009937
3022149,-140.78816881560377
3022150,-102.09530522003733
3022151,240.86166576465112
3022152,1558.1784100192388
3022153,-86.0645624717943
3022154,-64.99306550719477
3022155,5.793390057348194
3022156,25.6448890482413
3022157,-6.042573709601623
3022158,152.02684211293806
3022159,5.967958017864664
3022160,-9.16819728531372
3022161,83.39247556410756
3022162,43.6929919254737
3022163,-42.947388422133635
3022164,-19.086703629001743
3022165,145.28812224854866
3022166,27.471575925276017
3022167,54.89295266973769
3022168,90.13044257123757
3022169,126.55179083787353
3022170,162.8463253480961
3022171,80.15152861042607
3022172,71.84069044463304
3022173,-97.78230377793697
3022174,-91.70631061848944
3022175,-22.645812142781136
3022176,116.3873580542233
3022177,5.668860367212989
3022178,-86.73243235119007
3022179,-70.50842756322781
3022180,144.23081724588084
3022181,-68.09516120888456
3022182,-136.40618558987606
3022183,-94.05444868274144
3022184,197.81599495662024
3022185,1176.490557356694
3022186,-90.38691715401687
3022187,-75.53284128704188
3022188,-28.242533780505976
3022189,43.5414498525026
3022190,-15.553849921578415
3022191,141.28166021687318
3022192,-10.73437189219548
3022193,-25.808339744347943
3022194,-23.422854131897832
3022195,48.27388673872266
3022196,-48.37462487571455
3022197,-23.56179280734595
3022198,139.79894981375966
3022199,21.147818394042776
3022200,50.993397349802954
3022201,87.41474561643982
3022202,115.2635836152519
3022203,61.88142014655315
3022204,60.29029536583649
3022205,52.90081895592785
3022206,-97.96817542888566
3022207,-89.38531984282126
3022208,-22.077982665915254
3022209,120.8921126321613
3022210,5.640400941184641
3022211,-66.66904418738959
3022212,-68.54214790677979
3022213,146.96934770919708
3022214,-84.96258235350778
3022215,-148.22955265359613
3022216,-94.65300938578984
3022217,220.06237500128552
3022218,1292.2366094280621
3022219,-89.34017496039193
3022220,-75.44745621863073
3022221,-28.59080630815428
3022222,16.661014795690523
3022223,-15.66662198997805
3022224,148.06989634064936
3022225,-10.852173515770385
3022226,-25.92614136792353
3022227,-5.3622348901533705
3022228,25.844247687851936
3022229,-47.16135918281433
3022230,-22.2846691482553
3022231,139.6063804541602
3022232,20.897013631644047
3022233,50.343132175684524
3022234,86.76448044232093
3022235,117.9688138558292
3022236,170.15044220182173
3022237,63.073256400120236
3022238,55.11928576581132
3022239,-129.67942914033736
3022240,-159.92423150540597
3022241,-88.51072898321836
3022242,-189.15445905642153
3022243,-8.380991969785821
3022244,-793.9544615756029
3022245,-111.34311848107863
3022246,42.99539309586108
3022247,-60.543431925910035
3022248,-101.21251847224339
3022249,-48.920276856046065
3022250,-73.43837085528484
3022251,1641.3793407248572
3022252,-65.97125941478718
3022253,-97.92285865014428
3022254,-76.35717773854212
3022255,-4.417164304181636
3022256,-33.88524306973367
3022257,110.04665713477034
3022258,-47.54144648740752
3022259,-63.58983074997972
3022260,-23.186121410254867
3022261,-11.067008455974513
3022262,-32.90116876793744
3022263,-23.227640984389193
3022264,102.85120414898047
3022265,8.960832306228173
3022266,32.285068914916984
3022267,70.5564796188798
3022268,79.46979159226085
3022269,126.68129111090293
3022270,293.18489834103474
3022271,13.971014900863072
3020523,-100.04330473910777
3020524,-89.96921888901015
3020525,-113.6212807084983
3020526,278.3107878450821
3020527,-14.163379465310566
3020528,-232.11736269548126
3020529,-76.66288596680242
3020530,83.31957215407984
3020531,-57.23372521374021
3020532,-10.557240776756583
3020533,-91.21085659927739
3020534,-65.36450633440829
3020535,1349.6687151009023
3020536,-41.04754398146512
3020537,-75.25485402487656
3020538,-55.28082142315865
3020539,-35.30678882144256
3020540,-15.332756219725336
3020541,152.7790819420156
3020542,-0.2615965693337716
3020543,-15.314761223538692
3020544,-30.36792587774543
3020545,-46.10952340037037
3020546,-34.58876481894985
3020547,-24.392258854263485
3020548,136.90665748768035
3020549,21.57692568630792
3020550,54.7238687100382
3020551,92.99527941399829
3020552,123.0354052350569
3020553,161.8355626321388
3020554,63.50033583834939
3020555,63.33856843409077
3020556,-184.41470856408594
3020557,-214.65951092916183
3020558,-140.6236756854985
3020559,-430.96175644556644
3020560,-20.449059108325667
3020561,-906.1082904903294
3020562,-175.00796328356117
3020563,-223.96077233369104
3020564,-73.45866081295098
3020565,-115.46245315156175
3020566,-73.50981661833411
3020567,-161.990996373836
3020568,1465.54120584429
3020569,7.762874432782684
3020570,-78.12653476929181
3020571,-56.56085385769021
3020572,-9.808006684707419
3020573,-13.429492034484195
3020574,89.41164404170168
3020575,-37.85169866036362
3020576,-55.852769004120354
3020577,-45.31661719930688
3020578,-3.4762178790404437
3020579,-20.30920494783167
3020580,-3.790573718889657
3020581,88.17011509606228
3020582,26.59689610836104
3020583,44.57959899665931
3020584,66.9611205427952
3020585,96.67096347958996
3020586,65.14121190846545
3020587,136.0835727852702
3020588,30.34742561824915
3020589,-134.41802064071706
3020590,-157.08269962950615
3020591,-179.80560323932767
3020592,157.77826252858105
3020593,-62.142143375744844
3020594,-687.1498179699108
3020595,-144.48125039065852
3020596,103.70387776078788
3020597,-61.43035865443998
3020598,50.53517666571516
3020599,-42.39726009383211
3020600,-134.6597787515823
3020601,1352.5731460813165
3020602,-43.46334018136307
3020603,-94.14249794370271
3020604,-89.91098374702646
3020605,-70.92878211596626
3020606,-50.69808832714924
3020607,77.29029545524982
3020608,-43.27667944869453
3020609,-46.578864189881905
3020610,17.771687768239833
3020611,-2.687792935579448
3020612,-15.594874231311945
3020613,1.0546896275752329
3020614,128.37898378376642
3020615,32.92431656359232
3020616,47.161926158162
3020617,68.06309691358429
3020618,94.22550480026412
3020619,61.27010610916587
3020620,52.208048491113196
3020621,40.644611372441624
3020622,-125.87456290165464
3020623,-147.37254673169335
3020624,-170.1359012071105
3020625,203.87156042973695
3020626,-61.006269622291065
3020627,-476.9746953425445
3020628,-135.66365389729324
3020629,12.427098406359807
3020630,-49.83325886671245
3020631,-0.2911978893987839
3020632,-40.846388996844134
3020633,-134.2919575347817
3020634,1361.9531939839724
3020635,-65.68954426152759
3020636,-92.90241615662096
3020637,-88.67090195994551
3020638,-69.62412019050366
3020639,-49.767081954372124
3020640,79.49990242578583
3020641,-41.72757057995822
3020642,-46.37387485853177
3020643,-36.08679689794807
3020644,-25.799718937363462
3020645,-15.396258479020428
3020646,-0.10093904989461633
3020647,127.69726212865926
3020648,32.1237049839876
3020649,46.36131457855728
3020650,67.9130517654282
3020651,96.51752039532512
3020652,62.31347440724195
3020653,96.37200102852258
3020654,42.383947093125435
3020655,-159.78286889968038
3020656,-183.19462098457623
3020657,-109.57766566072569
3020658,-21.71729209789991
3020659,-48.397607935926125
3020660,-480.5561286672044
3020661,-154.9171014216179
3020662,43.492109426936814
3020663,-39.47292122904381
3020664,6.331121021413498
3020665,-38.280149816364236
3020666,-107.36576333692715
3020667,1065.217738708105
3020668,-58.42449938952158
3020669,-101.11533209841222
3020670,-68.92441691841059
3020671,-83.470076430775
3020672,-63.2533082127898
3020673,45.169468626183935
3020674,-77.38820361837001
3020675,-60.68728589571814
3020676,-44.43448679068323
3020677,-34.85452878041978
3020678,-26.777011079092784
3020679,-12.452309518994564
3020680,96.64044665318052
3020681,16.656680727209466
3020682,31.211175850311708
3020683,53.14094701951691
3020684,87.7312301430754
3020685,47.011875322875504
3020686,37.966123529211664
3020687,31.254095000753484
3020688,-116.0954109953007
3020689,-139.6600685627516
3020690,-67.2151003773386
3020691,-204.2736056623642
3020692,-43.38292298953346
3020693,-416.6842222564381
3020694,-143.08794836048108
3020695,-11.684719491614299
3020696,-89.28141782096445
3020697,-20.08815688588201
3020698,-80.48756253202309
3020699,-172.08217413740206
3020700,1615.2379503476197
3020701,-38.230264629213174
3020702,-80.373555853014
3020703,-60.49657709140187
3020704,-40.61959832979054
3020705,-20.742619568177627
3020706,121.50338435053318
3020707,8.04458021251408
3020708,-27.814327441875587
3020709,-39.89320763191407
3020710,-9.525510320597089
3020711,-19.47364902159988
3020712,-9.241079996177898
3020713,119.37273425642907
3020714,21.06070338250102
3020715,40.9027201679639
3020716,81.4764329259594
3020717,117.66315312687875
3020718,47.200184995273695
3020719,55.44713245373142
3020720,70.14912435289735
3020721,-107.21066282594875
3020722,-100.97801167983452
3020723,-34.08618017939333
3020724,188.8594292648315
3020725,15.34858162313795
3020726,-543.185538577766
3020727,-54.2468259343539
3020728,200.551009765016
3020729,-19.285272052929752
3020730,-2.10235524084673
3020731,-60.80205557999924
3020732,229.15341921062813
3020733,1115.0498811041484
3020734,-59.355869206094134
3020735,-83.5741113733831
3020736,-77.79983814954385
3020737,-58.716457797126886
3020738,-41.58523669494392
3020739,127.17384995334596
3020740,-38.55927397836448
3020741,-54.60765824093918
3020742,-70.65604250351207
3020743,-65.96225271332496
3020744,-59.22391205444209
3020745,-33.50589704204621
3020746,133.08394927526726
3020747,10.7490698894505
3020748,45.67825676060075
3020749,76.97032525126197
3020750,93.42084131447719
3020751,42.656071430322946
3020752,39.299588771289756
3020753,31.659426165578868
3020754,-103.68084726356646
3020755,-85.71481849969386
3020756,-19.067919062656795
3020757,157.22556330410154
3020758,-9.584425287958577
3020759,-574.5205651241365
3020760,-66.6125088462566
3020761,179.58688726702368
3020762,-94.06598032302354
3020763,-31.998388857163075
3020764,-86.16362668717674
3020765,40.81002881418984
3020766,1546.4160968694378
3020767,5.133115885144736
3020768,-81.65298510771201
3020769,-35.95545558964958
3020770,-41.844629738519
3020771,-21.959063430669442
3020772,142.72779690462332
3020773,-10.655084304950417
3020774,-25.811647045104376
3020775,66.6872165130837
3020776,-57.142750697676355
3020777,-46.67873348480797
3020778,-24.867985905882772
3020779,144.3802326199809
3020780,23.29987827597616
3020781,52.73069551741465
3020782,89.15204378404879
3020783,125.5733920506852
3020784,74.46700132836459
3020785,289.19855448863126
3020786,66.7260119101331
3020787,-109.55849939655927
3020788,-101.88488960125214
3020789,-28.97431719280466
3020790,-31.827275758089666
3020791,-24.49490086902078
3020792,-728.7621418310434
3020793,-82.0133052893605
3020794,102.1885082057981
3020795,-98.473215216676
3020796,-68.36796045497503
3020797,-101.28808521100045
3020798,-82.7553460557911
3020799,1773.32820359291
3020800,-4.9841961417444445
3020801,-90.50685219220672
3020802,-70.5328195904895
3020803,-24.799110778521975
3020804,-30.584754387055494
3020805,143.66783291946692
3020806,-13.957513140904933
3020807,-29.01067779511258
3020808,14.354508889595497
3020809,-15.893694692923685
3020810,-36.45007064085829
3020811,-26.151421607611876
3020812,125.15105556043837
3020813,9.668465821456454
3020814,46.5144832921039
3020815,80.12886440818757
3020816,119.73965537550266
3020817,112.03183601272868
3020818,227.06827257350162
3020819,49.02710733339173
3020820,-131.90706829163426
3020821,-118.226565660704
3020822,-104.54606302977736
3020823,863.2565945351009
3020824,-60.45721602238226
3020825,-470.1557803802687
3020826,-89.48375679588644
3020827,252.51077625330365
3020828,-0.6998358716689768
3020829,48.027028275791245
3020830,-12.419424383946346
3020831,-119.22352969766534
3020832,1643.128641198848
3020833,-32.44142349218013
3020834,-79.59618216131496
3020835,-75.27578847267755
3020836,-68.8521818667371
3020837,-49.12168924304755
3020838,72.66956865558787
3020839,-43.1733951660813
3020840,-38.83008085074815
3020841,-28.541928965387154
3020842,7.2745442151760535
3020843,-7.796333307721209
3020844,5.448210070237753
3020845,156.9616337183745
3020846,38.40038764640732
3020847,56.52319047755892
3020848,78.99399744060902
3020849,104.00745577724156
3020850,58.74251561033517
3020851,148.24517717059982
3020852,24.364947063773986
3020886,-113.09692608357982
3020887,-133.55129836445738
3020888,-60.75039401201756
3020889,-69.74601125243935
3020890,-8.694045656115843
3020891,-664.1139765709565
3020892,-89.71404226013037
3020893,101.02168980491588
3020894,-54.97139524213416
3020895,-67.2881877958278
3020896,-56.12482939229202
3020897,-90.683800249665
3020898,1617.992888651766
3020899,12.06327395346155
3020900,-102.60136723837267
3020901,-56.941060473803
3020902,-11.280753709232652
3020903,-42.0380684115128
3020904,115.55547334307921
3020905,-46.30603555637507
3020906,-62.38976583264597
3020907,-38.75490804678456
3020908,-40.173747455430465
3020909,-45.92177549495754
3020910,-37.46514627126434
3020911,106.15223984527866
3020912,3.050464384274353
3020913,39.757448386065526
3020914,73.86636558554319
3020915,89.79824617902086
3020916,122.45610577890302
3020917,304.21152565216124
3020918,25.3535833085236
3020919,-110.86035516829979
3020920,-111.51833594686723
3020921,-135.92012367372334
3020922,37.38169400429907
3020923,1.8129763033222912
3020924,-540.1303795239735
3020925,-61.00613129155753
3020926,107.03283030533858
3020927,-52.623532599759336
3020928,-91.16018310276085
3020929,-63.088922943642764
3020930,45.40560708949041
3020931,1542.9575718654423
3020932,-24.006032203111925
3020933,-99.92176070726434
3020934,-82.20104165512457
3020935,-10.626808501669341
3020936,-44.25992647065804
3020937,124.95200661212876
3020938,-42.00276071320085
3020939,-58.05114497577487
3020940,-74.09952923834753
3020941,-15.353122939201324
3020942,-57.817638410021836
3020943,-40.90659472084625
3020944,125.72492785512004
3020945,8.077643897626064
3020946,46.34905460158935
3020947,84.62046530554763
3020948,88.02703921359007
3020949,172.59517440813735
3020950,34.45371362670695
3020951,28.911626862674627
3020952,-108.74633028537828
3020953,-104.03759907893873
3020954,-31.23669472650617
3020955,241.89522686517122
3020956,-7.397586842390222
3020957,-243.6466096395168
3020958,-79.4272998170225
3020959,161.17154455395777
3020960,-16.825113375588256
3020961,15.039490717336054
3020962,-73.56064947950908
3020963,-99.31898227467904
3020964,1547.4116624885885
3020965,-48.730638057834575
3020966,-90.99252339034824
3020967,-19.557476169058457
3020968,-25.4466503179281
3020969,-31.335824466796833
3020970,128.08708801375607
3020971,-29.602193445686492
3020972,-45.622765678166424
3020973,-62.19851767610161
3020974,-46.342062399250416
3020975,-53.64190934317893
3020976,-31.368801313632314
3020977,131.70824488524497
3020978,15.124497928921944
3020979,49.443621266372894
3020980,83.04418331623647
3020981,112.89020796027872
3020982,146.1747844509375
3020983,243.0257645454137
3020984,54.34136118179705
3020985,-97.28781656347455
3020986,-103.66755380981958
3020987,-34.447122596050384
3020988,-53.889470542668995
3020989,2.5268439892726815
3020990,-79.63970094843062
3020991,-115.90273902895278
3020992,-51.18353846114932
3020993,-142.67852177689
3020994,-61.17486383172426
3020995,-147.6217511651894
3020996,218.1242243673245
3020997,883.6953227785011
3020998,-60.432458869080314
3020999,-52.95580338782296
3021000,-33.75230244494757
3021001,10.61417066999157
3021002,3.3403061357475576
3021003,62.54249172442584
3021004,-13.072842874228211
3021005,-30.38360664830706
3021006,-34.334846112334425
3021007,-5.162637840354176
3021008,-70.14412739362596
3021009,-54.10542673512308
3021010,117.36962158260413
3021011,4.162554813146659
3021012,36.85489687233777
3021013,73.23421417260461
3021014,109.61353147287282
3021015,130.94848852404786
3021016,124.64106909464427
3021017,117.83705216121298
3021018,-126.24686845456272
3021019,-142.6207428735968
3021020,-70.91925942992275
3021021,-61.28379829486111
3021022,-15.977618267001883
3021023,-98.0702254732103
3021024,-133.404088027565
3021025,74.04564459095236
3021026,-101.2731153941384
3021027,-140.94735209927947
3021028,-94.4330308262668
3021029,-172.26620476694555
3021030,1005.630471799408
3021031,-78.0843357229018
3021032,-84.37942401503976
3021033,-46.44424324077912
3021034,-0.7834901670590102
3021035,-34.05426447102972
3021036,89.25576330479471
3021037,-51.602108680896244
3021038,-68.99174134498053
3021039,-71.50780507145127
3021040,-61.32227941955606
3021041,-54.081053404552485
3021042,-46.90318106861722
3021043,104.58889001867892
3021044,1.4011554641822
3021045,39.634525233431496
3021046,77.86789500268033
3021047,103.13848584464922
3021048,48.9301461689358
3021049,44.824745503457244
3021050,40.0108079809963
3021051,-107.98754828127385
3021052,-90.50076079437603
3021053,-21.8953511728494
3021054,325.5342556290954
3021055,-27.792269617292543
3021056,-74.78217550928893
3021057,-29.223564344833715
3021058,91.74208182964522
3021059,-75.4709904469044
3021060,-17.013490839043055
3021061,-90.06512853350823
3021062,327.2346900024104
3021063,1226.311848557112
3021064,-71.99334164012502
3021065,-68.05846507479184
3021066,-68.30790683864352
3021067,-35.248465527437055
3021068,-45.25027961174809
3021069,20.6997646413508
3021070,-57.19039297170483
3021071,-68.64418099238769
3021072,-72.28716365869859
3021073,-11.802662604721075
3021074,-72.05244380472031
3021075,-47.193586639632294
3021076,124.28316743166188
3021077,7.40985387268093
3021078,34.83123061714078
3021079,70.78868458911275
3021080,105.095775532661
3021081,79.19362921869488
3021082,72.54707701829575
3021083,64.60066401188142
3021084,-110.93083392097724
3021085,-98.28497747491456
3021086,-122.06921444229992
3021087,110.00659465134704
3021088,-30.42743037525251
3021089,-112.06534400688433
3021090,-114.1434464457805
3021091,-1.3421725468604495
3021092,-97.29735820315618
3021093,7.29638609640752
3021094,-106.0914687550915
3021095,-185.14023906276273
3021096,1458.37547932334
3021097,-85.5970914381101
3021098,-79.66740701890892
3021099,-59.910106642752716
3021100,-40.1528062665955
3021101,-20.395505890439193
3021102,80.39316967010423
3021103,-19.40711136379927
3021104,-35.00844695131472
3021105,-54.57414543851136
3021106,23.449213561854965
3021107,-43.369654573645484
3021108,-24.91813837871295
3021109,131.9108386769005
3021110,22.29229999230184
3021111,51.762419435037565
3021112,88.1417367353044
3021113,124.52105403556989
3021114,93.94323793478698
3021115,91.90496804398408
3021116,88.3324582070115
3021117,-128.13853597755113
3021118,-150.5020857903535
3021119,-78.588698356655
3021120,-150.06715612127735
3021121,-19.0657836167109
3021122,-105.7643307838578
3021123,-149.47494510296818
3021124,104.32650989874601
3021125,-127.59046097442642
3021126,-84.81945430250362
3021127,-101.82518747992872
3021128,-179.60884826855593
3021129,1257.1958796436172
3021130,-71.68856179413255
3021131,-77.35039158116494
3021132,-69.3880354740027
3021133,29.649742199974032
3021134,-29.87260832549877
3021135,86.57078680561172
3021136,-47.91886497730733
3021137,-70.23114945362049
3021138,-72.69146506768702
3021139,15.705135890512071
3021140,-54.25363630704377
3021141,-46.336542649901084
3021142,104.76045151837953
3021143,1.9382669932112617
3021144,40.129605796092356
3021145,80.22897079921695
3021146,109.70209162685269
3021147,55.0882651272702
3021148,52.0492479663155
3021149,47.66043063123262
3021150,-103.83765539900087
3021151,-88.29701817547429
3021152,-21.748763422597033
3021153,343.56462686022786
3021154,-21.888672123045392
3021155,-513.2377596668055
3021156,-92.1766947029926
3021157,160.00577054631887
3021158,-128.0830059758853
3021159,-127.3494312054816
3021160,-103.00252453221565
3021161,-25.96729983415018
3021162,1596.6368852137343
3021163,16.91986642815387
3021164,-70.05111001449272
3021165,-23.185975500654234
3021166,-3.869115786935065
3021167,-12.732605865528324
3021168,111.08000688581974
3021169,-18.989095664600693
3021170,-37.744363283473184
3021171,-56.49963090234659
3021172,-26.89990837422719
3021173,-54.16514040997826
3021174,-31.1305142392337
3021175,134.22237508882537
3021176,21.803187813928805
3021177,49.796765842214164
3021178,80.23388837534658
3021179,116.61320567561525
3021180,131.55396067687226
3021181,127.14617328693039
3021182,119.94988462290776
3021183,-104.05709126543552
3021184,-87.72918869860113
3021185,-83.1684601845216
3021186,372.29840139803053
3021187,-21.91713154907192
3021188,-490.15730574939045
3021189,-90.31957213844252
3021190,160.61015903467361
3021191,-128.00112359577432
3021192,-126.89026579123838
3021193,-103.83654712474736
3021194,8.18198983068972
3021195,1615.6591307871822
3021196,-9.531325938391586
3021197,-70.4156380218024
3021198,-23.72617137173692
3021199,20.640301743201196
3021200,-14.059612639644268
3021201,105.28604335051769
3021202,-21.40563278310655
3021203,-40.16090040197995
3021204,-57.47755537048878
3021205,-6.592664338141088
3021206,-55.421141410785175
3021207,-32.38651524004016
3021208,132.06050564289828
3021209,21.401986274833877
3021210,49.4807222822994
3021211,92.2484211220637
3021212,115.97527967524475
3021213,154.75759165270276
3021214,129.39212104332702
3021215,122.19583237930347
3021249,-129.47979398890928
3021250,-150.17435649461802
3021251,-173.67351283156202
3021252,68.70020575038434
3021253,-27.79157579377424
3021254,-617.6846203486646
3021255,-130.12522690062795
3021256,117.96349991404095
3021257,-45.08960549095699
3021258,33.24204943350943
3021259,-59.64462620177236
3021260,-155.4483387687474
3021261,1208.9703900727066
3021262,-37.79580535483152
3021263,-85.79127144485078
3021264,-81.65908191005546
3021265,-63.05581808959668
3021266,-42.68716151799848
3021267,81.94990151684802
3021268,-57.966741344511355
3021269,-75.8163622029072
3021270,-65.63083655100927
3021271,-55.44531089911087
3021272,-46.14221536316726
3021273,-38.96434302723154
3021274,93.49418177016214
3021275,-0.5269373214198754
3021276,34.816661210575795
3021277,74.33755532563892
3021278,105.62527627699201
3021279,51.83638505268183
3021280,47.75790465000065
3021281,42.27740279306064
3021282,-143.41482433061063
3021283,-167.35098916061796
3021284,-191.28715399063984
3021285,-263.76946758708874
3021286,-40.290202227470935
3021287,-650.2089619323367
3021288,-153.56312638627494
3021289,-52.113267441568304
3021290,-15.853616979820611
3021291,-27.70010037679894
3021292,-81.61785067799637
3021293,-172.8479749854071
3021294,1743.756685319217
3021295,21.230262667699055
3021296,-78.32545957000802
3021297,-40.28012630703828
3021298,-20.306093705321285
3021299,-26.593176709603807
3021300,99.96299850107239
3021301,-31.51584836135093
3021302,-53.85411512014688
3021303,-54.45650017064853
3021304,-8.99154711125156
3021305,-33.87865269496232
3021306,-23.5382141646035
3021307,108.62504504083309
3021308,12.676829840958096
3021309,40.11232646885011
3021310,76.78350698241884
3021311,114.97484578530039
3021312,77.75541129993026
3021313,75.73907719290874
3021314,69.60702101211628
3021315,-128.50394701730946
3021316,-144.78568552309187
3021317,-168.2848418600395
3021318,197.38463950486877
3021319,-27.804066545516246
3021320,-571.6300255052254
3021321,-125.04882316422918
3021322,124.15852091490633
3021323,27.72624998734246
3021324,3.733248337171251
3021325,-60.20666317390377
3021326,-156.80595610394064
3021327,1248.76252399949
3021328,-61.02043731082464
3021329,-86.64899299921926
3021330,-55.8489688723162
3021331,-63.78437936720551
3021332,-44.149521129445965
3021333,81.22687637235727
3021334,-57.81150102080168
3021335,-76.56946148778825
3021336,-68.1067269241651
3021337,-35.128547897702255
3021338,-48.24213797212614
3021339,-41.06426563619315
3021340,96.77327012005499
3021341,0.7582936317741837
3021342,36.15440622160869
3021343,74.34574502448795
3021344,107.76059157233631
3021345,53.553596999279954
3021346,49.46660400452421
3021347,43.98610214758374
3021348,-117.76142051290917
3021349,-100.97445606299407
3021350,-121.66296328929347
3021351,209.42347173897653
3021352,-8.846493395364444
3021353,-481.20817534594136
3021354,-69.06376575131326
3021355,208.1996179197133
3021356,-11.308824260529757
3021357,-23.62561681422157
3021358,-64.46823859429405
3021359,-130.23493519378533
3021360,1646.2715959804186
3021361,-42.38926867236038
3021362,-101.314343551401
3021363,-87.66003003761493
3021364,-42.11847273236439
3021365,-50.623980335232126
3021366,108.27461389139576
3021367,-53.130633500728244
3021368,-69.61251542791369
3021369,-86.1871935010734
3021370,-76.89624839569642
3021371,-54.722802107933866
3021372,-32.14013515308151
3021373,134.57135439702253
3021374,12.309893754214688
3021375,43.71415764429977
3021376,79.44262720022944
3021377,111.09062029660454
3021378,59.021290959153895
3021379,57.68596359402837
3021380,51.28479058691229
3021381,-132.60781375984405
3021382,-156.39107310730358
3021383,-180.17433245477767
3021384,-72.79380122547882
3021385,-40.91193621914571
3021386,-569.2881906260543
3021387,-125.60154023764953
3021388,92.22960176078887
3021389,-49.8393343746391
3021390,53.66389564792845
3021391,-50.103791730853835
3021392,-155.73080191144007
3021393,1671.9586839657854
3021394,-14.729683793692669
3021395,-86.09045820709166
3021396,-81.95826867229543
3021397,-69.96402298788625
3021398,-48.5261948098835
3021399,63.26561142882425
3021400,-60.57253086013569
3021401,-66.32611784858027
3021402,-56.14059219668369
3021403,9.136614449732594
3021404,-35.76954089288919
3021405,-21.971377890305842
3021406,100.4328141702119
3021407,6.407864874229933
3021408,30.187122448061206
3021409,72.68710256823006
3021410,106.48149993832904
3021411,60.3824929802233
3021412,54.35225465966251
3021413,48.322016339099456
3021414,-121.52791389144367
3021415,-109.90415504364027
3021416,-133.40331138059517
3021417,199.47131135912898
3021418,-22.604419901956856
3021419,-221.20019021175975
3021420,-83.95735721641613
3021421,234.67395954010973
3021422,30.05586438832889
3021423,-16.530701706457688
3021424,-55.43554096954794
3021425,-149.55650148379166
3021426,1415.0522053129337
3021427,6.040105689949957
3021428,-102.48790117027129
3021429,-93.67108019904758
3021430,-47.30463017303945
3021431,-56.57965461440521
3021432,86.49305085249462
3021433,-63.61681116677895
3021434,-80.19148923993752
3021435,-78.1139766389404
3021436,-27.76616068184539
3021437,-56.602298654728465
3021438,-42.02935262091322
3021439,117.22814955482109
3021440,3.0768186045344987
3021441,40.65666345474184
3021442,78.89003322399249
3021443,103.3868629010578
3021444,49.86038810190822
3021445,46.39598567687491
3021446,43.37321230352719
3021447,-108.09970049116855
3021448,-87.47269702739759
3021449,-70.46564631129404
3021450,508.0073504927779
3021451,-50.75810471909498
3021452,-357.774536869875
3021453,-62.259800589647774
3021454,260.2725092798166
3021455,-59.32349361814867
3021456,-100.1400093261007
3021457,-108.876867747905
3021458,411.16694538513167
3021459,1677.7602425116672
3021460,-40.951907625050616
3021461,-84.15314136912347
3021462,-65.64663671660337
3021463,-19.779388287590375
3021464,-28.633627411561786
3021465,84.9045688156627
3021466,-43.57123895808585
3021467,-53.895553585018014
3021468,-57.517733053382734
3021469,-20.664866833853733
3021470,-63.89715875793744
3021471,-40.86253258719197
3021472,110.79386172253972
3021473,20.060643533893842
3021474,48.655239732742494
3021475,76.62892327152004
3021476,110.33114284130279
3021477,145.51818231258787
3021478,130.69937027476246
3021479,119.54442008307724
3021480,-129.75248901572448
3021481,-117.62511966696438
3021482,-59.9640510574416
3021483,197.24719213375212
3021484,-41.71697821962588
3021485,-111.53880372810345
3021486,-126.36742911904075
3021487,103.83595214265297
3021488,-45.95189119245223
3021489,-144.01522358608216
3021490,-80.22297540028812
3021491,-167.22740795254643
3021492,1095.8466172332667
3021493,-64.66392565648054
3021494,-60.46321035329735
3021495,-56.26249505011405
3021496,1.9861365008436747
3021497,-43.79768264355247
3021498,60.00759752751147
3021499,-69.43889831560345
3021500,-68.89633120479066
3021501,-58.63350689746657
3021502,-3.8771614119416813
3021503,-40.37418996249725
3021504,-33.11901897113629
3021505,94.9075798166652
3021506,3.3494086081020282
3021507,38.16965732777563
3021508,76.49204863352288
3021509,114.80271469062855
3021510,64.34970836611156
3021511,59.15394382157793
3021512,52.9743716133764
3021513,-114.58164899495277
3021514,-95.72746799007182
3021515,-27.961734344883364
3021516,250.00820032899102
3021517,-14.433254346581446
3021518,-98.18485243344257
3021519,-68.8299423134602
3021520,180.458162560398
3021521,-90.33047844930643
3021522,-44.19614713568243
3021523,-103.07038100835989
3021524,9.110328507656806
3021525,1673.0426475667591
3021526,-77.32929552211378
3021527,-85.31549409719518
3021528,-47.272160693971536
3021529,50.88628305409039
3021530,-37.759651032524324
3021531,116.12134314529176
3021532,-51.31450380713776
3021533,-70.06869750123433
3021534,-78.99281706059973
3021535,-23.99972769874311
3021536,-60.96505361902408
3021537,-38.651805611314366
3021538,127.94573660189981
3021539,11.754957158658915
3021540,39.37547544231003
3021541,73.16601506614343
3021542,109.54932239806585
3021543,104.70652573984098
3021544,98.99754402719982
3021545,91.37141275829727
3021546,-144.5466918510381
3021547,-130.96290450915947
3021548,-71.97632129602316
3021549,1108.3167281091803
3021550,-45.20764107506765
3021551,-467.0712712269786
3021552,-76.2837565209018
3021553,475.3105195325017
3021554,72.65005762087749
3021555,22.868510536740548
3021556,-10.441655164578872
3021557,-145.33647138399172
3021558,1811.7608399273918
3021559,131.2131491769321
3021560,-53.22441096961885
3021561,-42.3997483079036
3021562,-36.518918400969405
3021563,-30.872823628509007
3021564,43.688215298434635
3021565,-43.37227204486252
3021566,-33.10944773754026
3021567,4.300315966838941
3021568,30.70156257881236
3021569,0.8838661777428638
3021570,15.101908266565903
3021571,134.17564762309368
3021572,44.79344964618004
3021573,67.23484360165612
3021574,94.61369108505478
3021575,96.87268287952266
3021576,42.603405931288044
3021577,513.2779415002635
3021578,29.008228579343456
3021612,-125.32188973062402
3021613,-112.27605573951114
3021614,-132.0725335141931
3021615,198.52343732503616
3021616,-31.911737991006515
3021617,-488.81344939577394
3021618,-87.39165733484042
3021619,234.67443814494365
3021620,24.6999543125814
3021621,-11.933760923643415
3021622,-53.53398890818497
3021623,-150.09799456651993
3021624,1628.5621656604499
3021625,-40.668871636241
3021626,-94.98176934121948
3021627,-38.137418356203206
3021628,-51.1880459786203
3021629,-61.04363268253591
3021630,81.43565860306462
3021631,-69.8097892449885
3021632,-86.3844673181482
3021633,-74.01978311889961
3021634,-39.148723756860626
3021635,-54.28824351457187
3021636,-43.80929229207667
3021637,112.95507800105607
3021638,3.0331022222823845
3021639,38.16298913816782
3021640,76.35473689355258
3021641,109.74313811304246
3021642,56.01244345781853
3021643,51.76972667177116
3021644,46.289224814831606
3021645,-119.43980423839712
3021646,-100.78133879990382
3021647,-35.02069820114301
3021648,312.7442195453961
3021649,-25.238177051935775
3021650,-104.9495389434076
3021651,-76.2705440471298
3021652,185.6944396305873
3021653,-102.69349291698636
3021654,-122.17887173278523
3021655,-91.42755968923557
3021656,-170.04565603093036
3021657,1704.6745569312664
3021658,-82.61509020378485
3021659,-95.8071300120926
3021660,-58.93183898395845
3021661,-39.04585947801301
3021662,-48.73941945437563
3021663,104.27398633602543
3021664,-53.903511447679
3021665,-69.5037731104183
3021666,-85.10403477315758
3021667,-27.693874400940143
3021668,-47.111118361581966
3021669,-26.715047639617108
3021670,135.42401805594702
3021671,15.572631319717136
3021672,44.20065260033899
3021673,77.93029951178978
3021674,114.27157587734355
3021675,90.68268746653594
3021676,88.46890044143875
3021677,81.76775910492752
3021678,-126.0995881022598
3021679,-112.38796077530314
3021680,-57.503174732805554
3021681,433.5377685120213
3021682,-39.3068199877678
3021683,-110.92263134362547
3021684,-95.96994216439161
3021685,145.39734150376282
3021686,-68.12600972550062
3021687,-134.38014302326772
3021688,-74.9708313672666
3021689,-161.23459485951778
3021690,1339.3118350802126
3021691,-65.36606204961952
3021692,-61.20041669312369
3021693,-56.999701389939936
3021694,-24.168962675274127
3021695,-44.32699571374341
3021696,66.89556041280248
3021697,-66.42523723577305
3021698,-73.49881848386012
3021699,-63.23599417653603
3021700,7.811480992653021
3021701,-44.03675783107909
3021702,-36.78158683971723
3021703,107.87039991814954
3021704,7.146072390646811
3021705,43.962571877823585
3021706,82.28529381043946
3021707,120.35048967951225
3021708,66.38327926103666
3021709,61.16623323631685
3021710,54.091304536109156
3021711,-111.97910853322428
3021712,-90.96192777117794
3021713,-21.601358188144143
3021714,574.1603477759938
3021715,-65.45155589445203
3021716,-320.63161761062
3021717,-71.048467065574
3021718,278.8271884713733
3021719,-122.31896133198534
3021720,-158.74944189347642
3021721,-109.63193861532163
3021722,208.01567892018554
3021723,1640.7465063496968
3021724,-11.624322546800425
3021725,-84.88191267157008
3021726,-38.66256578967276
3021727,-19.959269437071537
3021728,-29.15682140884773
3021729,63.23763044228891
3021730,-48.25328756620301
3021731,-55.519407088786274
3021732,-59.761788785826674
3021733,-6.564584615746565
3021734,-67.79475154022184
3021735,-44.57942862810322
3021736,100.26128905135575
3021737,19.20100149718765
3021738,49.2540687137791
3021739,77.63733080610673
3021740,111.34738411716599
3021741,140.11182215038
3021742,132.42996800541252
3021743,121.4657397888429
3021744,-130.00364957684613
3021745,-119.99588315806504
3021746,-40.54918398686895
3021747,-149.99354965232376
3021748,-16.10338831054541
3021749,-41.07505833596114
3021750,-54.93249561131851
3021751,205.7834859310362
3021752,-43.75620146144846
3021753,-109.50632990714512
3021754,-72.67027766006531
3021755,-106.23397141062564
3021756,1981.907310273341
3021757,-103.56931916691649
3021758,-115.75620876301336
3021759,-79.48031780495039
3021760,-7.859009788811175
3021761,-68.21389201180482
3021762,105.3391791820497
3021763,82.78206356537994
3021764,-80.57193261458023
3021765,34.320415182108455
3021766,-1.5656540333818998
3021767,-67.65260310307058
3021768,-43.64642897696812
3021769,122.89390861720422
3021770,4.156426322440172
3021771,61.14109125243677
3021772,79.6852688781084
3021773,98.79552419021202
3021774,116.2451554375527
3021775,268.046233950077
3021776,38.36302354677783
3021777,-129.96414636645093
3021778,-109.90184650775227
3021779,-36.44255936311564
3021780,-133.19428727106313
3021781,-57.418607114211035
3021782,-49.88277397682467
3021783,-53.277770827807025
3021784,222.44102335788486
3021785,-84.97940849625665
3021786,-117.76488696755477
3021787,-110.20593015021522
3021788,-102.09887729502434
3021789,2074.3104325937384
3021790,-122.34246846610317
3021791,-121.62083284321925
3021792,-101.64660031760154
3021793,-2.996733206579431
3021794,-62.13787245382495
3021795,121.62103886029463
3021796,108.21485836984284
3021797,-64.60239861208701
3021798,-19.79068229075055
3021799,-24.70519800364745
3021800,-64.7134035088914
3021801,-39.394789706484325
3021802,132.1196379755431
3021803,7.037005562217207
3021804,46.57832103164284
3021805,75.44740268659707
3021806,111.89811470775403
3021807,151.094033887495
3021808,272.1194012646294
3021809,58.72117605967306
3021810,-130.72075896576533
3021811,-110.72625417284398
3021812,-37.26696702821099
3021813,-108.29418024826809
3021814,-84.6899329118758
3021815,-67.7214947591081
3021816,-56.91283769532564
3021817,203.50744963551935
3021818,-100.80622387685416
3021819,-135.04593150664712
3021820,-129.56643506772824
3021821,89.83952448587566
3021822,2086.9641237871547
3021823,-130.11475433114734
3021824,-120.12785426920281
3021825,-100.1538216674865
3021826,-1.4359633981980937
3021827,-60.20575646405204
3021828,125.0154673242716
3021829,110.22619729266098
3021830,-57.867311323632556
3021831,11.130175733843505
3021832,16.204801759564095
3021833,-63.397276574703746
3021834,-41.232594803654855
3021835,133.64841455458028
3021836,3.9906991376789915
3021837,61.95853276910449
3021838,72.86382872191889
3021839,109.31454074307676
3021840,144.12265991638625
3021841,279.11058736483227
3021842,71.31663152234678
3021843,-131.37172554764655
3021844,-111.37722075472884
3021845,-37.91793361009221
3021846,-67.52869810177144
3021847,-89.4257689531867
3021848,-67.18385827249658
3021849,-56.55188411475573
3021850,175.88984977167476
3021851,-102.05283304457753
3021852,-136.28387827289296
3021853,-131.07756079634353
3021854,128.2030394196773
3021855,2128.7444135274955
3021856,-129.65431695882504
3021857,-120.74099833280506
3021858,-48.84657280718583
3021859,-2.0341196710867666
3021860,-60.818900527654286
3021861,117.70301233075516
3021862,107.78273573672205
3021863,-58.27044318912957
3021864,59.18591235777259
3021865,-6.5888108426568515
3021866,-64.89685189617539
3021867,-42.57063234985598
3021868,129.75445948334092
3021869,3.2499994689853406
3021870,35.138701033149765
3021871,73.0935768652018
3021872,108.32618622657283
3021873,89.08358765819521
3021874,257.8690446529228
3021875,73.13036782146146
3021876,-132.0226921295314
3021877,-112.02818733660278
3021878,-38.56890019196616
3021879,-73.56918635142829
3021880,-94.16160499448851
3021881,-125.88158802346406
3021882,-56.190930534184
3021883,193.7704721902239
3021884,-111.03453599440108
3021885,-137.52182503913517
3021886,-133.02201258611674
3021887,166.56655435348043
3021888,2120.6901300893996
3021889,-129.1938795865034
3021890,-121.35414239640777
3021891,-49.44472908007382
3021892,-29.504763795313732
3021893,-61.43204459125585
3021894,124.158385765598
3021895,110.5818722810338
3021896,-58.72595745275138
3021897,59.070206422194325
3021898,36.313863927997055
3021899,-66.46178787661647
3021900,-43.908669896054825
3021901,132.54954052113155
3021902,2.5092998002885065
3021903,44.09580126529746
3021904,70.8871196889133
3021905,107.3378317100698
3021906,94.57011161372448
3021907,259.4158416626594
3021908,76.33839381149592
3021909,-132.50021762819486
3021910,-112.50571283526624
3021911,-39.04642569063325
3021912,-55.94330441134915
3021913,-76.36195127943647
3021914,-85.25058338881608
3021915,-51.83395650551828
3021916,218.13314256142368
3021917,-82.23075138503536
3021918,-122.71667403253177
3021919,-116.2504330646746
3021920,51.35518244018598
3021921,2129.371791830475
3021922,-120.77104584554392
3021923,-124.07263289780262
3021924,-78.33847777668443
3021925,-5.38836882411287
3021926,-64.82989650994595
3021927,116.48059608021704
3021928,96.88182414338117
3021929,-66.43782331805805
3021930,27.352581155288323
3021931,-9.558808304484767
3021932,-65.05983077128239
3021933,-42.89514900023668
3021934,134.72412109103263
3021935,3.721191755429761
3021936,35.0432725994253
3021937,71.49398462058498
3021938,107.94469664173921
3021939,77.91136115679201
3021940,289.70075916440254
3021941,67.35387477831792
3021975,-132.01487740779228
3021976,-136.84389895141683
3021977,-57.55247332587059
3021978,-221.82515218545157
3021979,-33.628142873233436
3021980,-134.4587046731638
3021981,-102.39392502847004
3021982,-65.22522370507686
3021983,-139.7606258698186
3021984,-152.16890204667087
3021985,-169.3525108983579
3021986,-205.94568952114471
3021987,1867.5551200981963
3021988,-101.16331114470624
3021989,-91.32675596847939
3021990,-45.593047156511865
3021991,0.3214359566520284
3021992,-31.40465816332839
3021993,98.72204259437576
3021994,111.47321673707047
3021995,-45.91609621503384
3021996,-70.35422617808335
3021997,3.990123699857311
3021998,-84.95220379781885
3021999,-61.58487814757408
3022000,109.26692005610057
3022001,-15.609780492648763
3022002,20.977172715786043
3022003,62.89023579151418
3022004,102.65668444846888
3022005,121.7635217977524
3022006,152.48768124051978
3022007,111.28659696171071
3022008,-139.62351884579655
3022009,-119.91683160726352
3022010,-53.919437266575905
3022011,1883.4267526370998
3022012,-71.00737629113682
3022013,32.62577804884969
3022014,-40.29258251866376
3022015,548.9415610770404
3022016,335.7533177912357
3022017,61.47117566131893
3022018,-19.26102144232463
3022019,-130.57794839711622
3022020,2318.3714032731727
3022021,-98.02063614207025
3022022,-87.57140919701878
3022023,-52.41265110188832
3022024,-7.480879692509273
3022025,-43.48723961020418
3022026,82.1888457667048
3022027,-26.561837933887812
3022028,-43.262520028376265
3022029,-47.03957271433482
3022030,42.48412110889986
3022031,-25.120214935403776
3022032,-14.624942331529649
3022033,156.6343716444005
3022034,28.453601350754713
3022035,78.95968735017114
3022036,103.2844498733045
3022037,110.35050611187962
3022038,419.1588714306201
3022039,43.83369230209765
3022040,25.693567293897292
3022041,-136.3435933060562
3022042,-116.33932880256798
3022043,-42.853200500149605
3022044,-121.33234183083623
3022045,-56.336326744240786
3022046,-57.562681292273545
3022047,-63.38449873777862
3022048,181.04843934282982
3022049,-95.9998257302148
3022050,-150.83386702840997
3022051,-113.71837862157172
3022052,-186.68485237298935
3022053,2084.2699673714624
3022054,-117.24052592826074
3022055,-124.07080403425861
3022056,-78.76539677668352
3022057,-32.8060580634149
3022058,-64.70527739163553
3022059,104.78868303012241
3022060,-54.63391404990197
3022061,-70.05347897126948
3022062,-85.47304389263563
3022063,20.225254772903288
3022064,-66.32638867595851
3022065,-40.926763817963355
3022066,133.69984859567396
3022067,7.451254272378453
3022068,38.7228477539331
3022069,75.30020084361259
3022070,111.87024011899412
3022071,75.12194301106656
3022072,74.89002646769468
3022073,66.39509453578849
3022074,-130.521575032936
3022075,-111.92159616316967
3022076,-39.74434671673479
3022077,542.550727847379
3022078,-128.62159879794015
3022079,-58.47850537971025
3022080,16.88523777854535
3022081,166.88766630167467
3022082,-77.55051329319103
3022083,-124.03167717119986
3022084,-96.63494439283868
3022085,1124.4780194349817
3022086,1180.1353630739163
3022087,-90.08102726847783
3022088,-103.81182515740129
3022089,-98.08054158545319
3022090,-26.83895862616127
3022091,-54.78513595144799
3022092,35.029820861091785
3022093,-52.31205889016568
3022094,-55.93423835853063
3022095,-59.556417826893075
3022096,0.9058743544403183
3022097,-61.84288252121022
3022098,-60.212674031962514
3022099,46.46950229435625
3022100,-2.979843587016869
3022101,23.538090899311744
3022102,49.44051320291347
3022103,78.32258338323545
3022104,110.02143403619466
3022105,96.77403083430382
3022106,84.11972903498345
3022107,-125.01924153870532
3022108,-105.4836254013233
3022109,-113.41064409029313
3022110,167.52229467344952
3022111,-21.09885572035891
3022112,-407.42806944943624
3022113,-77.20301007827474
3022114,229.96429905464376
3022115,2.666072781481678
3022116,-2.9568196099624333
3022117,-99.08943424975523
3022118,-142.23247387478605
3022119,1810.9259609132732
3022120,-17.956358378348835
3022121,-81.8769885078098
3022122,-83.17231900736083
3022123,-65.64059138506609
3022124,-47.133673534450544
3022125,102.7263699874522
3022126,-69.8453829657822
3022127,-82.6259025943521
3022128,-89.80622282645099
3022129,-78.0776643005659
3022130,-77.68316633353952
3022131,-32.69797442530834
3022132,117.63877343091754
3022133,-1.9035475097469248
3022134,29.16338607004737
3022135,65.50466243560386
3022136,100.97182063161218
3022137,123.51999630540168
3022138,116.26911850526467
3022139,109.0182407051304
3022272,-93.07371090671477
3022273,-89.56220734034541
3022274,-16.76130298790194
3022275,145.3909666732263
3022276,-2.528539161698784
3022277,-18.725732524130574
3022278,-74.68243545769546
3022279,89.05425069239864
3022280,-98.51921594528612
3022281,-142.63737421724343
3022282,-99.2522471362311
3022283,102.09243055296811
3022284,967.609100754188
3022285,-86.6836249086537
3022286,-64.82252119688762
3022287,-44.57677155984019
3022288,1.0835352047299307
3022289,-4.805638944140167
3022290,125.49143683131747
3022291,5.360468010106349
3022292,-9.713499842045433
3022293,-24.787467694199034
3022294,-22.302492616713874
3022295,-36.70637010801264
3022296,-23.932577332432896
3022297,124.31698606244318
3022298,25.379553504219718
3022299,56.169841299441224
3022300,92.63941990580197
3022301,121.70312539290826
3022302,192.0145223576853
3022303,65.55320293937957
3022304,59.39833827908998
3022635,-92.60066423234711
3022636,-87.03854052477509
3022637,-15.720732804550419
3022638,163.9626165180991
3022639,-2.5569985877362273
3022640,-95.20425781250087
3022641,-72.71615580124562
3022642,53.361090658552904
3022643,-103.75708971481144
3022644,-155.18243344215787
3022645,-99.8508078392786
3022646,123.77221823413511
3022647,1188.2692878495438
3022648,-86.69275291337651
3022649,-64.73713612847682
3022650,-19.150303630769297
3022651,0.7352626770809434
3022652,-5.153911471788472
3022653,101.01571280499111
3022654,5.242666386531216
3022655,-9.831301465621475
3022656,-24.905269317774394
3022657,-3.9981185530967127
3022658,-37.969205881245934
3022659,-22.71931163953222
3022660,139.96070692890655
3022661,26.94913963736072
3022662,55.56780646504759
3022663,91.98915473168218
3022664,124.40835563348374
3022665,70.69771436352922
3022666,68.33616397366332
3022667,64.04649975086268
3022998,-99.82702358683927
3022999,-103.28335434353976
3023000,-34.151665288066205
3023001,109.01417898987275
3023002,5.4105937952346785
3023003,-86.76077299043645
3023004,-77.99102798969652
3023005,92.94576028923457
3023006,-81.2268394649298
3023007,-148.22813424486847
3023008,-91.80995130198362
3023009,101.20451253293716
3023010,1343.352120459876
3023011,-95.36295809192363
3023012,-76.56971619821245
3023013,-54.9316285274247
3023014,43.382928233827634
3023015,-15.666898410222796
3023016,134.00274835435877
3023017,-11.397476072502098
3023018,-27.08758472622166
3023019,-6.749621213502717
3023020,-22.260207850551335
3023021,-44.54552529598258
3023022,-30.30630672716124
3023023,128.03207903511495
3023024,17.074042096772434
3023025,51.53963302919029
3023026,95.77709504543482
3023027,103.71613534803392
3023028,83.00850725965547
3023029,48.47493072907147
3023030,42.34904511536862
3023361,-97.81409570668511
3023362,-97.39119529943746
3023363,-27.140459286248
3023364,100.08916050857188
3023365,3.7829240074053883
3023366,-71.65480668847594
3023367,-74.57651796426471
3023368,64.02980815128213
3023369,-86.11730461524785
3023370,-137.0767722702174
3023371,-94.13639545310052
3023372,114.86448425834801
3023373,1005.2087909297544
3023374,-94.42579362370081
3023375,-74.06658929388406
3023376,-51.905825450205306
3023377,-6.8361704714996385
3023378,-13.4582986881267
3023379,41.18008627762102
3023380,-8.210809528985276
3023381,-23.284777381138877
3023382,-39.32791129050728
3023383,-55.821068400444155
3023384,-44.745664340914836
3023385,-26.564679924729074
3023386,132.65958911642358
3023387,20.93256496466002
3023388,52.61493069226545
3023389,89.0362789589014
3023390,111.10085569381927
3023391,193.78066477256354
3023392,55.78673061913033
3023393,49.661008010563556
3023724,-97.57081146402815
3023725,-92.3720396154411
3023726,-25.901413903075802
3023727,73.16676540715271
3023728,22.2859977758355
3023729,-74.78581763613947
3023730,-53.10975884059079
3023731,97.74984042476008
3023732,-85.65518662405047
3023733,-97.05410576169724
3023734,-79.51091682043288
3023735,314.6023424731592
3023736,881.7725019252433
3023737,-94.35866335249504
3023738,-89.07490188526405
3023739,-22.53937979391598
3023740,-26.503005699428325
3023741,-30.880953657813773
3023742,100.96638618857942
3023743,-21.73222768899522
3023744,-37.78061195156855
3023745,-53.82899621414325
3023746,-32.4876877456234
3023747,-55.224963562626534
3023748,-31.0566351956957
3023749,131.24305478588005
3023750,14.173778635419428
3023751,45.91430701176042
3023752,82.33565527839592
3023753,100.84651728203808
3023754,80.54128398203757
3023755,45.85295578991164
3023756,40.524120701102866
3023922,-92.32651999990667
3023923,-79.99766964995324
3023924,-13.449414897079617
3023925,177.29266974087224
3023926,-2.67083629185144
3023927,-56.26160990985117
3023928,-64.85103717544625
3023929,100.8730781270162
3023930,-79.79016670877245
3023931,-111.06553745463297
3023932,-102.2450506514745
3023933,210.49136895879641
3023934,1475.895485578268
3023935,-86.72926493226798
3023936,-65.55740228870404
3023937,-20.543393741363655
3023938,52.04249130609488
3023939,-6.547001582383285
3023940,53.43111747762847
3023941,4.827499580380124
3023942,-10.30250795992087
3023943,57.914675686163
3023944,18.932839595974844
3023945,-43.784375634153356
3023946,-19.65531071742843
3023947,144.48033925865613
3023948,26.724587021946906
3023949,54.14596376640767
3023950,89.38809403520709
3023951,125.80944230184305
3023952,81.38917607578715
3023953,79.46800811079466
3023954,71.66356544800529
3023955,-97.93483688935775
3023956,-93.99939124085613
3023957,-120.64213934563922
3023958,108.27733694571835
3023959,5.296756091115828
3023960,-87.63550582758107
3023961,-70.12590936389897
3023962,90.91448896855054
3023963,-84.47439565707172
3023964,-134.98107019651232
3023965,-94.20419411417815
3023966,166.83701996731506
3023967,1044.528432477902
3023968,-91.17598931742207
3023969,-76.19653999705251
3023970,-28.746961653287638
3023971,16.209650101845188
3023972,-16.117986683825205
3023973,60.79487011710531
3023974,-11.868682566802402
3023975,-26.942650418953956
3023976,-43.00911730418128
3023977,-21.862118480676866
3023978,-49.42397120161949
3023979,-24.7396062999599
3023980,138.82687476866496
3023981,20.4008294907123
3023982,56.86016592172674
3023983,86.67239708040889
3023984,114.537056310349
3023985,64.96456425308607
3023986,59.60677486620599
3023987,52.723693959301464
3023988,-97.46179021498283
3023989,-91.67840046519159
3023990,-22.155896845145246
3023991,117.47105661263704
3023992,5.268296665085661
3023993,-67.2499762929463
3023994,-68.15962970744731
3023995,100.34819903155876
3023996,-78.54594570186855
3023997,-146.8044372602324
3023998,-94.80275481722656
3023999,188.51680764847904
3024000,1194.452840444249
3024001,-90.12924712379645
3024002,-76.10324594676187
3024003,-29.095234180935716
3024004,42.894006845395744
3024005,-16.230758752225295
3024006,84.85559354855236
3024007,-11.986484190376625
3024008,-27.060452042528407
3024009,-24.4163617955799
3024010,-21.762596138207567
3024011,-48.210705508718355
3024012,-23.34793119316036
3024013,136.69078832279976
3024014,20.15002472831357
3024015,49.60078363965314
3024016,86.02213190628954
3024017,117.24228655092766
3024018,341.54349097133917
3024019,62.38973590048837
3024020,54.94216076918584
3024021,-131.97250976269314
3024022,-162.21731212776902
3024023,-90.6442503893657
3024024,-126.5092111992606
3024025,-8.75309624588844
3024026,-61.534462131993486
3024027,-110.96060028174615
3024028,18.06372473754637
3024029,-73.3669798071076
3024030,-100.30141366012485
3024031,-138.8191215279169
3024032,-66.8764047682776
3024033,1589.0554484570732
3024034,-116.75679146531597
3024035,-98.48195519384824
3024036,-76.91627428224619
3024037,-55.35059337064357
3024038,-34.5346172378759
3024039,101.9521553045417
3024040,-48.644050961755774
3024041,-64.6924352243298
3024042,-23.42411616144572
3024043,-27.22046032163625
3024044,-33.40286571762571
3024045,-23.702018021266934
3024046,104.16993413152177
3024047,8.563514504850179
3024048,31.260723938706366
3024049,69.53213464266919
3024050,79.11788444574559
3024051,25.48930876385403
3024052,312.83114410172965
3024053,13.499426153738757
3022305,-99.38973864172185
3022306,-92.25445046225177
3022307,-115.90651228175084
3022308,269.2991799579351
3022309,-14.532859294092116
3022310,-44.46226684137108
3022311,-76.36547762410082
3022312,71.69595591053094
3022313,-10.769031937018365
3022314,-42.007838298299056
3022315,-78.03262767042615
3022316,-68.71195218094651
3022317,1294.8609929556603
3022318,-92.71972003224657
3022319,-75.86082319675499
3022320,-55.88679059503742
3022321,-35.91275799332042
3022322,-15.93872539160365
3022323,147.70397386904548
3022324,-1.520734964032083
3022325,-16.573899618238823
3022326,-31.627064272446017
3022327,-47.33695559481365
3022328,-35.06359127392697
3022329,-24.757539460416677
3022330,133.51149466143917
3022331,20.391454899783827
3022332,53.69952373382895
3022333,91.97093443778995
3022334,122.68349808854437
3022335,171.8483934367084
3022336,202.5595290136209
3022337,62.65504793446026
3022338,-186.70778918645627
3022339,-216.9525915515176
3022340,-142.03933340263646
3022341,-324.79283158321306
3022342,-20.821163384431923
3022343,-98.91813238081413
3022344,-174.66378589947524
3022345,-212.86383666387954
3022346,-103.84053659317651
3022347,-115.28551131216936
3022348,-184.3650140769162
3022349,-161.69691178471797
3022350,1485.9341164075322
3022351,-87.93637912256081
3022352,-78.68563131299588
3022353,-57.11995040139292
3022354,14.820063032968125
3022355,-13.988588578187585
3022356,85.2675851179717
3022357,-39.015852138346
3022358,-56.176783548635775
3022359,-45.67979984184539
3022360,-19.294122572619283
3022361,-20.53623713018605
3022362,-4.2907676714155905
3022363,74.47297066834945
3022364,26.17387622172392
3022365,44.28366591821278
3022366,66.66831594385776
3022367,96.3190563330747
3022368,89.93794391176444
3022369,220.16674795849778
3022370,30.03852527700447
3022371,-136.07447263568864
3022372,-158.73915162447773
3022373,-181.45357588493678
3022374,201.94769395846853
3022375,-62.42220728935062
3022376,-93.60097640130225
3022377,-143.67217166789013
3022378,-14.554684524046746
3022379,-51.83365669941103
3022380,51.572022837080304
3022381,17.50722678007533
3022382,-134.38682090799992
3022383,1410.6852195756371
3022384,-93.69777211832358
3022385,-94.40244730861984
3022386,-90.17093311194348
3022387,-71.33404331143338
3022388,-51.15801819353809
3022389,76.54419358496416
3022390,-44.31065571977846
3022391,-46.842624067946225
3022392,39.21327303503332
3022393,-26.268468146777916
3022394,-15.866294836246919
3022395,0.9007541353959891
3022396,127.90119837343873
3022397,32.49717941338732
3022398,46.73478900795609
3022399,67.94516473540826
3022400,93.43570012313303
3022401,60.71271853432537
3022402,33.813744105511624
3022403,40.78183004679723
3022404,-126.36431973787948
3022405,-149.02899872666856
3022406,-75.43874348174613
3022407,196.4226430465453
3022408,-61.28633353589684
3022409,-108.523628288717
3022410,-134.9396850311539
3022411,40.964940970659164
3022412,-49.336929534267064
3022413,12.978835256857753
3022414,-68.87834159750655
3022415,-134.0189996912002
3022416,1261.190942914615
3022417,-92.92748857142003
3022418,-93.16236552153866
3022419,-88.9308513248623
3022420,-42.94957950394727
3022421,-50.17234314984015
3022422,78.6434862487235
3022423,-42.761546851042375
3022424,-46.63763473659473
3022425,-36.350556776010116
3022426,-26.063478815427327
3022427,-15.668438345280986
3022428,-0.2548745420734053
3022429,129.42441545837048
3022430,31.696567833779415
3022431,45.93417742835137
3022432,67.79511958725125
3022433,95.72771571819403
3022434,61.75608683240008
3022435,100.4130092614284
3022436,42.521165767477406
3022437,-162.05807854889898
3022438,-185.46983063379483
3022439,-208.88158271869432
3022440,40.877518406893806
3022441,-48.75469041967043
3022442,-76.22262891517202
3022443,-155.1022797954545
3022444,-17.44289745308087
3022445,18.524354982118172
3022446,35.507360056923254
3022447,-77.23177689923777
3022448,-101.5597370270389
3022449,1140.5728803921731
3022450,-107.30490968370661
3022451,-101.46139345357021
3022452,-95.6178772234337
3022453,-57.198163742067926
3022454,-63.77525013347239
3022455,44.21739507673643
3022456,-77.61020078064375
3022457,-60.91736907246017
3022458,-44.734492507871245
3022459,-35.299196567633125
3022460,-27.216970101317468
3022461,-12.866566455957848
3022462,96.93785042892542
3022463,16.242423790247546
3022464,30.796918913350243
3022465,52.97173583576406
3022466,86.83047858204982
3022467,47.81309780732382
3022468,58.790669124942006
3022469,30.792112865272617
3022470,-65.8635540768435
3022471,-141.72254178491383
3022472,-165.2871993523611
3022473,-196.53094964855043
3022474,-43.71534768583005
3022475,-74.84752230501799
3022476,-142.6843381627157
3022477,-51.36539127324139
3022478,-60.07625643762257
3022479,8.572488635513043
3022480,-156.2670703701099
3022481,-172.25386839108504
3022482,1722.9053014999554
3022483,-88.88239482726514
3022484,-80.91127343515261
3022485,-61.034294673540934
3022486,-41.157315911928926
3022487,-21.280337150316694
3022488,120.70277402698657
3022489,-13.955646042695701
3022490,-29.01637790537897
3022491,-40.27999722275516
3022492,-9.787340594251685
3022493,-19.772281835176084
3022494,-9.54642579389046
3022495,119.91432532256313
3022496,20.6160635510948
3022497,40.004616146135696
3022498,78.38635556656182
3022499,116.76447556595458
3022500,58.579707387662175
3022501,27.38067962376336
3022502,69.50906587180835
3022503,-106.42063582952578
3022504,-103.27109230219394
3022505,-132.80484290537677
3022506,295.2896416299347
3022507,14.976477347040788
3022508,-14.416209973901271
3022509,-53.86430773502142
3022510,96.6310189534308
3022511,-47.22307286342474
3022512,7.669240229394024
3022513,-66.07762154018228
3022514,219.68258646378248
3022515,1120.1349345656076
3022516,-84.58870723503689
3022517,-84.4378028341278
3022518,-78.36397491179007
3022519,-33.57508599032921
3022520,-42.17994219216306
3022521,108.51637504552714
3022522,-39.66187845271501
3022523,-55.71026271528698
3022524,-71.75864697786055
3022525,-84.08310391394689
3022526,-60.292634908587196
3022527,-34.68371053466016
3022528,131.7117247479816
3022529,10.002080986118205
3022530,44.93590822456891
3022531,81.35725649120396
3022532,92.69431400957656
3022533,41.98247759066063
3022534,39.014293353423646
3022535,31.479343581641576
3022536,-103.0272811661769
3022537,-86.9264319090933
3022538,-19.28229414091656
3022539,363.0881005605435
3022540,-9.95390511673467
3022541,-55.912321425904146
3022542,-66.315100503555
3022543,162.27250447632034
3022544,-78.4187929259786
3022545,-2.815571212030402
3022546,-145.51886815287324
3022547,10.756629164139174
3022548,1507.367173991395
3022549,-99.3028085709223
3022550,-82.25895427959021
3022551,-62.284921677873434
3022552,-16.57431715458146
3022553,-22.46349130345042
3022554,85.47639276503146
3022555,-11.795542742434503
3022556,-26.952105482589825
3022557,-24.282448881527483
3022558,-58.29067103292508
3022559,-47.041916127346475
3022560,-25.917332231788162
3022561,140.51077822688714
3022562,22.552889372645684
3022563,51.98834698138236
3022564,86.60006629271284
3022565,124.83104351465336
3022566,73.7963650760159
3022567,298.3892645523644
3022568,66.54592932619444
3022569,-108.83031436696801
3022570,-104.17012117450103
3022571,-127.82218299399283
3022572,22.06387988631214
3022573,-24.86438069780233
3022574,-72.82422817736078
3022575,-81.78746941135323
3022576,103.47913910719599
3022577,-85.23101042470334
3022578,-126.04752613265627
3022579,-215.16392097815176
3022580,-79.03414293129781
3022581,1692.3662986672498
3022582,-109.19793482199638
3022583,-91.11282136408515
3022584,-71.13878876236826
3022585,-25.40507995040097
3022586,-31.1907235589329
3022587,133.43040719605662
3022588,-15.216651535605973
3022589,-30.269816189812712
3022590,-27.605066049355894
3022591,-16.330402710289757
3022592,-36.93193324061102
3022593,-26.640171889047263
3022594,124.45560433354213
3022595,8.48725974952659
3022596,45.36139997807842
3022597,83.70021537127396
3022598,119.2329522278671
3022599,119.46756516234264
3022600,200.67297886724575
3022601,48.34101477920304
3022602,-131.9927148783634
3022603,-118.3122122474404
3022604,-104.63170961651012
3022605,881.4091263660878
3022606,-60.72919319271458
3022607,-90.41307413844042
3022608,-89.96683814269163
3022609,286.7562257247093
3022610,4.038374580860552
3022611,48.08511492985436
3022612,-175.15333535744665
3022613,-119.60578075528547
3022614,1713.463036098812
3022615,-81.66926802013522
3022616,-79.95820105707314
3022617,-75.63780736843505
3022618,-69.35951259304493
3022619,-49.632305574896954
3022620,55.03282217203442
3022621,-44.363098583795626
3022622,-39.09521363242383
3022623,-28.807061747061464
3022624,-18.486242677582407
3022625,-8.068980885747617
3022626,5.294274578058509
3022627,152.46229873574222
3022628,37.973250496201864
3022629,56.40525829938198
3022630,81.9960513222979
3022631,103.21822463920417
3022632,58.185128035494664
3022633,42.55492934427203
3022634,23.16192019279625
3022668,-113.24945919499332
3022669,-135.68481977060108
3022670,-159.46905673799372
3022671,87.25355089184741
3022672,-9.066149932218462
3022673,-58.69665720825541
3022674,-89.33152406079971
3022675,75.90964767065198
3022676,-73.20188973595195
3022677,-66.37708298370926
3022678,-151.92443595142666
3022679,-87.14870154950931
3022680,1637.8236863672682
3022681,-111.15395427042931
3022682,-103.10579511115422
3022683,-83.2202288033041
3022684,-37.559922038733966
3022685,-42.62773369019036
3022686,106.25474476514292
3022687,-47.41478779360185
3022688,-45.46238898442997
3022689,-56.09935332158083
3022690,-40.49161423706827
3022691,-46.27881037461547
3022692,-37.966843220951695
3022693,105.45968951710047
3022694,1.9737344028992152
3022695,38.73310340985673
3022696,77.00451411381864
3022697,89.4463390325047
3022698,130.46202978605626
3022699,301.9665299364962
3022700,25.114469626245143
3022701,-110.07032817188774
3022702,-113.81141656923391
3022703,-138.0536450798634
3022704,46.041524115725416
3022705,1.4408720272251299
3022706,-47.20546435041323
3022707,-60.62361309222687
3022708,132.14127904515337
3022709,-51.73111732452143
3022710,-63.378416598172215
3022711,-153.36665171731718
3022712,39.83369905060348
3022713,1549.1940948234235
3022714,-97.72285104094242
3022715,-100.54834183702216
3022716,-56.93072907118657
3022717,-11.11675834162524
3022718,-44.85463196787945
3022719,118.02210175361138
3022720,-43.105365187550014
3022721,-59.15374945012267
3022722,-75.20213371269692
3022723,-57.46856784463561
3022724,-58.06558265121365
3022725,-42.04524011543871
3022726,124.68245887307576
3022727,7.053298921418634
3022728,45.32470962537874
3022729,83.5961203293402
3022730,87.67513206707527
3022731,182.6080052127074
3022732,33.780119787051
3022733,28.731544278735516
3022734,-107.95630328895895
3022735,-106.17112048508606
3022736,-33.37021613264623
3022737,201.070266927137
3022738,-7.769691118489202
3022739,-53.872037439835175
3022740,-79.04478161769184
3022741,177.55830658776378
3022742,-15.932698100348528
3022743,22.883256103845458
3022744,-89.76897016257708
3022745,-95.78388357452518
3022746,1566.2388893193918
3022747,-97.51311374316474
3022748,-91.4969512631299
3022749,-45.83664449855977
3022750,-25.951078190710444
3022751,-31.840252339579177
3022752,121.16883712344516
3022753,-30.781819981192523
3022754,-46.77068601341515
3022755,-63.3464380113517
3022756,-65.292884580613
3022757,-53.998944222840954
3022758,-32.51873524046986
3022759,127.8425397484586
3022760,13.991412147566468
3022761,48.70127273034287
3022762,85.12262099697746
3022763,112.16368065537854
3022764,156.18761525550528
3022765,205.05618887148395
3022766,54.161278597858846
3022767,-96.49778956704431
3022768,-105.96063443218627
3022769,-133.1657853220302
3022770,-43.43697331217917
3022771,2.154739713171882
3022772,-80.43740331562803
3022773,-115.56102179208101
3022774,-38.22951607957365
3022775,-135.6938051157238
3022776,-19.540605234414027
3022777,-147.8228373111722
3022778,208.2979109505749
3022779,903.3565208427895
3022780,-60.93827386731292
3022781,-53.337248683125075
3022782,-8.232423992812794
3022783,10.313880297534258
3022784,3.040015763291383
3022785,61.98444509555676
3022786,-13.718040774542981
3022787,-31.028804548622286
3022788,-35.756799299031435
3022789,-45.316586032252225
3022790,-71.60524867834629
3022791,-54.69569288336769
3022792,114.28612831427081
3022793,3.571397338241884
3022794,36.109419856797295
3022795,72.48873715706459
3022796,108.86805445733008
3022797,130.18400042148798
3022798,124.47091317067607
3022799,117.6569695772725
3022800,-126.39940156599077
3022801,-144.9138234959453
3022802,-73.0527808360519
3022803,-60.80451653413437
3022804,-16.349722543100864
3022805,-98.61071809856075
3022806,-133.0885924694983
3022807,124.51021619980311
3022808,-114.5758217804976
3022809,-165.95479410391616
3022810,-94.84724277682271
3022811,-172.19130890381442
3022812,1002.9144847663465
3022813,-78.69679934298556
3022814,-84.7503637910119
3022815,-46.94919934530507
3022816,25.043821127946973
3022817,-34.60108481252477
3022818,-12.853222287422152
3022819,-52.751401919758145
3022820,-70.21095712428932
3022821,-71.8723606176025
3022822,-61.76814335666294
3022823,-54.590271020728586
3022824,-47.41239868479287
3022825,103.76878404154668
3022826,0.42544195434966925
3022827,38.658811723601694
3022828,76.8921814928487
3022829,102.85636535709973
3022830,144.7720268668829
3022831,44.595558481151976
3022832,39.7437878653138
3022833,-107.19752128485815
3022834,-89.71073379795307
3022835,-95.27798362633148
3022836,316.9642763438034
3022837,-22.80343677844284
3022838,-63.90418012185618
3022839,-28.841046145504873
3022840,93.49906048391422
3022841,-74.95994684454745
3022842,-75.42821883816923
3022843,-90.46215111480278
3022844,310.1427464320203
3022845,1152.9652039844034
3022846,-72.64710058042913
3022847,-68.76514768901465
3022848,-68.87866055958743
3022849,-9.772670277659739
3022850,-45.64084760864447
3022851,20.15409708013222
3022852,-57.84396440883328
3022853,-70.02923197378281
3022854,-73.67221464009326
3022855,-57.36555402306002
3022856,-72.6795955194114
3022857,-47.93352876691896
3022858,124.04886699356639
3022859,6.669236007171282
3022860,34.08424171381122
3022861,70.04633605308136
3022862,105.02270684310288
3022863,79.02347329472668
3022864,72.37692109432847
3022865,65.7303688939307
3022866,-111.00874810020723
3022867,-100.41849888104734
3022868,-124.20273584843999
3022869,163.2453694559019
3022870,-30.79953465134967
3022871,-111.89149818658443
3022872,-113.83250071114416
3022873,-0.6333547927522818
3022874,-96.38625339103764
3022875,-45.17437552069422
3022876,-106.35666939118055
3022877,-185.3107575532472
3022878,1382.1915990237057
3022879,-86.02196212786048
3022880,-80.183130393687
3022881,-60.425830017530906
3022882,-40.66852964137505
3022883,-20.911229265218292
3022884,34.1144407469064
3022885,-20.586737899305756
3022886,-12.175240854764336
3022887,-55.823694514464286
3022888,-31.863960997608313
3022889,-43.73283721618353
3022890,-25.973632467496184
3022891,126.17131355508145
3022892,21.084862021340275
3022893,51.01694241949664
3022894,87.39625971976211
3022895,123.77557702003033
3022896,93.28673934569197
3022897,91.26024247832193
3022898,87.68773264134843
3022899,-128.29106908895736
3022900,-152.7951664127202
3022901,-80.72221976278779
3022902,-111.76739547631841
3022903,-19.43788789280988
3022904,-107.09541241066727
3022905,-149.1594495449033
3022906,91.45808695312299
3022907,-122.62571546925919
3022908,-26.77872320511487
3022909,-102.24546235189773
3022910,-179.53395240542503
3022911,1085.4287098571813
3022912,-72.30102541421631
3022913,-77.72133135713663
3022914,-69.90428708052404
3022915,2.878675543278366
3022916,-30.388859932021017
3022917,50.55853046415037
3022918,-49.06815821616832
3022919,-71.45036523292792
3022920,-73.05602061383597
3022921,-39.460440166625894
3022922,-54.76285392322033
3022923,-47.53807171232237
3022924,103.94396978100322
3022925,0.9594250038691894
3022926,39.15076380675074
3022927,77.3506041706266
3022928,109.41997113930502
3022929,54.86203569227674
3022930,51.44544078562213
3022931,47.05958103785107
3022932,-102.98749421270877
3022933,-88.37493235468973
3022934,-87.82564840623199
3022935,366.6551199254547
3022936,-22.260776399142554
3022937,-61.35080579079003
3022938,-91.86119914492592
3022939,172.37210409587098
3022940,-123.36581308445311
3022941,-126.43832639336215
3022942,-222.18514137529044
3022943,-54.43979667936416
3022944,1604.956024665468
3022945,-87.27174967187209
3022946,-70.56683338927103
3022947,-50.809533013115505
3022948,-4.169406159391013
3022949,-13.044191739980572
3022950,113.2798966316122
3022951,-19.687982962628478
3022952,-38.443250581501424
3022953,-57.19851820037619
3022954,-68.91902687542897
3022955,-54.77160146154191
3022956,-31.736975290795083
3022957,133.48304904312837
3022958,21.141690404795288
3022959,49.066317612144495
3022960,91.82007171000141
3022961,115.8677286600725
3022962,130.78947257431466
3022963,126.93509897799431
3022964,119.73881031397123
3022965,-103.19244533682176
3022966,-87.80710287782749
3022967,-85.30198159066167
3022968,394.9606386972238
3022969,-22.28923582517454
3022970,-61.092823524994664
3022971,-90.00407658037584
3022972,151.36545323266748
3022973,-113.66236842542621
3022974,-97.10564985937508
3022975,-231.46919053434456
3022976,-20.290507014521534
3022977,1623.2604775788861
3022978,-87.68418524250949
3022979,-70.93136139658081
3022980,1.7360645556347731
3022981,-32.78923687275077
3022982,-14.371198514097426
3022983,108.61644303457861
3022984,-22.104520081135245
3022985,-40.85978770000819
3022986,-58.86875411476266
3022987,-44.40925237214359
3022988,-56.027602462349286
3022989,-32.99297629160154
3022990,130.622486609873
3022991,20.726777805945137
3022992,48.75027405223201
3022993,91.54972966001442
3022994,115.22980265970018
3022995,154.20064780796085
3022996,129.18104673439095
3022997,121.98475807036557
3023031,-129.66409510586416
3023032,-152.6723244949233
3023033,-176.17148083187456
3023034,60.47794766555236
3023035,-28.196895876172487
3023036,-74.60868219066906
3023037,-130.4130020824821
3023038,134.1824306616447
3023039,27.499605753549265
3023040,33.68825122465497
3023041,-146.07518445955682
3023042,-155.37344290561649
3023043,1227.0986915141293
3023044,-87.42691138873367
3023045,-86.16221122082315
3023046,-82.03002168602715
3023047,-63.57206969611824
3023048,-43.288650530417534
3023049,78.89830544732531
3023050,-59.11603458337394
3023051,-76.1809177490557
3023052,-65.99539209715867
3023053,-55.80986644526255
3023054,-46.65143297934427
3023055,-39.473560643408554
3023056,91.71341356618332
3023057,-1.6961782406467978
3023058,33.83781922123418
3023059,73.39099424903925
3023060,105.30223740447418
3023061,51.61015561768928
3023062,47.52871762769538
3023063,42.048215770756734
3023064,-145.6915765545116
3023065,-169.6277413845153
3023066,-193.5639062145299
3023067,-255.57204500015067
3023068,-40.66122991770025
3023069,-93.55354397551382
3023070,-153.33729050826767
3023071,-47.646931198017036
3023072,-73.53318265750003
3023073,-14.781259179824513
3023074,-182.636156267188
3023075,-173.05402506161047
3023076,1654.1318008388528
3023077,-82.6866129779268
3023078,-78.79741241333265
3023079,-66.90197472352524
3023080,-20.912062877199144
3023081,-27.210441383478877
3023082,97.26415262400197
3023083,-32.83865196748665
3023084,-55.19201085666854
3023085,-54.939735674014436
3023086,-44.65081193617133
3023087,-34.36188819832595
3023088,-23.86913857297422
3023089,107.64932736725423
3023090,12.187001101725588
3023091,38.94308554962091
3023092,75.80466499307722
3023093,113.99600379595786
3023094,77.56823557930302
3023095,75.46897178563195
3023096,69.3269889448713
3023097,-128.68824813425343
3023098,-147.2836535233935
3023099,-74.17482399993132
3023100,140.5518096180633
3023101,-28.209386627916313
3023102,-56.70698844203688
3023103,-125.41177585782025
3023104,150.12347648896431
3023105,28.640408720871353
3023106,-16.37487471377862
3023107,-42.50360154299532
3023108,-156.73106024080906
3023109,1238.3402442523377
3023110,-86.15750313947653
3023111,-87.0199327751913
3023112,-82.88774324039609
3023113,-64.30063097372685
3023114,-44.69634147094238
3023115,42.712983052118226
3023116,-58.960794259662215
3023117,-77.78867726709522
3023118,-68.47128247031542
3023119,-58.28575681841793
3023120,-48.7513555883036
3023121,-41.573483252369705
3023122,96.05334357148077
3023123,-0.4109472874568314
3023124,35.17556423226707
3023125,73.36690303514725
3023126,107.43755269981621
3023127,53.32736756428786
3023128,49.23741698221712
3023129,43.756915125280294
3023130,-116.97139351648984
3023131,-101.05237024223133
3023132,-123.79648469544081
3023133,187.29154219520316
3023134,-9.218597671467062
3023135,-51.56632890376276
3023136,-68.68124755198441
3023137,188.8551227175096
3023138,3.89763152530232
3023139,19.30403360953115
3023140,-114.92733598096702
3023141,-126.73081410694412
3023142,1653.1534893480887
3023143,-90.55623211393281
3023144,-101.95274841489963
3023145,-88.17628164413718
3023146,-16.988758595277243
3023147,-51.17080067672877
3023148,93.80937236991299
3023149,-54.31163293984631
3023150,-70.76180866677332
3023151,-87.33648673993439
3023152,-55.89530579338979
3023153,-55.773521337450155
3023154,-33.335516452624496
3023155,132.85884037540765
3023156,11.592412306245212
3023157,43.02044057464828
3023158,79.40374790657206
3023159,110.43387965066923
3023160,58.420441365773705
3023161,57.0821564133341
3023162,51.184421321909404
3023163,-135.09730241078321
3023164,-158.8805617582573
3023165,-182.6638211057241
3023166,-59.50212441559487
3023167,-41.31725630154396
3023168,-89.41292506741665
3023169,-125.88931541950551
3023170,83.11008669996336
3023171,8.201396722750548
3023172,38.947037940847814
3023173,-154.4659649919047
3023174,-155.95072919217935
3023175,1707.7934189308432
3023176,-90.59358751786014
3023177,-86.46139798306426
3023178,-82.32920844826803
3023179,-43.71237600498174
3023180,-49.0971150873277
3023181,62.17789960864044
3023182,-61.72182409899646
3023183,-66.69067339472967
3023184,-56.505147742834005
3023185,-24.12399011826555
3023186,-36.13409643903905
3023187,-22.461206629539713
3023188,99.15074683370376
3023189,5.918036134996971
3023190,29.116313761375938
3023191,71.6418174834218
3023192,105.50265794898787
3023193,60.11238757295015
3023194,54.08214925238618
3023195,48.05191093182221
3023196,-121.4194283393761
3023197,-112.40212304395281
3023198,-42.32040442998804
3023199,254.7200771088694
3023200,-23.008192122907342
3023201,-64.4985491857722
3023202,-84.24513239827029
3023203,168.345406454727
3023204,30.07138737155147
3023205,10.845856691104206
3023206,-87.21982418619227
3023207,-149.48160562066076
3023208,1410.2418103084976
3023209,-91.98011093800407
3023210,-102.85884094624366
3023211,-67.26655970195979
3023212,-74.77965845665567
3023213,-57.126474955902076
3023214,13.338236574097852
3023215,-64.76610440563904
3023216,-81.34078247879852
3023217,-78.40860964464382
3023218,-66.4273996142786
3023219,-57.11151627090684
3023220,-43.23088168333451
3023221,106.94173418310375
3023222,2.0421910994739005
3023223,39.680949944912946
3023224,79.27357462714663
3023225,103.10474241350921
3023226,49.63415866691431
3023227,45.792178496182
3023228,42.769405122833824
3023229,-107.37151546158456
3023230,-86.7445119978136
3023231,-70.68002138955016
3023232,522.8864710570535
3023233,-46.49204160639673
3023234,-76.20983322652755
3023235,-62.02941488821197
3023236,264.7388455233633
3023237,-117.00305929583082
3023238,-41.939445759891704
3023239,-192.83506241733474
3023240,386.78208138667384
3023241,1712.5098598885165
3023242,-90.94067417042656
3023243,-84.56626854267351
3023244,-13.010885965235996
3023245,-20.181219959143203
3023246,-29.04675458511137
3023247,85.26005848114228
3023248,-44.388806213329
3023249,-55.40543228650612
3023250,-59.027611754871295
3023251,-38.598879828640555
3023252,-64.50361980949928
3023253,-41.4689936387529
3023254,111.31546665146489
3023255,19.385435065005556
3023256,47.91108044292033
3023257,75.89847504145037
3023258,110.25494567223423
3023259,145.4742660562608
3023260,130.5777722964501
3023261,119.42282210476442
3023262,-129.7591395248335
3023263,-119.67698492584059
3023264,-60.054907869833904
3023265,172.5234117143202
3023266,-42.06185077606168
3023267,-111.58909098925942
3023268,-126.32669076204802
3023269,105.21150025549032
3023270,-86.84186938498515
3023271,-57.011666316902655
3023272,-80.49969223293537
3023273,-167.30377719396236
3023274,1075.383324072777
3023275,-65.32163993662839
3023276,-60.80323504169511
3023277,-56.602519738512036
3023278,27.398493394351096
3023279,-44.28301916249965
3023280,54.855146276789775
3023281,-70.62324115939855
3023282,-69.22601381542636
3023283,-30.50038557436873
3023284,-4.187638926988978
3023285,-40.84853464316101
3023286,-33.59336365180142
3023287,94.30495889972845
3023288,2.1929895608875154
3023289,37.245222823523555
3023290,75.56704059017484
3023291,113.87770664727823
3023292,64.99603932083956
3023293,58.81646711263257
3023294,52.63689490443013
3023295,-113.79162199854072
3023296,-94.8628220614617
3023297,-28.03964852410608
3023298,258.0245525245529
3023299,-10.2596074395431
3023300,-65.4116638237363
3023301,-68.44742411412771
3023302,197.4422389698386
3023303,-89.84711910480819
3023304,-129.9055756827918
3023305,-103.40054086375203
3023306,-7.668355139804287
3023307,1672.969167168137
3023308,-77.9435134220194
3023309,-85.95337072894999
3023310,-47.572451066428165
3023311,23.66749024878091
3023312,-38.10180564195188
3023313,77.1436852370809
3023314,-52.01476400877872
3023315,-70.76895770287574
3023316,-80.38538870848451
3023317,-46.69522795474294
3023318,-61.57288757419773
3023319,-39.33395149346533
3023320,127.66487146182517
3023321,11.054016383952519
3023322,38.67453466760454
3023323,72.4722979964924
3023324,108.85560532841392
3023325,104.60911406214946
3023326,98.89717476219876
3023327,91.27400108060847
3023328,-144.53446478054937
3023329,-130.95067743867438
3023330,-72.06717810840819
3023331,1086.20256095865
3023332,-47.55470133859561
3023333,-16.071927096304346
3023334,-76.8547568312486
3023335,470.29241090250906
3023336,77.82811914445593
3023337,20.848718497913257
3023338,-187.0065849733626
3023339,-145.57231472556444
3023340,1772.7507833009392
3023341,-68.08637047997381
3023342,-54.247248245672985
3023343,-42.79444166722309
3023344,-9.30932487045224
3023345,-31.272255418973867
3023346,42.32107251823182
3023347,-43.70195465549981
3023348,-33.43913034817778
3023349,4.009801454223368
3023350,-12.913481733530073
3023351,0.40685931052685875
3023352,14.624901399350808
3023353,138.1077396928433
3023354,44.600555519199325
3023355,67.04194947467677
3023356,94.45307787081556
3023357,96.3538413211647
3023358,42.26888680965404
3023359,600.5052736198525
3023360,29.378242366871024
3023394,-125.43157191538084
3023395,-112.38573792426068
3023396,-45.81064201360895
3023397,174.74596732690154
3023398,-32.308971330133126
3023399,-72.71044757269628
3023400,-87.75461002843149
3023401,196.24700477683766
3023402,24.71547729580489
3023403,17.267847983762483
3023404,-135.41121774958654
3023405,-150.3179218472592
3023406,1567.478966958728
3023407,-90.0375155874463
3023408,-95.35270911719128
3023409,-63.99551070709507
3023410,-79.24363652478569
3023411,-61.59045302403164
3023412,77.63095068252751
3023413,-70.95908248384858
3023414,-87.53376055701055
3023415,-74.38433866504856
3023416,-64.19881301315336
3023417,-54.79746113074706
3023418,-45.010821354498866
3023419,111.92150759691386
3023420,1.8638613030545526
3023421,37.18455610132988
3023422,75.37589490421188
3023423,109.42009924052554
3023424,55.773421830107246
3023425,51.54053964946544
3023426,46.06003779252543
3023427,-118.60692631531019
3023428,-100.78793710178324
3023429,-35.130380385896196
3023430,318.74908236331356
3023431,-25.633862529616447
3023432,-105.94265070819601
3023433,-76.62534187025157
3023434,147.2513323753876
3023435,-102.95793176771876
3023436,-35.2990184454109
3023437,-91.54469003424474
3023438,-170.37124875729663
3023439,1703.9304356112439
3023440,-83.16257631664341
3023441,-96.1780697880652
3023442,-59.43679508848417
3023443,-13.776042014763146
3023444,-49.28623979587204
3023445,2.8186867505530313
3023446,-55.0845108867973
3023447,-70.68477254953795
3023448,-86.28503421227678
3023449,-28.262540258092297
3023450,-47.68724611649876
3023451,-27.43583746456333
3023452,135.1431529158701
3023453,14.940641365946437
3023454,59.79897037765951
3023455,77.23345396262785
3023456,113.57473032818162
3023457,90.04091948818514
3023458,88.23786447960147
3023459,81.66738983992782
3023460,-126.10623861136155
3023461,-112.37573370481077
3023462,-110.22456835461234
3023463,452.8128410347428
3023464,-39.65169254420179
3023465,-109.31916140877256
3023466,-95.92920380739888
3023467,136.71541561670276
3023468,-75.69895609954965
3023469,-133.88463008903798
3023470,-75.48600910730947
3023471,-161.31096410093463
3023472,1394.3843956125547
3023473,-65.74115668470363
3023474,-61.54044138152134
3023475,-57.339726078338835
3023476,1.0014783729208898
3023477,-44.842900967664754
3023478,-2.950907360970898
3023479,-67.60958007956633
3023480,-73.82850109449764
3023481,-19.195924180982995
3023482,-24.113439521422873
3023483,-44.5111025117424
3023484,-37.2559315203819
3023485,107.26777900121233
3023486,5.9896533434336625
3023487,43.038137373570144
3023488,81.36085930618283
3023489,119.67231658621513
3023490,66.04876013940175
3023491,60.82875652737149
3023492,54.64918431916677
3023493,-111.25097571088081
3023494,-90.13071106596071
3023495,-73.6588654459727
3023496,546.0213737792212
3023497,-61.457154455882836
3023498,-64.79127161840988
3023499,-70.49411764871802
3023500,285.01964361968675
3023501,-130.169174686587
3023502,-129.9083103588671
3023503,-244.61457793784965
3023504,126.38002432016408
3023505,1641.6082228368948
3023506,-85.71831725003885
3023507,-85.26412475754505
3023508,-66.68909433663752
3023509,-48.11406391573022
3023510,-29.539033494822473
3023511,66.79563260520463
3023512,-49.0359818859345
3023513,-56.99441285476295
3023514,-61.306717092249336
3023515,-45.20869053196501
3023516,-68.48501961348738
3023517,-45.269696701367856
3023518,99.48372331874107
3023519,18.66632834718367
3023520,48.608482488524
3023521,76.92279375991684
3023522,111.24804250216376
3023523,139.68441974463687
3023524,132.28522558116603
3023525,121.3209973645955
3023526,-75.78064101392992
3023527,-121.25584245728423
3023528,-43.19038280491694
3023529,-152.60066470467862
3023530,-16.506083945624408
3023531,-62.609867526739244
3023532,-55.305380649809
3023533,167.11808987560946
3023534,-44.26023863766185
3023535,-109.79444905758082
3023536,-73.52657270725267
3023537,-103.06810321343123
3023538,1979.8278240755128
3023539,-104.2043754389969
3023540,-116.48485942361178
3023541,-80.08681520857344
3023542,-8.481597894581949
3023543,-68.85095815040226
3023544,81.49456562885025
3023545,42.526435832592334
3023546,-81.83990581065773
3023547,10.310397089360055
3023548,-45.978365006267985
3023549,-68.13583860643466
3023550,-44.82197592657966
3023551,123.48595583257402
3023552,2.9033323742048265
3023553,43.54658187599235
3023554,78.86031321401533
3023555,97.98398754315504
3023556,231.38571491651484
3023557,311.0626875694954
3023558,38.11081586796782
3023559,-129.2359613368633
3023560,-109.15478389856689
3023561,-35.695496753926626
3023562,-133.83792582257846
3023563,-52.96174782255256
3023564,-65.72173533262576
3023565,-53.86660070906945
3023566,250.47080537943586
3023567,-77.28922373380446
3023568,-88.53435571231948
3023569,-111.33605379694772
3023570,-95.2951114453163
3023571,2063.7570907807226
3023572,-122.97927901800544
3023573,-122.22680201509688
3023574,-102.25276941338034
3023575,-3.5887525773746733
3023576,-62.77493859242217
3023577,95.55130877732945
3023578,8.87113109325647
3023579,-65.90207800842045
3023580,27.498361035364002
3023581,-25.088324909032774
3023582,-65.88895045850158
3023583,-40.57033665609678
3023584,134.12648525531287
3023585,6.3355279158115145
3023586,38.174235257974225
3023587,74.62494727912936
3023588,111.0756593002845
3023589,73.93241386135988
3023590,293.538710959616
3023591,58.42804999589608
3023592,-129.9736963565836
3023593,-109.9791915636586
3023594,-36.519904419025615
3023595,-62.13184840364446
3023596,-80.23307362022096
3023597,-112.65432443108038
3023598,-57.50166757658989
3023599,159.29985825452442
3023600,-100.85113289650762
3023601,-134.7854325623846
3023602,-130.69655871446164
3023603,65.0220007588269
3023604,2118.0235762047296
3023605,-130.90295241997833
3023606,-120.7338234410809
3023607,-100.75979083936436
3023608,-2.027454537249507
3023609,-60.81172563592967
3023610,102.44096713887548
3023611,63.658693600674006
3023612,-59.12644971833178
3023613,9.959828483260669
3023614,-49.87406191177096
3023615,-64.09208428683432
3023616,-41.92740251578724
3023617,132.72945176264895
3023618,3.41519252691224
3023619,61.16740757266799
3023620,72.8306637525754
3023621,108.49208533560996
3023622,86.00852658909862
3023623,300.52989705981526
3023624,72.42335015424915
3023625,-130.62466293846845
3023626,-110.63015814553982
3023627,-37.170871000906835
3023628,-60.371341587265114
3023629,-84.96890966152277
3023630,-38.10687822883191
3023631,-57.14071399601634
3023632,192.34655476720602
3023633,-102.09774206423008
3023634,-136.02337932862773
3023635,-132.29613087248188
3023636,103.3855156926323
3023637,2132.621371484106
3023638,-130.44251504765626
3023639,-121.34696750468338
3023640,-75.61325869271677
3023641,-29.498098661478064
3023642,-61.42486969953169
3023643,78.26092550151789
3023644,15.612970004328606
3023645,-59.564887348780566
3023646,34.03984491860975
3023647,-69.95274422863785
3023648,-65.62336580856281
3023649,-43.265440061987
3023650,131.76034124756208
3023651,2.67449285821677
3023652,34.56319442238301
3023653,71.05301879794816
3023654,107.50373081910648
3023655,148.9481747432812
3023656,290.68252420872903
3023657,72.83724175768448
3023658,-131.2756295203424
3023659,-111.28112472742104
3023660,-37.821837582788056
3023661,-66.41182983691651
3023662,-89.70474570283004
3023663,-126.77457873417079
3023664,-56.779760415446425
3023665,210.22717718575242
3023666,-111.07944501405818
3023667,-137.26132609487448
3023668,-134.27182762819328
3023669,134.75568313817345
3023670,2124.5670880460116
3023671,-129.9820776753344
3023672,-121.96011156828631
3023673,-76.22640275631879
3023674,-56.25237015460133
3023675,-62.038013763135076
3023676,77.94656582314992
3023677,63.029974243936714
3023678,-60.02438644974362
3023679,33.71505008170444
3023680,-31.999588994894832
3023681,-67.1883017890057
3023682,-44.60347760818676
3023683,132.2378289455671
3023684,1.933793189523119
3023685,59.01687634734045
3023686,71.86629125572763
3023687,106.51537630260164
3023688,145.84664645990844
3023689,269.44098149681867
3023690,74.6509780568028
3023691,-131.75315501901676
3023692,-111.75865022608814
3023693,-38.29936308145515
3023694,-79.98992816093487
3023695,-71.905091987778
3023696,-85.77526394437773
3023697,-52.42278638677889
3023698,202.47149365454536
3023699,-82.27566040469246
3023700,-122.45617508826744
3023701,-117.38055671140755
3023702,26.53765871314086
3023703,2126.601620026091
3023704,-121.40665085344078
3023705,-124.67913030142454
3023706,-78.94497518030612
3023707,-5.980388194908112
3023708,-65.46696264854363
3023709,70.26217069694822
3023710,7.614497544548801
3023711,-67.7375027143933
3023712,-22.21801315044176
3023713,-31.729953885291064
3023714,-65.7546384834166
3023715,-43.58995671236634
3023716,132.47288662453568
3023717,3.1456851446648284
3023718,34.220817191960315
3023719,70.67152921311408
3023720,107.1222412342715
3023721,146.53323228634892
3023722,299.72589899856365
3023723,65.68299519236116
3023757,-131.26781479861054
3023758,-138.03359260009782
3023759,-59.829225549764296
3023760,-268.3138544861002
3023761,-31.672311046434327
3023762,-104.69676125812002
3023763,-102.11334716585297
3023764,-59.982961005702045
3023765,-147.54062867157953
3023766,-180.87843541338114
3023767,-170.48263454509132
3023768,-230.76321324819222
3023769,1862.371246567818
3023770,-101.95150923353758
3023771,-91.93272514035816
3023772,-71.95869253864093
3023773,-51.9846599369237
3023774,-32.01062733520602
3023775,50.600338485497524
3023776,74.58063709624612
3023777,-46.74989661300996
3023778,-71.20254787575304
3023779,-63.77038845439191
3023780,-85.63817670857433
3023781,-62.31001915635242
3023782,106.63404705647163
3023783,-16.21479455877697
3023784,20.366984239452183
3023785,62.280047315178955
3023786,101.78559757462445
3023787,120.84423769407267
3023788,152.7403022979117
3023789,110.92072665165342
3023790,-138.90827644937488
3023791,-120.14414931867832
3023792,-107.61204026210798
3023793,1818.6307885176295
3023794,-68.42658076681327
3023795,43.48748651463321
3023796,-39.32402454920774
3023797,538.562586035717
3023798,285.67009011645877
3023799,148.64924877115138
3023800,-21.314659849349294
3023801,-132.7461747936484
3023802,2265.5977605004223
3023803,-98.0634610999645
3023804,-87.61423415491326
3023805,-52.99046164337464
3023806,-8.20417921082689
3023807,-44.07667578145405
3023808,-24.479433436721404
3023809,-27.82664439470936
3023810,-44.59724902964425
3023811,-47.519641482446595
3023812,20.417517366152158
3023813,-25.57556847800269
3023814,-15.080295874125834
3023815,154.51575301939758
3023816,27.56802800459737
3023817,78.1058707720319
3023818,102.23440551074437
3023819,109.6768685524
3023820,204.13934896890052
3023821,43.119023380204645
3023822,25.689346455786296
3023823,-135.59653069686718
3023824,-115.60202590394219
3023825,-42.13790589648742
3023826,-116.247827379101
3023827,-51.55331760262633
3023828,-102.76545248912298
3023829,-64.0084504568229
3023830,160.54830071339094
3023831,-88.7399896763316
3023832,-6.443769272768616
3023833,-114.70958100192347
3023834,-183.91489672382662
3023835,2080.5974859819225
3023836,-117.84350635923026
3023837,-124.50107451975582
3023838,-79.34097909273059
3023839,-59.298007524530966
3023840,-65.29215520967982
3023841,43.59999251229166
3023842,-55.89872051072306
3023843,-71.31828543209012
3023844,-86.73785035345763
3023845,-2.0116202670890675
3023846,-67.4670626900568
3023847,-42.07115023222358
3023848,132.23702475022193
3023849,6.7847946946296425
3023850,37.954799831551746
3023851,74.53157938213754
3023852,111.10161865751861
3023853,173.7788576854807
3023854,74.52657151493231
3023855,66.0345971703393
3023856,-129.48442004206188
3023857,-110.88444117228464
3023858,-38.7071917258534
3023859,541.7157552959518
3023860,-126.81319701209468
3023861,-59.16669533420353
3023862,15.683496784278038
3023863,111.03026444262032
3023864,-83.92950474502213
3023865,-124.43914473953673
3023866,-98.38075697025288
3023867,1095.7660572534678
3023868,1219.796544278458
3023869,-93.4957444014638
3023870,-104.41699937188814
3023871,-98.49366875900277
3023872,-53.541408616526304
3023873,-55.80094342305578
3023874,-8.80850486143326
3023875,-53.82193759165333
3023876,-57.444117060017824
3023877,-61.066296528381635
3023878,-41.448472239733555
3023879,-63.250146030747864
3023880,-61.738658136896255
3023881,21.499491178892374
3023882,-2.926304481364052
3023883,23.51540947626218
3023884,49.28543308249592
3023885,78.17312413099644
3023886,109.8981106837975
3023887,96.57917077282146
3023888,83.924868973502
3023889,-124.36567544131576
3023890,-104.75544037174295
3023891,-115.69587566353475
3023892,157.53313409121003
3023893,-16.641996428698615
3023894,-39.272088335927755
3023895,-77.5758951167616
3023896,202.11690020869284
3023897,2.030989896851868
3023898,10.881600932442968
3023899,-86.72191234889651
3023900,-166.70997069564717
3023901,1755.2114265569974
3023902,-66.40114646844818
3023903,-82.4127971700796
3023904,-83.7081276696304
3023905,-66.0542467903595
3023906,-47.54732893974418
3023907,97.10024391890802
3023908,-70.66432312463785
3023909,-84.13715419945201
3023910,-91.38739697199644
3023911,-101.28748454185761
3023912,-78.39277934838883
3023913,-55.25530019319266
3023914,117.29402612495751
3023915,-2.604488284453321
3023916,28.466540520885435
3023917,64.80781688643829
3023918,100.9442549289217
3023919,122.49740048637041
3023920,116.12783085529391
3023921,108.876953055161
3024054,-93.1396274575989
3024055,-89.62402491457287
3024056,-16.823120562125762
3024057,146.05559466841189
3024058,-2.9374970209289972
3024059,-85.62864535238695
3024060,-75.55095277042965
3024061,114.83331392087639
3024062,-94.0755411365697
3024063,-56.68368048501433
3024064,-99.57047475869176
3024065,107.32445700266767
3024066,933.3124456426535
3024067,-86.82861804081442
3024068,-64.95358178987208
3024069,-44.705351055380255
3024070,26.72969616590827
3024071,-4.934218439679892
3024072,100.97733883247447
3024073,5.385098395556231
3024074,-9.688869456595096
3024075,-24.76283730874938
3024076,19.149140692679072
3024077,-36.86098633687633
3024078,-24.029331159404403
3024079,101.53313167152983
3024080,25.35368213795319
3024081,65.49419099425741
3024082,92.6601301895973
3024083,121.95903921946656
3024084,72.39773816610541
3024085,65.81813033338194
3024086,61.528466110584496
3024417,-92.66658078322398
3024418,-87.10035809900255
3024419,-110.88459506639519
3024420,159.93827942430582
3024421,-2.9659564469573456
3024422,-94.96763288647234
3024423,-57.912077436260724
3024424,91.0765001718084
3024425,-99.31341490609866
3024426,-142.62600460683623
3024427,-100.16903546174153
3024428,129.0042446838374
3024429,1186.7384448221148
3024430,-86.83774604553746
3024431,-64.86819672146196
3024432,-45.05362358302924
3024433,26.381423638259736
3024434,-5.282490967329334
3024435,77.05420379447123
3024436,5.267296771981098
3024437,-9.806671080171366
3024438,-24.880638932323375
3024439,-22.186606308756648
3024440,-38.12382211010735
3024441,-5.173168570480168
3024442,140.52959496628793
3024443,26.923268271094646
3024444,55.58851674884428
3024445,92.00986501547887
3024446,124.66426946004567
3024447,335.1435281355986
3024448,68.60109136766705
3024449,62.45080128004084
3024780,-99.89294013770159
3024781,-103.34659247847485
3024782,-34.21348286228639
3024783,119.05673716301062
3024784,5.001635936008103
3024785,-87.60961138697421
3024786,-78.85954530242888
3024787,95.41443397333224
3024788,-65.52602042312792
3024789,-57.52505251093206
3024790,-92.12817892444518
3024791,100.04623077261927
3024792,1342.6160473931338
3024793,-95.48099033956332
3024794,-76.70553467879533
3024795,-55.05944811458634
3024796,43.26076001654584
3024797,-15.782763636616703
3024798,141.49429109257582
3024799,-11.372845687052898
3024800,-27.080795228934715
3024801,-6.753930195781589
3024802,-40.94069769787237
3024803,-44.70014152484399
3024804,-30.362588372721614
3024805,127.96584648697235
3024806,17.048170730505905
3024807,51.59477365393487
3024808,89.29416806067884
3024809,103.97204917459494
3024810,201.62413508225129
3024811,48.739858123076566
3024812,42.614290785996864
3025143,-97.88001225757289
3025144,-97.45443343437255
3025145,-27.20227686046091
3025146,128.88757903761072
3025147,3.373966148176994
3025148,-88.90945020899453
3025149,-75.44503527700253
3025150,98.47967149206507
3025151,-81.20102797862528
3025152,-85.4193404019541
3025153,-94.45462307556345
3025154,120.09651070804803
3025155,839.431444950271
3025156,-94.54382587133982
3025157,-74.19764988686875
3025158,-0.48492403230651915
3025159,-6.952035697893546
3025160,-13.57416391451856
3025161,88.33346259613809
3025162,-8.186179143535622
3025163,-23.260146995688313
3025164,-39.32533681337399
3025165,-37.1091575803105
3025166,-44.900280569776704
3025167,-26.62096157028672
3025168,135.2607388984063
3025169,20.906693598394856
3025170,52.63564097605941
3025171,89.05698924269582
3025172,111.35676952037757
3025173,351.244495111797
3025174,56.0516580131327
3025175,49.92625368119226
3025506,-97.6479689996002
3025507,-92.43527775038346
3025508,-25.96465203801453
3025509,86.50519424636987
3025510,21.877039916607107
3025511,-75.42019445711848
3025512,-53.978276153328615
3025513,144.80891308087413
3025514,-58.49973436423969
3025515,-105.97065932976948
3025516,-79.86952444189892
3025517,315.43330288758574
3025518,774.1143454798412
3025519,-94.46399768311726
3025520,-89.17106156430832
3025521,-48.682814099928045
3025522,-0.6555808755847852
3025523,-30.989530139255105
3025524,76.48920210765455
3025525,-21.725438191707138
3025526,-37.77382245427888
3025527,-53.82220671685335
3025528,-32.48411550172322
3025529,-55.37397624048325
3025530,-31.167397653727487
3025531,133.56435293212118
3025532,14.100766790569839
3025533,45.935017295554836
3025534,82.35636556219124
3025535,101.10243110859956
3025536,79.44721729967996
3025537,46.20836511860508
3025538,40.63640208476246
3025704,-92.40367753548598
3025705,-80.0629218661259
3025706,-13.514667113252283
3025707,159.2014373801496
3025708,-3.079794151079834
3025709,-76.57977450900835
3025710,-65.71955448818044
3025711,119.67285045949957
3025712,-69.4816188695584
3025713,-140.43270806533545
3025714,-102.56327827393697
3025715,215.72339540849876
3025716,1341.261463076306
3025717,-86.87425806442859
3025718,-65.67654756182041
3025719,-46.44671369362303
3025720,-0.7864069290545035
3025721,-6.675581077923464
3025722,53.44229396804641
3025723,4.853439055860424
3025724,-10.27787757447167
3025725,57.89116123341656
3025726,-22.5924656651603
3025727,-43.977242082841066
3025728,-19.810760377027048
3025729,145.61956752189255
3025730,26.651575177094134
3025731,54.07295192155626
3025732,89.40880431900378
3025733,125.83015258564019
3025734,81.64332408787159
3025735,79.73293550480066
3025736,72.01929305332733
3025737,-98.0007534402237
3025738,-94.06262937579486
3025739,-120.70395691986305
3025740,118.31989511885622
3025741,4.887798231887434
3025742,-87.94161256283842
3025743,-70.99442667663133
3025744,124.54415421586255
3025745,-68.77357661526803
3025746,-147.6806075971315
3025747,-94.52242173664062
3025748,124.35919351883145
3025749,1109.435675962574
3025750,-91.29402156506096
3025751,-76.33235847763494
3025752,-28.87554114882759
3025753,42.869622905800234
3025754,-16.23385191021843
3025755,84.88004220569651
3025756,-11.844052181352293
3025757,-26.918020033504302
3025758,-6.341125248851579
3025759,-40.542608327996994
3025760,-49.520725028590086
3025761,-24.795887945519365
3025762,138.3136474524501
3025763,20.327817645859984
3025764,50.271759097569166
3025765,86.69310736420375
3025766,114.79297013690821
3025767,63.8704975707271
3025768,59.87170226020927
3025769,53.079421564622145
3025770,-97.52770676586333
3025771,-91.74163860012668
3025772,-118.1802901043
3025773,450.55734131624484
3025774,4.859338805853628
3025775,1.4814799886618926
3025776,-69.02814702018695
3025777,-156.3153853665206
3025778,-49.02314835723772
3025779,-27.826842647956976
3025780,-95.12098243968948
3025781,193.74883409818355
3025782,-3.7275248223290123
3025783,-90.24727937143557
3025784,-76.23906442734408
3025785,-54.99855413319532
3025786,-35.43000433103638
3025787,-16.34662397861852
3025788,2.241257773554669
3025789,-11.961853804926289
3025790,-27.03582165707989
3025791,-42.95381325184625
3025792,-59.446970361781304
3025793,-48.30745933569123
3025794,-23.40421283872028
3025795,-3.6211503168481545
3025796,20.077012883461254
3025797,49.62149392344892
3025798,86.04284219008532
3025799,117.49820037748687
3025800,66.0747509804698
3025801,62.65466329449165
3025802,56.5565349517885
3025803,-132.0357478976355
3025804,-162.28055026270775
3025805,-90.70606796359316
3025806,-75.43633574661253
3025807,-9.162054105115015
3025808,-61.87925225327562
3025809,-111.82911759448216
3025810,-15.029653681224584
3025811,-77.9554905743933
3025812,-71.96233541258043
3025813,-49.446517679765556
3025814,-67.27468844647187
3025815,1559.5313740245915
3025816,-116.9023419242332
3025817,-98.57977295711082
3025818,-26.63975952275022
3025819,-5.100193264013381
3025820,-34.60047762627236
3025821,98.40800455556582
3025822,-48.637261464468374
3025823,-46.714039266059025
3025824,-23.621080985433576
3025825,-27.370861530345604
3025826,-33.51379251168809
3025827,-23.717258937399304
3025828,103.50045450701028
3025829,8.53059121904126
3025830,31.315864563450948
3025831,69.58727526741241
3025832,79.32805904321522
3025833,1030.4211352038153
3025834,294.9533968509797
3025835,13.729152382012405
3024087,-99.45359479786093
3024088,-92.3014802510359
3024089,-115.95354207052405
3024090,303.20015547086876
3024091,-14.942072968499627
3024092,-44.81509486208851
3024093,-77.22569894505686
3024094,112.0381206065551
3024095,-28.538715946789846
3024096,-42.39391467158092
3024097,-92.19211966115317
3024098,-67.31963057299792
3024099,1199.1375098916155
3024100,-92.82916746817743
3024101,-75.97950506332204
3024102,-56.00547246160435
3024103,-36.03143985988712
3024104,-16.057407258169672
3024105,118.53999082470564
3024106,-1.4832272873043553
3024107,-16.536391941510185
3024108,-31.589556595717834
3024109,-47.31728880624613
3024110,-35.20533021151076
3024111,-24.903909962786013
3024112,134.4028652285226
3024113,20.33430392260853
3024114,53.75466435857353
3024115,92.02607506253453
3024116,122.89367268601627
3024117,775.0738467595631
3024118,201.57546909018558
3024119,62.91997532846491
3024120,-186.77102732138772
3024121,-217.01582968645633
3024122,-142.1260427073237
3024123,-324.59806534761157
3024124,-21.23012124365668
3024125,-99.26312714825762
3024126,-175.46289467121895
3024127,-169.07731133805353
3024128,-99.96339821742531
3024129,-153.4071978088048
3024130,-74.03605744205315
3024131,-162.07272012332172
3024132,1532.3247843365202
3024133,-88.03755394331101
3024134,-78.7834490762588
3024135,-32.03060190327714
3024136,-35.65208725305437
3024137,-14.08640634145085
3024138,76.777963280301
3024139,-38.978644530711826
3024140,-56.32587566731517
3024141,-45.83310698067775
3024142,-3.9357506453004976
3024143,-20.62847832106335
3024144,-4.300511194831227
3024145,74.90286651890774
3024146,26.146425876920336
3024147,44.27833161403597
3024148,66.66231546868376
3024149,96.52923093054478
3024150,976.3708102884727
3024151,211.15186081543945
3024152,30.25771344192272
3024153,-136.19619735592894
3024154,-158.86087634469985
3024155,-181.5741565439337
3024156,197.7958653541293
3024157,-62.842088452129964
3024158,-110.40831832321855
3024159,-144.62792092877388
3024160,40.00326364064059
3024161,-52.385849236575986
3024162,40.39421963083097
3024163,-42.44410657994357
3024164,-110.12411370215277
3024165,1407.0669449009497
3024166,-93.94154558719474
3024167,-94.56850933210221
3024168,-90.33699513542665
3024169,-44.40999792867573
3024170,-51.26797303053653
3024171,76.51880515248395
3024172,-44.326127156010934
3024173,-47.006145010666195
3024174,39.00717996227896
3024175,-26.431989089498796
3024176,-16.03077924041899
3024177,0.7996343281326586
3024178,123.1421468489627
3024179,32.47856932013129
3024180,46.71617891470097
3024181,67.9205461999829
3024182,93.46681368805612
3024183,682.6826301825488
3024184,129.12601154884507
3024185,40.77423270762139
3024186,-126.48604445811252
3024187,-149.15072344690523
3024188,-171.90445451172016
3024189,317.6331220422664
3024190,-61.70621469867255
3024191,-92.39534070517475
3024192,-135.88713830025407
3024193,-13.144396052378209
3024194,-22.76123440572591
3024195,-0.4443387217714121
3024196,-40.89323548295378
3024197,-109.66402462597061
3024198,1257.5726682399293
3024199,-93.1712620402913
3024200,-93.32842754502103
3024201,-89.09691334834456
3024202,-70.17009795524682
3024203,-50.31305971911642
3024204,78.61809781624284
3024205,-42.777018287275986
3024206,-46.801155679315606
3024207,-36.514077718730995
3024208,-26.226999758147752
3024209,-15.832922749454877
3024210,-0.3559943493349169
3024211,125.75979772179353
3024212,31.677957740523386
3024213,45.91556733509443
3024214,67.77050105182498
3024215,95.75882928311712
3024216,399.7732592450877
3024217,99.884257154619
3024218,42.51356842830429
3024219,-162.09755208881577
3024220,-185.50930417371163
3024221,-111.17307061290448
3024222,80.8889444229164
3024223,-49.1624461226991
3024224,-76.59279231119108
3024225,-155.93609919304143
3024226,36.841402331604705
3024227,-39.58986359656391
3024228,35.03521582954382
3024229,-38.58837087849478
3024230,-101.85319337322066
3024231,1406.8640590723103
3024232,-107.43588168198771
3024233,-101.59236545185165
3024234,-95.74884922171468
3024235,-84.06707616055523
3024236,-63.86163357182571
3024237,44.17484830221198
3024238,-77.81500110943902
3024239,-61.11417045941338
3024240,-44.893043674997706
3024241,-35.414058299961916
3024242,-27.233809688187915
3024243,-12.888878983834541
3024244,96.94025232755912
3024245,16.220111262369944
3024246,30.77460638547173
3024247,52.9539987205064
3024248,86.87388256671075
3024249,353.85880855388785
3024250,38.7712602910162
3024251,31.023883932477663
3024252,-118.22354355398674
3024253,-141.788201121434
3024254,-165.35285868887766
3024255,-76.92589951154586
3024256,-44.12799861733837
3024257,-92.84898843916999
3024258,-143.569083751431
3024259,-61.027114123765195
3024260,-89.4986102575238
3024261,-14.474025128058013
3024262,-81.45904155129283
3024263,-172.58379985941977
3024264,1812.7467884235132
3024265,-89.0262076593073
3024266,-81.03782346996006
3024267,-9.568134621849634
3024268,-15.125086602403638
3024269,-21.4068871851246
3024270,116.5297623195499
3024271,-13.936892965151667
3024272,-29.00632451648634
3024273,-40.42713453985906
3024274,-30.1407666586886
3024275,-19.930987353530593
3024276,-9.706773252159376
3024277,119.43882369680587
3024278,20.59942122912908
3024279,40.04660619313491
3024280,78.4284595519127
3024281,116.8065795513041
3024282,662.1138806937399
3024283,56.154782695526784
3024284,69.76669885355041
3024285,-106.49779336510146
3024286,-103.3343304371363
3024287,-132.86666047960423
3024288,179.2678633025873
3024289,14.567519487810575
3024290,-14.761000095183402
3024291,-54.73282504775924
3024292,169.00744066552326
3024293,-47.7600273883916
3024294,-1.7468944905765897
3024295,-61.27002863389797
3024296,214.7544301831907
3024297,1143.5262771195728
3024298,-84.6940415656591
3024299,-84.5339625131724
3024300,-78.47984013818386
3024301,-59.396459785765536
3024302,-42.2765643128378
3024303,108.49286059277911
3024304,-39.65508895542647
3024305,-55.7034732179989
3024306,-71.75185748057201
3024307,-66.38587073312173
3024308,-60.38295175381817
3024309,-34.739992180218714
3024310,128.10183419486086
3024311,9.929069141264979
3024312,44.95661850836378
3024313,81.37796677499882
3024314,92.95022783613759
3024315,774.3825829786144
3024316,39.26812308888267
3024317,31.834752910333197
3024318,-103.09113732230507
3024319,-86.97346169787379
3024320,-19.334244977656265
3024321,231.1508827904174
3024322,-10.36311879114582
3024323,-56.25824219847417
3024324,-67.17532182450923
3024325,174.80541150592782
3024326,-95.91822831049903
3024327,-32.21584590638921
3024328,-87.14488974905207
3024329,-19.716668159336376
3024330,1520.5427970040314
3024331,-99.41701389445068
3024332,-82.37763614615692
3024333,-36.643927334190074
3024334,-16.702896650121414
3024335,-22.592070798991056
3024336,148.19621686970592
3024337,-11.769603266955567
3024338,-26.926166007107707
3024339,16.745767950941815
3024340,-58.286787465761144
3024341,-47.195223266178154
3024342,-26.014086058760125
3024343,142.13668952608734
3024344,22.47987752779291
3024345,52.009057265178136
3024346,86.53047190808975
3024347,124.85175379844732
3024348,1110.0292766395276
3024349,253.5001291276537
3024350,66.90133865488652
3024351,-108.89350618841017
3024352,-104.21715096327061
3024353,-31.30657855482313
3024354,-1.7180423561174325
3024355,-25.2735943722062
3024356,-73.17014894993444
3024357,-82.6573475207504
3024358,83.63424180315833
3024359,-106.93440634949165
3024360,-126.51854189728492
3024361,-102.26934827287577
3024362,-79.05182830910466
3024363,1803.5381928423483
3024364,-109.30738225792759
3024365,-91.23150323065174
3024366,-71.25747062893451
3024367,-25.523761816967674
3024368,-31.309405425500284
3024369,133.3637636198325
3024370,-15.179143858876426
3024371,4.615699567756753
3024372,-27.58539926078792
3024373,-33.23830601446415
3024374,-37.07367217819391
3024375,-26.782900960787895
3024376,118.88635872223286
3024377,8.402405143763833
3024378,45.4294504597303
3024379,79.07958635389078
3024380,119.45821539914341
3024381,1727.0371525548073
3024382,212.10694074935438
3024383,48.59568082023926
3024384,-132.0315885548105
3024385,-118.35108592390206
3024386,-54.1085266512844
3024387,852.9977890108687
3024388,-61.14820411191503
3024389,-77.42707954366306
3024390,-90.35609606949292
3024391,303.36368548199897
3024392,-0.7118264285279952
3024393,47.59633950026747
3024394,-12.897216117650526
3024395,-91.79382925117379
3024396,1739.0611157315943
3024397,-81.82411828886579
3024398,-80.11430606415176
3024399,-48.5237783423834
3024400,-69.49027214591688
3024401,-49.75703071904085
3024402,72.36925738836062
3024403,-44.32859724772519
3024404,-39.25858022391666
3024405,-28.970428338557024
3024406,-18.650544800752225
3024407,-8.2332830089188
3024408,5.193154770798362
3024409,158.31902280912502
3024410,37.954640402945834
3024411,56.38063976395298
3024412,78.8514467270049
3024413,103.2492242657756
3024414,965.8989624628814
3024415,360.8392852876029
3024416,23.15432285362677
3024450,-113.31537574587382
3024451,-135.74663734483218
3024452,-159.53087431222482
3024453,-17.357299207681347
3024454,-9.475107791441399
3024455,-41.49890063082311
3024456,-90.20004137353389
3024457,127.18708923960658
3024458,-76.94791422798589
3024459,-66.91151585590778
3024460,-56.66103369019519
3024461,-87.1482465986151
3024462,1627.8332962528093
3024463,-111.27254384482585
3024464,-103.23437460669429
3024465,-57.57406784212461
3024466,-37.688501534275055
3024467,-42.70630834773332
3024468,103.07141686407995
3024469,-47.406689206283126
3024470,-4.987730124961484
3024471,-56.28800475011375
3024472,-40.64201544577717
3024473,-46.433426603479155
3024474,-38.07777001501362
3024475,105.4702646764601
3024476,1.9975954167295709
3024477,38.78824403459995
3024478,72.93291601215078
3024479,89.65651362997706
3024480,852.0321374251032
3024481,312.7700878168691
3024482,25.3258118970186
3024483,-110.1474857074707
3024484,-113.87465470417628
3024485,-138.1154626540945
3024486,95.95557373538868
3024487,1.0319141679930977
3024488,-47.550254471699
3024489,-61.49213040496287
3024490,149.08801772451554
3024491,-75.79752843396072
3024492,-63.91537112314089
3024493,-63.62512724154366
3024494,39.33456160015813
3024495,1541.7590357717734
3024496,-97.81979331713482
3024497,-100.6504409295582
3024498,-57.059308566726294
3024499,-11.251640828054672
3024500,-44.95125408855282
3024501,121.07513670328372
3024502,-43.09857569026102
3024503,-23.41184750536085
3024504,-75.19534421540884
3024505,-75.24503556850077
3024506,-58.254234079746574
3024507,-42.097306740843386
3024508,122.4835000859659
3024509,7.108439546162305
3024510,45.37985025012332
3024511,83.65126095408296
3024512,87.88530666454626
3024513,972.5475232868441
3024514,34.03394952250775
3024515,29.0869536074285
3024516,-108.03346082453099
3024517,-106.23293805931716
3024518,-33.43203370687733
3024519,140.2883074985468
3024520,-8.178648977715778
3024521,-36.37475188006173
3024522,-79.91329893042784
3024523,122.25223895491054
3024524,-16.469652625319025
3024525,15.117485416374809
3024526,-74.09685377740952
3024527,-88.25697367133698
3024528,1565.876090234448
3024529,-97.6100560193576
3024530,-91.62553075866985
3024531,-20.19048353738098
3024532,-26.079657686249714
3024533,-31.968831835119584
3024534,115.05435354428319
3024535,-30.760095525867012
3024536,-46.76680244625076
3024537,-63.34255444418867
3024538,-46.81033038959803
3024539,-54.15356045170146
3024540,-32.57179963264279
3024541,127.69676211530914
3024542,13.965540781300394
3024543,48.72198301413774
3024544,85.14333128077187
3024545,112.4195944819382
3024546,895.3285230351669
3024547,345.85122770862034
3024548,54.51668792655092
3024549,-96.57494710261635
3024550,-106.02387256711772
3024551,-36.642461576421546
3024552,-49.91905766412928
3024553,1.745781853945307
3024554,-100.25982913030275
3024555,-116.36046249484279
3024556,-34.67301326712076
3024557,-142.45802374234134
3024558,-32.4652121265788
3024559,-148.14799198890753
3024560,191.35129972400165
3024561,971.593433882018
3024562,-61.06819263390427
3024563,-53.49412833423802
3024564,-34.20609647061148
3024565,10.160376644327432
3024566,2.8865121100838746
3024567,21.07924279737036
3024568,-13.759938331198594
3024569,-31.07070210527767
3024570,2.570997252107379
3024571,-28.371494824391714
3024572,-71.54610743393123
3024573,-54.83520981816108
3024574,115.16234895412408
3024575,3.455857962747093
3024576,36.13079631159254
3024577,72.51011361185756
3024578,108.88943091212623
3024579,130.44894558841244
3024580,124.81522484082252
3024581,116.68293712520808
3024582,-126.46531811686764
3024583,-144.97706163089495
3024584,-169.6997397301191
3024585,-89.9390516760839
3024586,-16.75868040232744
3024587,-100.30095742733356
3024588,-133.96350523443905
3024589,61.835503388588414
3024590,-91.2947160725278
3024591,-141.01259339997958
3024592,-95.16792545962589
3024593,-148.75024117416004
3024594,1011.292783163037
3024595,-78.82162694279957
3024596,-84.9054449029981
3024597,-74.10469244541905
3024598,51.79658323781265
3024599,-34.7115773645833
3024600,4.550085747993268
3024601,-52.747364001367295
3024602,-70.16866898607331
3024603,-72.02551340520931
3024604,-23.802266604707977
3024605,-54.699734373535456
3024606,-47.52186203760065
3024607,100.99613215793597
3024608,0.4751150965887132
3024609,38.7084848658371
3024610,76.9418546350873
3024611,103.05869406043139
3024612,143.9249562772354
3024613,44.795803093380265
3024614,39.65298464162125
3024615,-107.27467882043747
3024616,-89.78789133353966
3024617,-95.33980120056258
3024618,298.0021890744767
3024619,-23.398283691104364
3024620,-77.18312888190194
3024621,-29.709563458237238
3024622,95.59503144971877
3024623,-83.25136566787823
3024624,-75.96517336313973
3024625,-90.78119678223383
3024626,264.67265925320766
3024627,1230.8439901662318
3024628,-72.77623674987244
3024629,-68.88510920688002
3024630,-69.00492390141135
3024631,-35.76057980267368
3024632,-45.76239388698426
3024633,-22.122034112293743
3024634,-57.87802985601028
3024635,-70.00965003922242
3024636,-73.65263270553241
3024637,-38.337828809900465
3024638,-72.83282321742244
3024639,-48.005596739004694
3024640,124.99067279719993
3024641,6.597168035086003
3024642,34.01122986895799
3024643,70.06704633687669
3024644,105.16370551493783
3024645,79.3677849648745
3024646,72.7212327644772
3024647,64.77809562199691
3024648,-111.07400031639081
3024649,-100.48031645527844
3024650,-124.26455342267109
3024651,119.03669344428745
3024652,-31.208492510581703
3024653,-109.86918753331956
3024654,-114.7106748123213
3024655,1.3228198191038314
3024656,-96.9206862632398
3024657,-45.412745052315394
3024658,-106.68872366020541
3024659,-185.64070787907988
3024660,1383.6948991977124
3024661,-86.16879549644561
3024662,-80.31292543889576
3024663,-33.63687065375624
3024664,-40.79832468658336
3024665,-21.04102431042683
3024666,34.125617237322295
3024667,-20.565013443980927
3024668,-36.16634903149751
3024669,-55.76371983931339
3024670,-54.35902253463818
3024671,-43.88614435501612
3024672,-26.069077204436592
3024673,80.72481132643334
3024674,21.032161155286946
3024675,51.03831887429097
3024676,91.3793191401448
3024677,123.79695347482284
3024678,93.54960042151352
3024679,91.51493938337735
3024680,87.94242954640295
3024681,-128.3569856398415
3024682,-152.85840454765165
3024683,-80.78403733701889
3024684,-118.42584602383685
3024685,-19.846845752038274
3024686,-102.93295743805247
3024687,-150.03436230984042
3024688,45.041498377762046
3024689,-122.4676323468373
3024690,-113.76884324380971
3024691,-102.56008211328735
3024692,-155.54541208804724
3024693,1014.4508307158981
3024694,-72.42585301403055
3024695,-77.87641246912214
3024696,-70.03402273830197
3024697,2.750155435169479
3024698,-30.518595589798945
3024699,27.73925553849786
3024700,-49.064120297777926
3024701,-71.40807709471237
3024702,-73.20917340144187
3024703,-23.98508004955674
3024704,-54.87231727602856
3024705,-47.58967266323888
3024706,103.69319038480326
3024707,1.0097643171067898
3024708,39.201103119987884
3024709,79.33868520969664
3024710,109.6222998426344
3024711,56.40916911872565
3024712,51.69142462694
3024713,48.668651253590006
3024714,-103.06398741359116
3024715,-88.44018457087695
3024716,-21.891929818006968
3024717,337.52058478350335
3024718,-22.669734258374586
3024719,-61.695595912073976
3024720,-92.73611190986666
3024721,136.09881927722037
3024722,-131.902302586135
3024723,-126.97275926556158
3024724,-103.53872883011745
3024725,-74.25281354716269
3024726,1604.8426487973143
3024727,-87.42334092805622
3024728,-70.69662843448036
3024729,-50.939328058323134
3024730,-4.322909812598748
3024731,-13.198910942857577
3024732,109.75973209284116
3024733,-19.724954339930303
3024734,-13.657158624922697
3024735,-57.23548957767506
3024736,-68.85988563101527
3024737,-54.90790114294695
3024738,-31.873274972204666
3024739,133.04227425255723
3024740,21.05145876931711
3024741,48.98978363560237
3024742,91.74695519368761
3024743,115.88910511486547
3024744,1279.6823180204258
3024745,127.28812371187833
3024746,120.09183504785342
3024747,-103.26893853770416
3024748,-87.87235509401107
3024749,-85.36379916488913
3024750,357.2204608834865
3024751,-22.698193684399296
3024752,-61.43761364628043
3024753,-90.8789893453184
3024754,194.33264603639074
3024755,-134.07697084157624
3024756,-126.51359385131927
3024757,-104.3727514226478
3024758,-40.56149961708733
3024759,1649.228808361247
3024760,-87.83577649869328
3024761,-71.06115644178912
3024762,-24.179965397400377
3024763,-5.633661107053779
3024764,-14.525917716973066
3024765,105.66125274895258
3024766,-22.14149145843548
3024767,23.108940166782038
3024768,-58.84786309017117
3024769,-44.34589610757465
3024770,-56.16390214375523
3024771,-33.12927597300931
3024772,130.91177276754772
3024773,20.644261301314334
3024774,48.67374007569125
3024775,91.47661314370289
3024776,115.25117911449543
3024777,1551.0140645080817
3024778,129.53407146827496
3024779,122.3377828042514
3024813,-129.72644007998932
3024814,-152.69316848708584
3024815,-176.19232482404075
3024816,7.535826357806588
3024817,-28.602502250631726
3024818,-74.94972832057356
3024819,-131.2238638778406
3024820,133.57079751653802
3024821,12.47837213769272
3024822,4.4449791224708015
3024823,-60.308506753735664
3024824,-132.51595183511816
3024825,1243.5123946739755
3024826,-87.54698110095039
3024827,-86.31729233280878
3024828,-55.53726811356163
3024829,-63.701805353897306
3024830,-43.368381350198014
3024831,78.8675157999648
3024832,-59.11199666498195
3024833,-76.33407053666024
3024834,-66.14854488476458
3024835,-55.96301923286891
3024836,-46.76089633215023
3024837,-39.58302399621633
3024838,90.50872750955405
3024839,-1.6520628637047525
3024840,33.88815853446905
3024841,72.07949733735013
3024842,105.5132791715425
3024843,682.5563812202356
3024844,47.72896223992185
3024845,42.24846038298275
3024846,-145.73746228202688
3024847,-169.67362711204876
3024848,-193.609791942067
3024849,-111.4136399875686
3024850,-41.07065243458309
3024851,-93.89966939424521
3024852,-154.20716861766303
3024853,-69.79705443091807
3024854,-45.03416611115498
3024855,-27.91061719716144
3024856,-82.59547607817358
3024857,-153.8540746585327
3024858,1669.0415057056223
3024859,-82.82340145815355
3024860,-78.94265528377552
3024861,-67.02187213976144
3024862,-21.030744743765847
3024863,-27.33033879971462
3024864,98.41454919324697
3024865,-32.79409117875597
3024866,-55.13815451720419
3024867,-20.57763758172295
3024868,-25.179675100534308
3024869,-34.50347278468397
3024870,-23.94696334531481
3024871,107.55093541059041
3024872,12.174332179026084
3024873,38.98720092656432
3024874,75.855004306313
3024875,114.04634310919455
3024876,1009.7489167547772
3024877,75.67792946159916
3024878,69.54704427938141
3024879,-128.7505931083895
3024880,-147.30449751556696
3024881,-170.80365385251824
3024882,290.1847321252473
3024883,-28.61499300237737
3024884,-57.07391107956281
3024885,-126.23072777609086
3024886,35.166205464596
3024887,28.036962596102246
3024888,-16.74996856281795
3024889,-60.87054372586844
3024890,-157.096333663068
3024891,1235.2154015405065
3024892,-86.27757285169314
3024893,-87.17501388717714
3024894,-83.04282435238115
3024895,-64.43036663150569
3024896,-44.806834023001365
3024897,42.69493152174797
3024898,-58.95675634127205
3024899,-77.74638912888058
3024900,-68.62443525792223
3024901,-58.4389096060252
3024902,-48.86081894111184
3024903,-41.68294660517612
3024904,73.3845193743211
3024905,-0.36683191051387665
3024906,35.22590354550331
3024907,73.41724234838257
3024908,107.64859446688497
3024909,658.2976594800359
3024910,49.437661594444954
3024911,43.9571597375054
3024912,-117.04855105208007
3024913,-101.117622458404
3024914,-123.85830226966827
3024915,196.84362423677632
3024916,-9.627555530691819
3024917,-51.91111902504853
3024918,-69.5497648647186
3024919,206.69409556244975
3024920,3.4114851464139133
3024921,5.62456624544048
3024922,-65.00444289219585
3024923,-125.65507107111675
3024924,1653.461839906434
3024925,-90.68105971374682
3024926,-102.05600366967273
3024927,-62.15354648713609
3024928,-68.93447672954089
3024929,-51.281293228787526
3024930,104.40062614642461
3024931,-54.289754133296164
3024932,-70.75777074838315
3024933,-87.33244882154331
3024934,-77.38228440883204
3024935,-55.8701208131968
3024936,-33.388426493571195
3024937,130.57241574936936
3024938,11.516083031178102
3024939,43.03568337593534
3024940,79.41899070786049
3024941,110.68194758309046
3024942,800.0819630437102
3024943,57.32814025465469
3024944,51.52088709791925
3024945,-135.11700234172056
3024946,-158.90026168918737
3024947,-182.68352103665418
3024948,-13.342941947966022
3024949,-41.72286267600138
3024950,-89.75397119731569
3024951,-126.70017721486583
3024952,83.50824846631731
3024953,-21.110478935974054
3024954,24.71450670662235
3024955,-50.63582705447133
3024956,-135.571124395907
3024957,1769.961191098225
3024958,-90.74866862984622
3024959,-86.61647909504943
3024960,-55.98741158862894
3024961,-43.84089611309086
3024962,-49.19608901283008
3024963,71.79431258269706
3024964,-61.71778618060697
3024965,-30.59975673019225
3024966,-56.65830053043991
3024967,-46.47277487854243
3024968,-36.2872492266445
3024969,-22.47387555223649
3024970,98.98685579559397
3024971,5.905367212299286
3024972,29.16653913626188
3024973,71.67344993300522
3024974,105.5529972622232
3024975,746.8318981585805
3024976,54.29110692835203
3024977,48.26086860778806
3024978,-121.48177331349761
3024979,-112.42296703612264
3024980,-135.92212337307754
3024981,222.40817174764854
3024982,-23.41358965489125
3024983,-64.83959531567125
3024984,-85.05599419363061
3024985,113.46550505170417
3024986,-6.307815800209749
3024987,38.237231988087125
3024988,-55.967576293165884
3024989,-126.63644602001209
3024990,1412.1146916197006
3024991,-92.10018065022057
3024992,-103.01392205822917
3024993,-94.31706746334775
3024994,-74.8901510087142
3024995,-57.236967507959925
3024996,37.20362491773968
3024997,-64.76206648724887
3024998,-81.33674456040744
3024999,-78.60001265207511
3025000,-66.58055240188496
3025001,-57.2209796237128
3025002,-43.28248263425011
3025003,106.84562464729989
3025004,1.9993046440560716
3025005,49.73999878219748
3025006,77.96399285639946
3025007,103.30707111684315
3025008,619.9034081037773
3025009,46.03816233749895
3025010,43.01538896415078
3025011,-107.43470728302673
3025012,-86.80770381926304
3025013,-70.73197222629351
3025014,531.8449936527916
3025015,-47.05835222708519
3025016,-40.8520077660476
3025017,-62.89603166137275
3025018,257.2386779794744
3025019,-129.99683656415598
3025020,-100.35052614646592
3025021,-110.45551009482988
3025022,210.7004612370276
3025023,1705.0888230183127
3025024,-91.05300335792383
3025025,-84.7110901165759
3025026,-66.20458546405557
3025027,-47.69808081153432
3025028,-29.19157615901376
3025029,86.34161594962434
3025030,-44.41420938938226
3025031,11.305007561678583
3025032,-58.995152529033284
3025033,-63.023664462821934
3025034,-64.63991949090705
3025035,-41.60529332015884
3025036,111.29008739104684
3025037,19.302918560373843
3025038,47.842261597225125
3025039,75.82194106490961
3025040,110.39661051506728
3025041,1642.579240659054
3025042,130.72122465540835
3025043,119.56627446372222
3025044,-129.8097197271807
3025045,-119.74934941765859
3025046,-142.2737721982874
3025047,172.5527050097073
3025048,-42.47381713821304
3025049,-113.1710744433647
3025050,-127.19856556708037
3025051,99.2434601143661
3025052,-89.3807755798296
3025053,-115.17481824860424
3025054,-80.83413518587194
3025055,-135.95515365351574
3025056,1085.706135445101
3025057,-65.43525238312559
3025058,-60.962585059174934
3025059,-56.761869755991064
3025060,1.4992728466324547
3025061,-44.417023725772005
3025062,54.87053322053654
3025063,-70.58576844554936
3025064,-69.38398202740136
3025065,-59.121157720076816
3025066,-4.321429116376105
3025067,-40.962813420333795
3025068,-33.70764242897284
3025069,94.09337077322398
3025070,2.2353344314462515
3025071,37.28801454558944
3025072,75.60994625059375
3025073,113.92061230770032
3025074,64.23376815373031
3025075,59.034727745257634
3025076,52.855155537054735
3025077,-113.8687795341164
3025078,-94.93931526235137
3025079,-98.20393206753106
3025080,274.1124399916036
3025081,-10.668565298775132
3025082,-99.6919890002162
3025083,-69.31594142686554
3025084,215.2812118147742
3025085,-106.01987031840399
3025086,-72.69298631550627
3025087,-103.73259513277644
3025088,-4.754892559189141
3025089,1672.269447013074
3025090,-78.06814379368238
3025091,-86.05668537115382
3025092,-47.7259547196359
3025093,23.50768360468415
3025094,-38.237281739108575
3025095,52.97837438432017
3025096,-52.051581034852724
3025097,-70.8057747289511
3025098,-80.3643433326677
3025099,-46.79872173366747
3025100,-61.709032904377445
3025101,-39.44424827700531
3025102,127.90610555823623
3025103,10.974164977194238
3025104,38.594683260846715
3025105,72.48754079777991
3025106,108.87084812970325
3025107,104.94589811478654
3025108,99.23364053820724
3025109,92.5324992016942
3025110,-144.58249795880945
3025111,-130.99871061691627
3025112,-72.12630451470868
3025113,1150.8544243399458
3025114,-47.99026928883067
3025115,-16.238494406851526
3025116,-77.23549006456669
3025117,470.61528060376
3025118,57.039761746126906
3025119,20.5946733847688
3025120,-10.237451019962275
3025121,-116.70416984896046
3025122,1744.4612106026002
3025123,-68.19998292647078
3025124,-54.329128217122424
3025125,-15.445793444615258
3025126,-37.04220004549078
3025127,-31.39372954672562
3025128,42.295865615528975
3025129,-43.85992286747345
3025130,23.88210727560382
3025131,-23.334274252825974
3025132,14.56364541709009
3025133,0.39241988144450035
3025134,14.61046197026754
3025135,133.32610536969807
3025136,44.58220614135072
3025137,67.02360009682361
3025138,94.43820235829772
3025139,96.59970001663551
3025140,1940.6403770703366
3025141,45.887276920065425
3025142,29.339118572723425
3025176,-125.49325255480908
3025177,-112.44741856368891
3025178,-45.87232265304082
3025179,168.51132824051385
3025180,-32.71370746101346
3025181,-73.05149370260442
3025182,-88.57356194670028
3025183,206.28858133285868
3025184,31.5362456992054
3025185,-12.044027674964848
3025186,-53.793931635048274
3025187,-125.79846775698756
3025188,1616.9869782678882
3025189,-90.15758529966301
3025190,-95.50779022917668
3025191,-64.14937626941268
3025192,0.21298289640204304
3025193,-61.70094557609017
3025194,80.64354308280254
3025195,-70.95504456545932
3025196,-87.52972263862038
3025197,-74.53749145265446
3025198,-64.3519658007579
3025199,-54.90692448355393
3025200,-45.062422305416284
3025201,111.74309108963844
3025202,1.907976679996143
3025203,37.23489541456703
3025204,75.4262342174463
3025205,109.63114100759067
3025206,746.525201819373
3025207,51.740784261694635
3025208,46.260282404754626
3025209,-118.67984793945179
3025210,-100.83852451316015
3025211,-99.562748709496
3025212,282.73211046087744
3025213,-26.03838981802509
3025214,-106.27943785597817
3025215,-77.44259911781482
3025216,165.24892368040602
3025217,-99.68680542610382
3025218,-93.4500162941229
3025219,-91.85930979563254
3025220,-142.52603185753927
3025221,1500.599617330916
3025222,-83.28264602886036
3025223,-96.33315090005094
3025224,-87.23756747631391
3025225,12.71469497162703
3025226,-49.39673234792944
3025227,96.45492662508305
3025228,-55.06263208024601
3025229,-70.66289374298576
3025230,-86.26315540572504
3025231,-44.219236498700674
3025232,-47.841232334840505
3025233,-27.546134248103765
3025234,133.9916605615783
3025235,14.84709230025165
3025236,43.41986041887477
3025237,77.24936293491528
3025238,113.5906393004695
3025239,90.29593466986553
3025240,88.4838483209207
3025241,81.34076617522278
3025242,-126.15681881372329
3025243,-112.4237668830563
3025244,-57.65315795149471
3025245,468.2651214593654
3025246,-40.06365890635315
3025247,-111.9106241026664
3025248,-96.80107861243486
3025249,161.90184579550007
3025250,-56.56907245213805
3025251,-76.70372290747382
3025252,-75.82034673159187
3025253,-129.50100126357623
3025254,1150.8510301615609
3025255,-65.90050670218345
3025256,-61.69979139900048
3025257,-57.49907609581832
3025258,-24.65582632948512
3025259,-44.95766242521703
3025260,64.74963499496307
3025261,-67.5721073657176
3025262,-73.98646930647082
3025263,-63.723644999147645
3025264,-24.26719271324127
3025265,-44.62538128891564
3025266,-37.370210297554685
3025267,107.1646272307391
3025268,6.031998213992853
3025269,43.08092909563876
3025270,81.40365102825236
3025271,119.71522224663632
3025272,66.26733904865314
3025273,61.047017159994276
3025274,54.86744495179138
3025275,-111.31416032329325
3025276,-90.18280245031819
3025277,-21.867729101339858
3025278,546.7112280814883
3025279,-61.985952712732605
3025280,-65.19889811062494
3025281,-71.4250087677945
3025282,291.88409448465717
3025283,-138.68186469667833
3025284,-101.20056680647558
3025285,-111.10939413607757
3025286,131.33576716725597
3025287,1643.8875254797274
3025288,-85.8614808113188
3025289,-85.41321523694232
3025290,-39.18135730337966
3025291,-20.478060950777756
3025292,-29.688123974219064
3025293,71.79747465470128
3025294,-49.06620048635231
3025295,43.79391136696514
3025296,-61.2408230709514
3025297,-45.13858149051183
3025298,-68.61456651801
3025299,-45.39924360589229
3025300,101.39213106408279
3025301,18.540727228645853
3025302,48.51954970974631
3025303,76.84755864007657
3025304,111.38904989558542
3025305,1547.2202237445006
3025306,132.42802049071108
3025307,121.46379227413827
3025308,-129.40489881866122
3025309,-121.31583652145746
3025310,-43.19529495040005
3025311,-151.22806132362237
3025312,-16.9119461352664
3025313,-103.75421101542706
3025314,-56.10794645338755
3025315,148.75227617110542
3025316,-24.040626567726388
3025317,-110.20378541874724
3025318,-73.78554278848951
3025319,-101.8856463093487
3025320,1979.2675151226388
3025321,-104.3134644043593
3025322,-116.57700149974339
3025323,-80.20543768770976
3025324,-8.58728025888676
3025325,-68.95033752381782
3025326,81.48463067149983
3025327,81.9142357651037
3025328,-81.82429969101649
3025329,33.140491192825
3025330,-2.083835437857299
3025331,-68.27742319279223
3025332,-44.9056981110455
3025333,123.42406122616303
3025334,2.9470902177392486
3025335,40.57942461731155
3025336,78.89342843735103
3025337,98.24714404937932
3025338,46.45956313176631
3025339,289.0613231641193
3025340,38.46268849440977
3025341,-129.29915315831275
3025342,-109.21542869591103
3025343,-35.75614155127804
3025344,-124.86048359979468
3025345,-53.50789703108129
3025346,-66.0371958505064
3025347,-54.245509883567856
3025348,192.87041360293208
3025349,-70.0484577981777
3025350,-89.0053714769454
3025351,-111.65841426095157
3025352,-106.24722831913122
3025353,2079.29255340666
3025354,-123.08817075521601
3025355,-122.34548388166404
3025356,-102.37145127994727
3025357,-30.58619900979492
3025358,-62.87431796583841
3025359,114.56061961363476
3025360,80.99896484712572
3025361,-65.86863100061719
3025362,3.0627052546098708
3025363,-64.51998366449179
3025364,-65.97267264296651
3025365,-40.654058840559436
3025366,134.07500342764544
3025367,6.1920852172763325
3025368,38.20238791616813
3025369,74.65309993732508
3025370,111.10381195848204
3025371,159.35758657310564
3025372,293.4169703770287
3025373,58.78863568606831
3025374,-130.03434115393864
3025375,-110.03983636100274
3025376,-36.580549216366116
3025377,-29.75142098279029
3025378,-80.77922282874424
3025379,-112.96978494896284
3025380,-57.88057675108829
3025381,143.6046916923053
3025382,-78.66647564873783
3025383,-135.25644832700962
3025384,-131.01891917846595
3025385,-87.04275558826093
3025386,2131.524910757548
3025387,-130.98543897138885
3025388,-120.85250530764806
3025389,-75.11879649568168
3025390,-29.024927246043756
3025391,-60.93040750249683
3025392,78.56883506571758
3025393,106.26248222537397
3025394,-59.088942041602685
3025395,9.953378369091485
3025396,-27.877135636358428
3025397,-64.23450230392682
3025398,-42.06982053287974
3025399,133.58718663943384
3025400,3.28905745880066
3025401,61.068710743600796
3025402,72.06952597264781
3025403,108.52023799380522
3025404,82.68591912536131
3025405,289.01398661640513
3025406,72.78361756779687
3025407,-130.68530773580895
3025408,-110.69080294289851
3025409,-37.231515798250975
3025410,-66.99588949653734
3025411,-85.51505887004969
3025412,-48.828985028375236
3025413,-57.51962317051656
3025414,206.98353639324452
3025415,-79.60607492956642
3025416,-107.5243627822827
3025417,-132.5300449070808
3025418,-78.29413378107874
3025419,2082.6968856280064
3025420,-130.52500159906552
3025421,-121.46564937125031
3025422,-49.56304880369297
3025423,-2.750595667594364
3025424,-61.54355156609794
3025425,116.8355660431982
3025426,87.54104592500762
3025427,-59.5315946922049
3025428,9.639018690721247
3025429,-7.783528976931205
3025430,-65.7479429374951
3025431,-43.407858079078586
3025432,131.59691409015315
3025433,2.54835779010519
3025434,34.43705935427189
3025435,71.08117145614433
3025436,107.53188347730175
3025437,147.80358757533688
3025438,290.5607836261444
3025439,73.1978274478608
3025440,-131.33627431768653
3025441,-111.34176952476155
3025442,-37.882482380132195
3025443,-49.633392548114706
3025444,-90.25089491134968
3025445,-126.54452359612587
3025446,-57.15866958994301
3025447,194.5320106235324
3025448,-96.10358529632485
3025449,-137.73234185949858
3025450,-134.45300445377578
3025451,-69.54551197389746
3025452,2133.538006855335
3025453,-130.06456422674424
3025454,-122.07879343485256
3025455,-76.34508462288527
3025456,-30.221239791820874
3025457,-62.156695629701325
3025458,30.208751791001948
3025459,63.023524129768894
3025460,-59.991093793169775
3025461,-14.540949042775349
3025462,-55.3341029519327
3025463,-67.31287891793617
3025464,-44.74589562527925
3025465,132.05171243187235
3025466,1.8076581214101748
3025467,58.838514839552055
3025468,70.0928169396404
3025469,106.54352896079827
3025470,89.02061453972983
3025471,280.7134107750573
3025472,75.01156374697867
3025473,-131.81379981634998
3025474,-111.819295023425
3025475,-38.36000787879201
3025476,-32.007510608030124
3025477,-72.4512411963049
3025478,-108.29479902046187
3025479,-52.80169556127729
3025480,165.9509846493231
3025481,-61.32248541759308
3025482,-122.92719085289518
3025483,-117.70291717541231
3025484,-71.25274109040315
3025485,2128.87613544147
3025486,-121.51554259065055
3025487,-124.7977527805604
3025488,-79.06359765944312
3025489,-6.105313664932321
3025490,-65.56634202195964
3025491,94.24268177534232
3025492,55.33951356062081
3025493,-67.70405570659095
3025494,-22.224414939272076
3025495,-54.02083739318349
3025496,-65.89705650051
3025497,-43.7323747294602
3025498,133.97324442678038
3025499,3.019550076552339
3025500,34.24896985015604
3025501,70.21042781278284
3025502,107.15039389246904
3025503,145.3886451184023
3025504,310.9983282768023
3025505,66.04358088254158
3025539,-131.32845959596196
3025540,-138.0924426030313
3025541,-59.87511127730139
3025542,-147.30486500422992
3025543,-32.081733563318984
3025544,-135.12164024582196
3025545,-102.90625664260988
3025546,-64.53795468514708
3025547,-124.82967517173965
3025548,-181.34945117800706
3025549,-170.80499500909517
3025550,-213.4512268257503
3025551,1778.8966254473944
3025552,-102.03399578494718
3025553,-92.05140700692463
3025554,-20.33500532461566
3025555,-0.3950400398555689
3025556,-32.12930920177386
3025557,74.54969451031157
3025558,108.42916846889166
3025559,-46.741975748592075
3025560,-71.18548581182294
3025561,-41.8163308246665
3025562,-85.75869316857761
3025563,-62.434750636510024
3025564,103.18724437489637
3025565,-16.337612196671937
3025566,20.32181037751771
3025567,62.23487345324403
3025568,101.8192177153257
3025569,123.06808462628551
3025570,142.8319024311265
3025571,109.78016679594448
3025572,-138.96534246093395
3025573,-120.18997434554221
3025574,-54.192580004861874
3025575,1827.1273305729912
3025576,-69.00367346488274
3025577,43.402709516963306
3025578,-39.57315174415525
3025579,547.9004942373715
3025580,346.8490929176398
3025581,58.73782524420695
3025582,-21.5741508920626
3025583,-104.12326702509408
3025584,2128.0601401452204
3025585,-98.19268617013567
3025586,-87.7434592250841
3025587,-53.14256158896914
3025588,-8.330902804159717
3025589,-44.19480912800763
3025590,49.95343005988999
3025591,-27.798012811275196
3025592,-44.530367226382886
3025593,-47.648200605006686
3025594,-14.689631687303784
3025595,-25.722950733792725
3025596,-15.227678129920417
3025597,144.44422760788186
3025598,27.478534803582267
3025599,78.01979503124649
3025600,102.28944091872309
3025601,109.93781582167976
3025602,203.26712668085767
3025603,43.37276188895677
3025604,25.686018814391634
3025605,-135.6571754942186
3025606,-115.66267070128997
3025607,-42.19497911708712
3025608,-122.56685350212938
3025609,-52.13613481094652
3025610,-103.05394517199856
3025611,-64.38341099378412
3025612,119.28111555117648
3025613,-96.94657242117118
3025614,-64.72439239636678
3025615,-114.99167385704804
3025616,-175.61397673667628
3025617,2080.560140704701
3025618,-117.95702451257516
3025619,-124.64931135859369
3025620,-79.4638704773618
3025621,-33.49635672215462
3025622,-65.41626214397756
3025623,67.45510250408525
3025624,-55.8700889272889
3025625,-51.18216914187523
3025626,-86.7092187700212
3025627,-44.85271675250423
3025628,-67.55560029888947
3025629,-42.15968784105625
3025630,132.67673402135435
3025631,6.636516531040531
3025632,37.975404898581665
3025633,74.55229838751912
3025634,111.12233766289928
3025635,74.53741444206908
3025636,74.89614188514106
3025637,66.40448581717483
3025638,-129.58533553513806
3025639,-110.98535666536081
3025640,-92.38537779558719
3025641,531.6122964641411
3025642,-127.25855594510794
3025643,-77.66722635972546
3025644,15.3794209607906
3025645,77.85723738570978
3025646,-56.34004237823027
3025647,-66.59124457134094
3025648,-98.44018964760453
3025649,850.4416016591296
3025650,1216.2516038975937
3025651,-93.45385866013571
3025652,-104.52457067178743
3025653,-98.63849033290562
3025654,-27.376221280010025
3025655,-55.895393838418194
3025656,-8.815362539565097
3025657,-53.78947836581418
3025658,-57.411657834178904
3025659,-61.03383730254226
3025660,-41.411797993739846
3025661,-63.22025661813931
3025662,-61.64382416073503
3025663,43.88964384028551
3025664,-2.920802904375971
3025665,23.533522823329537
3025666,49.343532199540014
3025667,78.29757688156242
3025668,109.95962726106946
3025669,96.70541103951037
3025670,86.76546701888147
3025671,-124.42953159745848
3025672,-104.81863219318511
3025673,-33.30356227873816
3025674,200.77689083318475
3025675,-17.18814563722189
3025676,-24.826231295589235
3025677,-78.37846092034196
3025678,125.57312104984176
3025679,1.6699400289964683
3025680,3.388804207612527
3025681,-100.06652833734442
3025682,-124.19740874849656
3025683,1672.7034873240666
3025684,-66.54007806989766
3025685,-82.53107895354712
3025686,-58.276390827025615
3025687,-66.19900897683219
3025688,-47.69209112621619
3025689,57.87088657185378
3025690,-70.68957194946374
3025691,-84.1045406223855
3025692,-91.31653317510545
3025693,-79.54459153104544
3025694,-78.5173564773193
3025695,-55.391445523372376
3025696,116.35789953956755
3025697,-2.684339691211601
3025698,28.482449493172414
3025699,64.82372585872618
3025700,101.08045228925148
3025701,725.8178578074824
3025702,116.4730096950404
3025703,109.22213189490658
3025836,-93.25923988364484
3025837,-90.97014597132038
3025838,-114.75438293871302
3025839,168.7568850690943
3025840,-3.32360837846026
3025841,-93.7969367515423
3025842,-75.64392039306476
3025843,88.82128131362806
3025844,-77.86118288130892
3025845,-11.469193178353446
3025846,-99.78425585684253
3025847,64.06524723748323
3025848,1429.702517168959
3025849,-87.29579260160521
3025850,-65.4079884704759
3025851,-19.292188350210193
3025852,26.36811841435902
3025853,-5.29579619123005
3025854,76.38456640993054
3025855,4.691270854473903
3025856,120.92266010051317
3025857,-25.45666484983057
3025858,18.5053182919598
3025859,-37.1410871905944
3025860,-24.716622033692413
3025861,123.53484951236642
3025862,24.641419547568336
3025863,64.76341667352581
3025864,92.20780031940258
3025865,121.60591204941029
3025866,2338.1234329456893
3025867,65.49509002949772
3025868,59.34249810030561
3026199,-92.78619320927719
3026200,-88.44647915575005
3026201,-112.23071612315361
3026202,187.32853491396347
3026203,-3.3520678044940655
3026204,-82.08566324966414
3026205,-73.67764073662038
3026206,113.84296140543047
3026207,-93.87877396295498
3026208,-142.27685534424361
3026209,-100.38281655989185
3026210,70.14348792403537
3026211,1601.3732181657356
3026212,-87.3049206063278
3026213,-65.32260340206544
3026214,-19.640460877858498
3026215,52.885749726015966
3026216,-5.644068718878582
3026217,53.011644695543474
3026218,4.573469230899452
3026219,96.42102736244415
3026220,-25.574466473406385
3026221,-4.661716110977334
3026222,-38.403922963828144
3026223,-23.503356340792646
3026224,139.33249774944144
3026225,26.211005680708883
3026226,55.13618687864729
3026227,91.5575351452837
3026228,124.31114228998895
3026229,2359.0732074920384
3026230,68.27805106378328
3026231,62.12971543062732
3026562,-100.01255256375843
3026563,-104.79216839160544
3026564,-35.55960391904481
3026565,151.13595774163988
3026566,4.61552457847684
3026567,-88.59422667417202
3026568,-78.95251292506764
3026569,138.80015529634895
3026570,-60.440148266627865
3026571,-86.00611933407144
3026572,-92.34196002259641
3026573,97.85749379457748
3026574,1784.5105893662183
3026575,-96.015017811743
3026576,-77.20203096691357
3026577,-55.51267835621346
3026578,42.873579230846836
3026579,-16.176524132475645
3026580,84.42807224453709
3026581,-12.066673228134771
3026582,117.25537951800852
3026583,65.29724248668317
3026584,-22.92877164654855
3026585,-44.980242378564334
3026586,-31.114136993581536
3026587,129.16012212769257
3026588,16.335908140119688
3026589,50.98071287292097
3026590,88.84183819048594
3026591,103.61892200453822
3026592,2429.674262257113
3026593,48.41681781919052
3026594,42.293204936579706
3026925,-97.99962468362246
3026926,-98.9000093474995
3026927,-125.13353923705544
3026928,128.14404399340967
3026929,2.987854790642093
3026930,-72.77191467967786
3026931,-75.53800289963583
3026932,120.4174909919504
3026933,-76.11515582212341
3026934,-149.13714709042213
3026935,-94.66840417371468
3026936,103.60350397831617
3026937,1484.5159294624086
3026938,-95.07785334352029
3026939,-74.65205656747223
3026940,-52.395982697295075
3026941,-7.345796193752033
3026942,-13.967924410378867
3026943,87.68964019541836
3026944,-8.880006684617495
3026945,83.08697689957553
3026946,-40.03217305327852
3026947,-19.098273120788047
3026948,-45.18038142349614
3026949,-9.654639393714017
3026950,134.74175131599415
3026951,20.19443100800955
3026952,52.183311105864696
3026953,88.60465937250156
3026954,111.00364235032312
3026955,1902.5199329746931
3026956,55.728617709247565
3026957,49.605167831774644
3027288,-97.1875361241935
3027289,-93.88085366351042
3027290,-27.41022795114149
3027291,91.84371871404547
3027292,21.490928559077663
3027293,-76.31083809086776
3027294,-54.07124377596191
3027295,115.20274783238456
3027296,-52.91926933227732
3027297,-104.98415226736715
3027298,-80.13676962128947
3027299,303.4592630175751
3027300,1362.3653969601899
3027301,-95.03016650859927
3027302,-89.76655211711743
3027303,-23.120152903433603
3027304,-1.102231407051288
3027305,-31.454396940241434
3027306,100.29904933511348
3027307,-22.406391082742896
3027308,22.335377154737404
3027309,-54.503159607889565
3027310,-33.15625154162061
3027311,-55.795118504032224
3027312,-31.622750345676007
3027313,132.94205061428622
3027314,13.609938909458112
3027315,45.48268742536103
3027316,81.90403569199516
3027317,100.74930393854284
3027318,1927.5054848359812
3027319,45.903208644702055
3027320,41.06276671410861
3027486,-91.94324466009748
3027487,-80.13602356493975
3027488,-102.13604886089415
3027489,200.65858813673114
3027490,-3.465905508609278
3027491,-49.79032682186406
3027492,-65.81252211081737
3027493,145.68451830575324
3027494,-75.1802891182413
3027495,-140.08355880274374
3027496,-102.7770593720873
3027497,94.45645067024641
3027498,1696.2224911501614
3027499,-87.34143262521972
3027500,-66.07167871468543
3027501,-21.03355098845331
3027502,51.552610778275685
3027503,-7.0371588294727125
3027504,52.749527554348525
3027505,4.1562979063262055
3027506,96.22917492288362
3027507,32.7936692045184
3027508,18.26550274250822
3027509,-44.22853402824857
3027510,14.48438663033831
3027511,144.86484734380767
3027512,26.160747295984226
3027513,53.5821240404459
3027514,88.95647444880952
3027515,125.37782271544502
3027516,2009.73370467888
3027517,79.40989520091416
3027518,72.04469137037013
3027519,-98.12036586628055
3027520,-95.50820528892545
3027521,-122.05007797661783
3027522,122.26532516362313
3027523,4.501686874356171
3027524,-89.16052628230754
3027525,-71.08739429927009
3027526,96.6949251093558
3027527,-58.29543325617377
3027528,-147.04144501671888
3027529,-94.7362028347914
3027530,122.17045654078898
3027531,1590.350684885859
3027532,-91.8280490372412
3027533,-76.82885476575295
3027534,-3.462378443657865
3027535,15.700024379592112
3027536,-16.62761240607669
3027537,108.68988943315362
3027538,-12.537879722433711
3027539,124.12163951278553
3027540,-25.199621999994445
3027541,-22.530682276673172
3027542,-50.03158547149341
3027543,-25.547436566381105
3027544,136.78698936750672
3027545,19.836989764749166
3027546,49.819429227373995
3027547,86.24077749400904
3027548,114.4398429668524
3027549,2393.0753645154687
3027550,59.54866195632413
3027551,53.104819881664945
3027552,-97.6473191919129
3027553,-93.18721451326455
3027554,-22.941269841225942
3027555,131.45904483054366
3027556,4.4732274483278225
3027557,-88.8364778303101
3027558,-69.12111464281843
3027559,144.59971963768677
3027560,-73.93606811133559
3027561,-134.7512970226442
3027562,-95.33476353783935
3027563,176.99507347399307
3027564,1734.1272893866317
3027565,-90.78130684361558
3027566,-76.73556071546254
3027567,-29.585391428026053
3027568,-10.11825625785131
3027569,-16.740384474477462
3027570,133.09559595144148
3027571,-12.655681346010208
3027572,113.83541354093104
3027573,-25.09052518932712
3027574,24.120451199198857
3027575,-48.99475020997787
3027576,-24.15576145958111
3027577,139.26117523273044
3027578,19.5861850023518
3027579,49.169164053254654
3027580,85.59051231988924
3027581,117.14507320742878
3027582,2459.5476432587857
3027583,62.331622990607876
3027584,55.323286691549775
3027585,-133.4813238107661
3027586,-163.72612617583835
3027587,-92.0521890203443
3027588,-208.36535948270537
3027589,-9.548165462644459
3027590,-62.397821930627096
3027591,-111.92208521711363
3027592,-3.3636503057103186
3027593,-142.22389215621186
3027594,-42.72713048252971
3027595,-49.69475902417779
3027596,-63.358130941806884
3027597,1847.1971108474368
3027598,-117.21365989604185
3027599,-98.96354952153881
3027600,-52.21070234855714
3027601,-5.516152572751292
3027602,-35.028073494368336
3027603,101.33319772134469
3027604,-49.31821435550436
3027605,-65.36659861807657
3027606,-3.4419157286145423
3027607,-11.76129443985273
3027608,-33.86696796311916
3027609,-24.017130363808786
3027610,103.27854305533238
3027611,8.271770226160886
3027612,30.70180378243659
3027613,68.97321448639805
3027614,79.18978444147315
3027615,25.593420133070328
3027616,307.07483782208254
3027617,13.50868746216084
3025869,-45.75565711999915
3025870,-93.73602996523805
3025871,-20.825457556794202
3025872,-129.73511778893842
3025873,-15.326654591027175
3025874,-65.40537925586686
3025875,-70.99089735802299
3025876,-576.1105332983304
3025877,-93.7381607989253
3025878,-320.14329815444927
3025879,-52.32074030475341
3025880,-60.08565152609791
3025881,1464.5755621705077
3025882,-42.26338118972675
3025883,-76.40026909702594
3025884,100.79069326230679
3025885,95.7222390746701
3025886,-16.478171291874144
3025887,295.26506680288907
3025888,55.714227928820456
3025889,-17.302709135631442
3025890,-14.547261315411827
3025891,32.91043410799485
3025892,-19.518792464872416
3025893,108.15750386222153
3025894,170.22648961529532
3025895,37.68789859368436
3025896,77.23117079934964
3025897,202.9392086766895
3025898,158.03678291165963
3025899,747.5600779497329
3025900,66.88659924737767
3025901,60.719855943502544
3025902,-188.21660323451832
3025903,-218.46140559958693
3025904,-143.03660195036244
3025905,-398.2525626932409
3025906,-21.616232601186123
3025907,-99.78271488547107
3025908,-175.55325040174174
3025909,-200.6899624113219
3025910,-409.1838516916303
3025911,-138.94073828250728
3025912,-74.28429878646584
3025913,-142.43203772553127
3025914,1863.9945708431417
3025915,-88.71838045260078
3025916,-79.16722564068691
3025917,-32.41437846770467
3025918,-10.848697556102291
3025919,-14.470182905879295
3025920,86.30454494952319
3025921,-23.902978294361713
3025922,-56.58340678061703
3025923,-46.1165214428493
3025924,-19.70074580459804
3025925,-20.804279978987136
3025926,-4.614297788693687
3025927,97.13835510272129
3025928,25.873751609501785
3025929,44.092847516216544
3025930,66.47851760313252
3025931,96.3909563288009
3025932,94.39947116345884
3025933,232.13616189423394
3025934,30.149525706347237
3025935,-137.2693397225037
3025936,-159.93401871128552
3025937,-182.64160751198395
3025938,118.99245635305051
3025939,-63.17529323905982
3025940,-110.8649284409319
3025941,-144.48960708543635
3025942,17.213426026009262
3025943,-159.03353622247394
3025944,22.600405796052843
3025945,-42.37521017131511
3025946,-134.75439710433673
3025947,1979.2715680423187
3025948,-94.06894092888403
3025949,-94.79277457832715
3025950,-90.56126038165102
3025951,-71.77947459464126
3025952,-51.594886557347344
3025953,75.69429309330253
3025954,-44.97299642344641
3025955,-47.231806695599325
3025956,1.1635087769525012
3025957,-26.65765077443238
3025958,-16.261311725033732
3025959,0.6580835979918516
3025960,128.46160403401538
3025961,32.2067026011625
3025962,46.44431219573081
3025963,67.84708170761014
3025964,92.98901852727722
3025965,60.69702764633731
3025966,66.56052117143572
3025967,40.856410609307396
3025968,-127.55918682469455
3025969,-150.2238658134727
3025970,-172.97190547977405
3025971,239.22378093727386
3025972,-62.0394194856024
3025973,-92.82493826280442
3025974,-135.7984331977266
3025975,54.62183732276318
3025976,7.2595567942400585
3025977,12.549299011381851
3025978,-40.824339074327135
3025979,-109.60027481805837
3025980,1923.4711019032773
3025981,-93.29865738197991
3025982,-93.55269279124609
3025983,-89.32117859456984
3025984,-70.47481266917957
3025985,-50.617774433047806
3025986,78.07753351257766
3025987,-43.42388755471146
3025988,-47.026817364248735
3025989,-36.739739403665034
3025990,-26.452661443081336
3025991,-16.063455234066435
3025992,-0.48985598341441117
3025993,129.98482111894802
3025994,31.406091021555046
3025995,45.643700616127
3025996,67.6880349445084
3025997,95.28103412233686
3025998,61.74039594441111
3025999,53.95554920913465
3026000,42.595746329988934
3026001,-163.52301701753348
3026002,-186.9347691024366
3026003,-112.14572880689484
3026004,37.06425915463043
3026005,-49.538788169514
3026006,-77.08039163855464
3026007,-156.36780902612625
3026008,31.585524156599792
3026009,-207.3706123705904
3026010,2.9007209294379277
3026011,-38.690443765876616
3026012,-98.36542061895697
3026013,1844.0314874648366
3026014,-107.70019320778628
3026015,-101.85667697764977
3026016,-69.64578636977699
3026017,-57.639871353774915
3026018,-64.21803112469188
3026019,-4.6015185617462
3026020,-78.03046220586025
3026021,-61.331604099823416
3026022,-45.139286223721946
3026023,-35.73337544639643
3026024,-27.512952098452654
3026025,-13.154168119561557
3026026,96.8666033922038
3026027,15.954822126642473
3026028,30.50931724974426
3026029,52.842358861680815
3026030,86.33197979242159
3026031,48.19022353481861
3026032,67.51611332875127
3026033,30.825579213525277
3026034,-119.5270801332761
3026035,-143.09173770072337
3026036,-166.6563952681743
3026037,-177.7449797493271
3026038,-44.49091520378969
3026039,-93.33758509385443
3026040,-143.65514383417283
3026041,-62.37044130720896
3026042,-228.36688303482768
3026043,-43.447787573537234
3026044,-82.0276025463766
3026045,-152.7938294350843
3026046,1905.409201785883
3026047,-89.35643678801289
3026048,-81.4192670396515
3026049,-35.50431048919544
3026050,-15.499065795890413
3026051,-21.7883307548157
3026052,116.03997475948923
3026053,-14.685601356950013
3026054,-29.74768606192428
3026055,-40.74176069911008
3026056,-10.21900570158395
3026057,-20.176437468191846
3026058,-9.941442682678638
3026059,119.66866126307214
3026060,20.31745203784131
3026061,39.505807297094826
3026062,77.8873484089465
3026063,115.8904860142995
3026064,80.363346209662
3026065,56.59184970682755
3026066,69.46782937863891
3026067,-60.24718432712579
3026068,-104.77990635026326
3026069,-134.21278153635174
3026070,495.9229636973334
3026071,14.181408130279312
3026072,-448.6116814268997
3026073,-41.3472111653762
3026074,-19.03536029973547
3026075,-98.44040314009798
3026076,-226.2209707303994
3026077,-66.6441282017352
3026078,-56.94041156680638
3026079,2712.274724673348
3026080,-11.7255311741017
3026081,-85.12945306598117
3026082,85.29258735597996
3026083,103.40711485369066
3026084,-42.68196136805617
3026085,224.6084483982249
3026086,-40.336041846461775
3026087,-56.38442610903511
3026088,-72.43281037161005
3026089,64.63067196379298
3026090,-42.85610337089455
3026091,108.30541634037827
3026092,49.86870903091832
3026093,9.438241260156435
3026094,81.06305777746157
3026095,200.5983886049123
3026096,159.55535108712613
3026097,762.3831083995881
3026098,38.947018652324196
3026099,36.96135571659689
3026100,-102.71024462755194
3026101,-88.40801141208685
3026102,-112.06007323158592
3026103,126.63321638409543
3026104,-10.747700413673368
3026105,-56.770050756928676
3026106,-67.31789818795805
3026107,162.88975117107586
3026108,-160.89837867064196
3026109,-32.245921085566614
3026110,-87.71973029936025
3026111,-0.8969007178750803
3026112,1734.1469251148317
3026113,-99.91222621316119
3026114,-82.79840017986162
3026115,-37.06469136789409
3026116,-17.090658766177324
3026117,-22.953648550540304
3026118,144.62796238569805
3026119,-12.466744416489785
3026120,-27.623307156642834
3026121,-24.95365055558231
3026122,-58.99693731411825
3026123,-47.4786377283497
3026124,-26.701376933049044
3026125,142.31620179294097
3026126,21.989049646683004
3026127,51.55672739498342
3026128,87.97807566161892
3026129,124.39942392825397
3026130,73.73136310600803
3026131,239.69449552251282
3026132,66.92478251746134
3026133,-108.46610276641404
3026134,-105.65170067748367
3026135,-32.74112826903255
3026136,-62.51060266787207
3026137,-25.658175994739207
3026138,-73.68195750839259
3026139,-82.84796382249515
3026140,103.3469064187304
3026141,-193.21633209626523
3026142,-68.59600790679796
3026143,-102.84418882318487
3026144,-76.75167874820595
3026145,1902.2150517276061
3026146,-109.76050496912323
3026147,-91.65226726435576
3026148,-45.91855845238846
3026149,-0.10578602736726905
3026150,-31.730169459204756
3026151,135.9925664353834
3026152,-15.94546105299882
3026153,-30.998625707205786
3026154,-28.338841804865563
3026155,-51.0992854201866
3026156,-37.42626268495386
3026157,-27.138412871884878
3026158,121.11063613140296
3026159,7.6378935405175135
3026160,44.74048810863743
3026161,78.41195611154326
3026162,119.22971347235553
3026163,122.97635145551767
3026164,142.40537637644795
3026165,48.26714596092253
3026166,-132.09945798377046
3026167,-118.41895535285111
3026168,-54.24451672530521
3026169,777.4105029399973
3026170,-61.47606495803738
3026171,-91.22590280535296
3026172,-90.80351759247496
3026173,290.29864655473756
3026174,346.1530453102379
3026175,47.650009248373145
3026176,-13.137689976310678
3026177,-92.11110557596548
3026178,1992.6375810936415
3026179,-82.43064133589432
3026180,-80.39806248562188
3026181,-76.07766879698424
3026182,-69.85447803509537
3026183,-50.12097992051353
3026184,71.79526737664237
3026185,-45.074243902123534
3026186,-39.52367580287527
3026187,-29.19688245755132
3026188,-18.88201310996764
3026189,-8.464751318131942
3026190,5.059293136718413
3026191,155.35867213863523
3026192,37.682773683976585
3026193,56.29817365664004
3026194,78.76898061968878
3026195,102.771741351926
3026196,58.16943714750615
3026197,369.78367700811094
3026198,23.23650075530914
3026232,-113.43498817193431
3026233,-137.09275840157605
3026234,-64.29185404913987
3026235,-109.45384990113489
3026236,-9.861219148974481
3026237,-42.04070077034775
3026238,-90.29300899617083
3026239,167.4288472089149
3026240,-193.13936597064074
3026241,-37.67631092585433
3026242,-56.94844169284696
3026243,-84.9565733824857
3026244,1857.4891180335753
3026245,-111.65071472802337
3026246,-103.59595235824376
3026247,-57.93564559367454
3026248,-38.050079285824076
3026249,-43.10172147152051
3026250,108.84516163394433
3026251,-48.09095570577191
3026252,-64.16653370074373
3026253,-56.51341334665248
3026254,-40.89623295062555
3026255,-46.71352745719813
3026256,-38.43094546644242
3026257,104.55980801792766
3026258,1.3391712379600063
3026259,38.17418325358741
3026260,76.44559395754705
3026261,89.51823902823317
3026262,35.397574338401874
3026263,345.9074953085844
3026264,25.257904720893027
3026265,-109.687052832064
3026266,-115.32023061730688
3026267,-139.46158371084564
3026268,21.156089050328962
3026269,0.6458028104618347
3026270,-48.06882414904138
3026271,-61.58509802759799
3026272,110.71390400189667
3026273,-184.72257941545539
3026274,-63.566221860549184
3026275,-63.91253524419634
3026276,36.943028901083686
3026277,1674.281200707349
3026278,-98.32386698890359
3026279,-101.07768017801611
3026280,-57.420886318276224
3026281,-37.535320010425984
3026282,-45.35665114377051
3026283,104.4712603232585
3026284,-43.77952858129678
3026285,-59.8279128438708
3026286,-75.87629710644414
3026287,-39.867602740977226
3026288,-58.47964267628485
3026289,-42.82297201283544
3026290,124.04925831401461
3026291,6.494378765147946
3026292,44.765789469108505
3026293,83.03720017306905
3026294,87.74703206280238
3026295,187.30532859264096
3026296,33.71284508594655
3026297,29.11039747000378
3026298,-107.57302794914612
3026299,-107.57905911606467
3026300,-131.36329608345366
3026301,230.0600227681036
3026302,-8.56476033524886
3026303,-54.735397238470604
3026304,-80.00626655305932
3026305,108.7893565571896
3026306,-10.653971646216444
3026307,0.8142054074334806
3026308,-74.38426178006266
3026309,-90.64850637041427
3026310,1601.8818068580701
3026311,-98.11412969112602
3026312,-91.98710851021933
3026313,-46.3268017456492
3026314,-26.441235437799644
3026315,-32.33040958666883
3026316,120.64525424095741
3026317,-31.48312002427046
3026318,-47.47695229460968
3026319,-64.05270429254578
3026320,-47.06454789444778
3026321,-54.4336613054218
3026322,-33.332165104641525
3026323,130.35939413274238
3026324,13.253278190914177
3026325,48.269653143941206
3026326,84.69100141057761
3026327,112.06646731188194
3026328,160.88493863543746
3026329,358.22439605624066
3026330,54.54013178912847
3026331,-96.11451422722784
3026332,-107.4694484802556
3026333,-134.57372395300516
3026334,-41.518240724820124
3026335,1.359670496414044
3026336,-80.74839744347882
3026337,-116.45246949336142
3026338,-38.485062756873766
3026339,-140.86656589588873
3026340,-89.30046990459623
3026341,-148.39623333332045
3026342,201.96260060979054
3026343,1109.5492934976028
3026344,-61.431139322701746
3026345,-53.790222111646166
3026346,-34.450597056792766
3026347,9.915876058145802
3026348,2.6420115239015627
3026349,20.660884834941232
3026350,-14.175837576916859
3026351,-15.108816326121808
3026352,-36.55086901274425
3026353,-46.11065574596595
3026354,-72.42941676108494
3026355,-55.25415799967667
3026356,112.8058146330297
3026357,3.045470466577815
3026358,35.67678020912691
3026359,72.05609750939512
3026360,108.43541480966287
3026361,1711.5265339044015
3026362,124.84060457072265
3026363,116.70833544224952
3026364,-126.5849305429172
3026365,-146.42263754401827
3026366,-171.04586078687024
3026367,-105.73447021855354
3026368,-17.14479175986052
3026369,-99.76305239774301
3026370,-134.10045269216496
3026371,4.858661736179062
3026372,-86.19208449854777
3026373,-111.77738846992797
3026374,-95.46990699631378
3026375,-148.80027351825564
3026376,1285.1513691600153
3026377,-79.24875288729008
3026378,-85.19434245613415
3026379,-47.4396020980544
3026380,51.44128030333214
3026381,-35.09256094478727
3026382,-13.536767098001103
3026383,-53.45830628378511
3026384,51.23302702805969
3026385,-72.30972030144021
3026386,-62.234888203413256
3026387,-55.05701586747981
3026388,-47.87914353154364
3026389,102.64176635142321
3026390,-0.1108758111643442
3026391,38.1224939580845
3026392,76.35586372733242
3026393,102.96070001813196
3026394,2650.02685711263
3026395,44.729831784578174
3026396,39.372160764506326
3026397,-106.81424594504169
3026398,-89.32745845813297
3026399,-22.2219088951886
3026400,282.0638832001052
3026401,-20.53166123752707
3026402,-76.91783662324706
3026403,-29.802531080872352
3026404,91.19275040626435
3026405,-42.1984720352555
3026406,-113.08839432005361
3026407,-91.14858238152355
3026408,299.6745945697032
3026409,939.2272870499946
3026410,-73.23060031970935
3026411,-69.36879450404426
3026412,-69.40673847457974
3026413,-10.182259726578462
3026414,-46.050713776834336
3026415,-22.541051100806538
3026416,-58.296143296959634
3026417,96.22898223518287
3026418,-74.50381951592344
3026419,-39.11654244150012
3026420,-73.27984882984019
3026421,-48.49169739771404
3026422,125.4860606100071
3026423,6.111067376375747
3026424,33.52040198784854
3026425,69.61471646668288
3026426,105.17199822104631
3026427,1871.4125260387752
3026428,72.74661249437413
3026429,64.80542980636547
3026430,-111.14710201520465
3026431,-101.82643751203322
3026432,-125.61067447942223
3026433,102.83718599554159
3026434,-31.594603868111147
3026435,-110.3877798938236
3026436,-114.85168237325051
3026437,4.748438294215891
3026438,-111.58464031261137
3026439,7.539335127773672
3026440,-106.97933361067207
3026441,-161.95818880711252
3026442,1361.3379578010447
3026443,-86.48799148480161
3026444,-80.68196756664956
3026445,-60.9246671904937
3026446,-41.16736681433694
3026447,-21.410066438180177
3026448,33.43285082362578
3026449,-21.288037942384374
3026450,21.587840029277874
3026451,-56.51555324602922
3026452,-32.265617991473654
3026453,-44.16955881718585
3026454,-26.759681687178084
3026455,131.20842219618837
3026456,20.263608504637165
3026457,50.58430277182671
3026458,86.96362007209127
3026459,123.34293737235949
3026460,1295.6232804307276
3026461,91.212060734638
3026462,87.6395508976645
3026463,-128.47659806589107
3026464,-154.3039804607786
3026465,-82.13015839377367
3026466,-119.48512943227142
3026467,-20.232957109573174
3026468,-107.42968236169399
3026469,-150.17130976756997
3026470,-18.38615048625324
3026471,-110.23517777112993
3026472,-142.5629316284783
3026473,-102.94020024582669
3026474,-155.59544443214375
3026475,1376.9521959060612
3026476,-72.85297895852118
3026477,-78.16531002225888
3026478,-43.272480283191534
3026479,2.3882727905290335
3026480,-30.887942610642806
3026481,27.080740094637537
3026482,-49.77506258019552
3026483,48.750777302611105
3026484,-73.49338029767459
3026485,-24.243403596919773
3026486,-55.22959876997019
3026487,-48.051726434034926
3026488,103.3464560170607
3026489,0.4220871770828194
3026490,38.613425979962095
3026491,76.81428640511076
3026492,109.52430580033861
3026493,2534.9928847717824
3026494,51.41060074982598
3026495,47.027013733151044
3026496,-102.5570438109633
3026497,-88.51328626968352
3026498,-21.965031516813536
3026499,328.85814776958904
3026500,-23.05584561590221
3026501,-62.21416558942364
3026502,-92.87305936759076
3026503,163.5513774580506
3026504,-193.9756648938326
3026505,-97.73755433550905
3026506,-103.82613683276922
3026507,-90.25640848754124
3026508,1838.9537743315022
3026509,-87.78462652392675
3026510,-71.0656705622337
3026511,-24.180560620525778
3026512,-4.567410398780378
3026513,-13.450875905243077
3026514,111.67521457608923
3026515,-20.172264738201914
3026516,-38.927532357075314
3026517,-57.68279997595008
3026518,-45.52691799229732
3026519,-55.33566617560499
3026520,-32.30104000485725
3026521,132.281738391973
3026522,20.607084514001333
3026523,48.50787108122241
3026524,79.05577171213436
3026525,115.43508901240166
3026526,153.9369465268489
3026527,127.29144867015403
3026528,120.0951600061323
3026529,-102.79654745785847
3026530,-87.94545679281764
3026531,-86.70992022164391
3026532,316.4588596730111
3026533,-23.084305041934197
3026534,-61.95618332363373
3026535,-91.0159368030425
3026536,185.76680529796087
3026537,-187.25549744197522
3026538,-126.15190004100968
3026539,-104.66015942530093
3026540,-56.56509455746758
3026541,1723.191827286433
3026542,-88.19706209456346
3026543,-71.43019856954315
3026544,-24.528833148174993
3026545,19.94200713135611
3026546,-14.777882679358338
3026547,107.01176097905677
3026548,-22.588801856708
3026549,-41.34406947558163
3026550,-59.70236350901295
3026551,-28.792335368200195
3026552,-56.591667176410546
3026553,-33.55704100566417
3026554,130.35975561229063
3026555,20.194319519941207
3026556,48.191827521310834
3026557,78.41784571176477
3026558,114.79716301203207
3026559,153.66660447686738
3026560,129.53739642654975
3026561,122.34110776252801
3026595,-129.8591214156029
3026596,-154.2496465507418
3026597,-177.7488028876858
3026598,-96.73916252870985
3026599,-29.00793114516527
3026600,-58.27315195142436
3026601,-131.72680718870905
3026602,114.40697975589065
3026603,-110.28931451015414
3026604,33.35443898630748
3026605,-60.646256280222396
3026606,-155.83111727802546
3026607,1527.4602174537135
3026608,-87.93201743792615
3026609,-86.60618988594562
3026610,-82.47400035114951
3026611,-64.07115237474186
3026612,-43.77156374328005
3026613,42.04121282674188
3026614,-59.82293894740068
3026615,-76.61827743289432
3026616,-66.43275178099684
3026617,-56.24722612909981
3026618,-47.11817782609322
3026619,-39.94030549015887
3026620,69.52552436067636
3026621,-2.3601388438008075
3026622,33.30048139444826
3026623,71.49182019732798
3026624,105.40612333893905
3026625,51.74670165221024
3026626,47.66299093111976
3026627,42.18248907417975
3026628,-147.16632059771908
3026629,-171.10248542773732
3026630,-195.03865025775556
3026631,-342.4379601310873
3026632,-41.45627299252809
3026633,-94.41249601255986
3026634,-154.3491209133306
3026635,-42.33587489054188
3026636,-230.12763134845025
3026637,-27.92814782862278
3026638,-83.13523537321753
3026639,-154.10611677118894
3026640,2053.2707821796594
3026641,-83.20058900484018
3026642,-79.29043422597572
3026643,-41.425541379187315
3026644,4.308167432779516
3026645,-27.75856720962319
3026646,97.86706253594862
3026647,-33.59669817632929
3026648,-55.94694676376711
3026649,-55.43470320119085
3026650,-25.50717469248529
3026651,-34.85685572550373
3026652,-24.210661063464425
3026653,107.96110132844906
3026654,11.865859384822858
3026655,38.279124946467356
3026656,75.26732716628995
3026657,113.45866596917058
3026658,77.69143990593712
3026659,75.58990338117219
3026660,67.9169268087232
3026661,-128.88854189061274
3026662,-148.86097557921565
3026663,-172.360131916156
3026664,224.43267932965793
3026665,-29.020421896909095
3026666,-57.58675843041855
3026667,-126.76699382817496
3026668,102.38654605152188
3026669,-163.58311109569584
3026670,-9.539091181122597
3026671,-61.20829325235244
3026672,-133.73906579564257
3026673,1321.2676767471803
3026674,-86.66260918866912
3026675,-87.46391144031388
3026676,-56.643911885541264
3026677,-64.79971365235069
3026678,-45.187817603203975
3026679,65.91985595189836
3026680,-59.66769862369009
3026681,-78.48614031960942
3026682,-68.90864215415404
3026683,-58.72311650225655
3026684,-49.21810043505483
3026685,-42.04022809911957
3026686,94.34768469754927
3026687,-1.0749078906090221
3026688,34.6382264054807
3026689,72.82956520836088
3026690,107.52854565296111
3026691,53.46391359880837
3026692,49.371690285641954
3026693,43.89118842870513
3026694,-116.58811817667338
3026695,-101.42018635902677
3026696,-125.20442332641942
3026697,164.56871090900242
3026698,-10.0136668882249
3026699,-20.7373765317141
3026700,-69.64273248735371
3026701,169.51023829189145
3026702,-88.06590032736294
3026703,18.98284156297196
3026704,-65.29185089484763
3026705,-123.46339785498758
3026706,1602.9660472804233
3026707,-91.10818565823699
3026708,-102.49101218742616
3026709,-62.51542913177608
3026710,-69.31546030974418
3026711,-51.66227680899218
3026712,103.9461233130307
3026713,-55.01357106575896
3026714,-71.46871303080142
3026715,-88.04339110396249
3026716,-56.30056258978201
3026717,-56.55820412154552
3026718,-34.14958439963019
3026719,132.21804994285705
3026720,11.04228672640939
3026721,42.61142337900147
3026722,78.24237859973364
3026723,110.36910097247774
3026724,58.387874061075046
3026725,57.047316377537946
3026726,51.58654738726383
3026727,-136.66778900685202
3026728,-160.45104835430791
3026729,-184.2343077017711
3026730,-214.98625881635306
3026731,-42.1282915705331
3026732,-73.00693441928051
3026733,-127.18676391406807
3026734,78.00615301138096
3026735,-127.88995441791648
3026736,24.7595405119384
3026737,-50.92052394083638
3026738,-135.78449996987118
3026739,1866.6562226359486
3026740,-91.0375661829817
3026741,-86.90537664818639
3026742,-30.770396688644762
3026743,-44.20277875773153
3026744,-49.587634846552
3026745,71.30113749901507
3026746,-62.42872846302456
3026747,-67.1280330785683
3026748,-56.94250742667217
3026749,-46.756981774774694
3026750,-36.57145612287676
3026751,-22.782348346442898
3026752,99.26412026888438
3026753,5.596894418092877
3026754,28.57917424316766
3026755,66.77398131932041
3026756,104.96532012220196
3026757,60.23331916848857
3026758,54.20308084792733
3026759,48.17284252736564
3026760,-121.61972209573905
3026761,-113.97944509976041
3026762,-137.47860143671167
3026763,148.17201712964308
3026764,-23.8179796140037
3026765,-47.54309471439118
3026766,-85.54447822675938
3026767,166.78541025420893
3026768,-174.87838160824847
3026769,-9.781881727658213
3026770,-56.25227317953094
3026771,-149.93927999307087
3026772,1572.9925544060623
3026773,-92.4852169871961
3026774,-103.30281961136602
3026775,-94.68641448419253
3026776,-75.27113458891681
3026777,-57.617951088164126
3026778,12.661669599865679
3026779,-65.4730087696676
3026780,-82.04768684282753
3026781,-78.85541063999635
3026782,-44.12310732930863
3026783,-57.57826111765488
3026784,-44.04695414876259
3026785,106.15015991601804
3026786,1.3416119290738675
3026787,39.14463217939575
3026788,77.37800194864504
3026789,103.20907707454326
3026790,170.57725053809983
3026791,45.75733846038312
3026792,42.734565087034035
3026793,-54.94871736517488
3026794,-86.38030039726327
3026795,-17.37758826806275
3026796,941.9952595341704
3026797,-44.6289477658327
3026798,-386.91066226981167
3026799,-31.792722286177007
3026800,-48.724126136096665
3026801,-86.98496976259302
3026802,-209.36781540780774
3026803,-109.8582257907231
3026804,-133.0617474609485
3026805,3427.983332778721
3026806,-17.33778240228052
3026807,-85.02224136111617
3026808,111.15559098181548
3026809,108.62497507484382
3026810,-29.50272740355403
3026811,302.8233350150744
3026812,-44.930695832241135
3026813,66.51947498838418
3026814,30.126947377512995
3026815,69.32405669528835
3026816,-24.92900672809473
3026817,103.24778297502526
3026818,49.730801243766756
3026819,44.92465450961591
3026820,91.2342618179966
3026821,119.41300271470591
3026822,129.98248453832431
3026823,1367.8591581233898
3026824,130.70036536617474
3026825,119.54541517448816
3026826,-129.83306676177634
3026827,-121.04885829644154
3026828,-60.192831192484654
3026829,172.94201079242632
3026830,-42.84419029241216
3026831,-113.88507330348402
3026832,-127.50468756322589
3026833,99.91664350731044
3026834,-91.19911722043416
3026835,-86.21828476802402
3026836,-81.13279220447639
3026837,-136.08706811354503
3026838,1655.470050037946
3026839,-66.07755710303995
3026840,-61.233940038706955
3026841,-57.03322473552411
3026842,-24.26378799129297
3026843,-44.76882817301274
3026844,58.55556412114375
3026845,-71.3057312065519
3026846,39.670018226954845
3026847,-59.38557618658141
3026848,10.59241524067939
3026849,-41.30030648455003
3026850,-34.04513549318771
3026851,93.47891737895152
3026852,1.5345341426484151
3026853,36.73119738934448
3026854,75.05281684742268
3026855,113.3634829045288
3026856,3040.647792247654
3026857,58.908472239941794
3026858,52.72890003174026
3026859,-113.40834665871698
3026860,-94.72625719197349
3026861,-28.17800243909259
3026862,220.22758036868728
3026863,-11.054676656306395
3026864,-88.25068552229168
3026865,-69.40890904949883
3026866,196.26164035003623
3026867,-66.8603477287359
3026868,-101.20480362494054
3026869,-104.02320508324492
3026870,-14.049107344986094
3026871,1672.364873836192
3026872,-78.4962823009419
3026873,-86.49138899581617
3026874,-48.043867170999
3026875,-3.6039821908785075
3026876,-38.500883260852824
3026877,76.68945805687413
3026878,-52.49952622403752
3026879,76.09737209679561
3026880,-81.2196361855702
3026881,-47.22983238261603
3026882,-62.13759037109484
3026883,-16.793883810223445
3026884,127.50132474563334
3026885,10.509283999155475
3026886,38.12980228280795
3026887,72.06328080084513
3026888,108.44658813276756
3026889,2096.3224866078735
3026890,99.29930082755273
3026891,91.67839987705538
3026892,-144.59317423008795
3026893,-131.00938688820568
3026894,-72.20510143106621
3026895,1101.1252938535374
3026896,-48.52455996316602
3026897,-18.028925692565092
3026898,-77.7341748438128
3026899,466.43340326735887
3026900,264.61209290782443
3026901,52.4467097684039
3026902,-10.044130905244668
3026903,-116.7980069340254
3026904,2013.3330692568652
3026905,-68.8422876463848
3026906,-54.99433227408989
3026907,-43.21658374483676
3026908,-37.33575383790143
3026909,-31.687516911885535
3026910,41.232183502012695
3026911,-44.12434133397645
3026912,-33.861517026653736
3026913,-23.598692719330113
3026914,14.325110299457908
3026915,0.09122277853494554
3026916,14.30926486735753
3026917,135.3607372433623
3026918,44.45565190056842
3026919,66.89704585604359
3026920,89.33843981152104
3026921,96.371500990185
3026922,42.363164668058936
3026923,470.5193587878986
3026924,29.553629884554727
3026958,-125.5846906097966
3026959,-112.78242331836263
3026960,-45.96376070802834
3026961,151.4014286627182
3026962,-33.11379241473586
3026963,-73.59135361354747
3026964,-68.68267234239356
3026965,234.65534471975408
3026966,-19.39931752375814
3026967,16.840128320338597
3026968,-53.89777677794908
3026969,-150.88783000414585
3026970,1785.9002536835644
3026971,-90.54262163663877
3026972,-95.79668778231375
3026973,-64.43080944634521
3026974,-52.20636702451001
3026975,-62.08192915629437
3026976,77.10716802469933
3026977,-71.66598684787714
3026978,-88.24066492103684
3026979,-74.82169834888764
3026980,-64.63617269699016
3026981,-55.264205977498285
3026982,-45.826893819927854
3026983,111.17926805512907
3026984,1.1999006999005428
3026985,36.64721827454351
3026986,77.8781535895725
3026987,109.51109219367
3026988,55.90996786462821
3026989,51.674812952888
3026990,46.19431109595208
3026991,-118.19124069298304
3026992,-100.86184192307591
3026993,-101.0983431995217
3026994,273.0677940870948
3026995,-26.437435836328216
3026996,-108.13370866200493
3026997,-77.97316565210785
3026998,127.34235756571907
3026999,-101.54168241562165
3027000,-122.2441046787906
3027001,-92.23942792817279
3027002,-142.80428578767558
3027003,1699.30774231764
3027004,-83.66768236583634
3027005,-96.6220484531871
3027006,-87.60691449715777
3027007,-14.266444767513615
3027008,-49.77771592813409
3027009,24.022413961783247
3027010,-55.78644901271063
3027011,40.52237155897884
3027012,-86.98697233818784
3027013,-44.62191061654702
3027014,-48.25691515151201
3027015,-28.034891662485546
3027016,133.76768461917092
3027017,14.419749621277067
3027018,42.954979440837825
3027019,76.8234167057105
3027020,113.16469307126654
3027021,2274.773250565932
3027022,88.20302444380486
3027023,82.0695159052777
3027024,-126.18016584830075
3027025,-112.43444315434935
3027026,-57.73195486784861
3027027,409.0520155519709
3027028,-40.4340320605559
3027029,-112.78160616684436
3027030,-97.10720060857857
3027031,134.16836833973977
3027032,-62.46962883773157
3027033,-134.25523376184245
3027034,-76.26679188152711
3027035,-129.63291572360507
3027036,1544.4459005360798
3027037,-66.17186168171638
3027038,-61.971146378533184
3027039,-57.770431075350224
3027040,-24.91971693281361
3027041,-45.321103431816745
3027042,64.27721930055277
3027043,-68.29207012671877
3027044,37.49585814406165
3027045,-35.21332498556175
3027046,-8.880615335750274
3027047,-44.962874353130964
3027048,-37.70770336177046
3027049,106.11642841233261
3027050,5.331197925193198
3027051,42.52411193939471
3027052,80.8468338720083
3027053,119.15809284346342
3027054,3200.0694490081237
3027055,60.92076165468162
3027056,53.85106327287823
3027057,-110.88678652598064
3027058,-89.68730800791563
3027059,-22.0204006054726
3027060,546.7783892701239
3027061,-59.71070097390547
3027062,-65.53658747625813
3027063,-71.43516036647524
3027064,283.7645728977024
3027065,-2.8224279020248946
3027066,-101.52570543539314
3027067,-112.00787629520009
3027068,114.92408746757845
3027069,1664.0513428096137
3027070,-86.21760438530752
3027071,-85.70682390787788
3027072,-67.13179348697126
3027073,-20.764205245510578
3027074,-29.9817326451553
3027075,71.65910916051071
3027076,-49.562898499483516
3027077,-57.87065708699155
3027078,-62.173520012964026
3027079,-46.04539508365614
3027080,-69.09171916552559
3027081,-45.87639625340743
3027082,100.43050836730181
3027083,18.156558695815608
3027084,48.07341468942487
3027085,76.37600350684916
3027086,111.05624963969485
3027087,143.0610062713997
3027088,132.3925634737786
3027089,121.42833525720671
3027090,-128.97749539666873
3027091,-122.08141752619012
3027092,-44.67039172619369
3027093,-196.11731949431558
3027094,-17.315845294790773
3027095,-82.46460576335157
3027096,-56.644141893399855
3027097,183.5591108058663
3027098,-30.334125644478075
3027099,-110.5379760551994
3027100,-74.41481026560568
3027101,-99.90603368033366
3027102,2151.9651149656265
3027103,-104.7486142831181
3027104,-117.06373192344726
3027105,-80.62650661450452
3027106,-9.013406034881012
3027107,-69.38304300997224
3027108,56.35976673865681
3027109,78.29377356567711
3027110,-22.135968399391725
3027111,32.40674220151387
3027112,-46.44932421800585
3027113,-68.6308061336129
3027114,-45.66627107243384
3027115,121.89379059392077
3027116,2.186895658994406
3027117,42.704606937788604
3027118,74.81234433301434
3027119,97.84407011372623
3027120,2884.0338422687187
3027121,324.05604480060737
3027122,38.44007591317878
3027123,-128.87174973632025
3027124,-108.7753545106123
3027125,-35.31606736597568
3027126,-177.4920873470426
3027127,-50.95255019522009
3027128,-66.48235735117014
3027129,-54.754554403973806
3027130,175.68206328122434
3027131,-63.547119993754485
3027132,-117.99293441937589
3027133,-112.48152828474785
3027134,-108.19541041438883
3027135,2378.794753373501
3027136,-123.52433319674405
3027137,-122.76624791536851
3027138,-77.03253910340122
3027139,-4.128105981794118
3027140,-63.3070234519926
3027141,110.94015741420863
3027142,32.00225912017478
3027143,84.12779643330505
3027144,49.37398773922924
3027145,-25.552306284421586
3027146,-66.73324560435758
3027147,-41.4146318019505
3027148,132.33827956494744
3027149,5.702702034440524
3027150,61.58873857204363
3027151,74.15393837031225
3027152,110.6046503914692
3027153,2453.101727674558
3027154,306.6490912211877
3027155,58.743968333218355
3027156,-129.59426696862536
3027157,-109.59976217570038
3027158,-36.14047503106739
3027159,-125.18632081124524
3027160,-78.22387599288304
3027161,-50.23459826913385
3027162,-58.38962127149424
3027163,189.7019156987428
3027164,-73.99116568231766
3027165,-135.27397895846914
3027166,-131.8420332022595
3027167,-88.99093768352104
3027168,2248.4408069480287
3027169,-131.50541459397246
3027170,-121.27326934135253
3027171,-75.53956052938501
3027172,-29.439111569588743
3027173,-61.351171536201754
3027174,116.04881179225704
3027175,102.6422950700864
3027176,95.13816717269192
3027177,-14.640234575920925
3027178,-50.34117946298219
3027179,-64.71936116518445
3027180,-42.55467939413737
3027181,133.51275429639392
3027182,2.8843451981885733
3027183,60.54075942848541
3027184,72.27348487585114
3027185,108.02107642679103
3027186,2380.884209906599
3027187,290.85193759974317
3027188,71.33942379589116
3027189,-130.24523355051022
3027190,-110.25072875758887
3027191,-36.79144161295225
3027192,-100.02282879679551
3027193,-82.95971203418485
3027194,-90.67323540480974
3027195,-58.02866769092251
3027196,224.9195078392788
3027197,-80.25993579609421
3027198,-136.51192572471498
3027199,-133.35315893087616
3027200,-80.24231587633658
3027201,2229.387958152264
3027202,-131.04497722165073
3027203,-121.88641340495478
3027204,-76.15270459298817
3027205,-3.164779991138214
3027206,-61.96431559980309
3027207,116.31164766764114
3027208,14.878588904135729
3027209,23.827679283910772
3027210,33.31161326333878
3027211,-52.182932382227854
3027212,-66.24567644879862
3027213,-43.89271694033531
3027214,130.70068918086892
3027215,2.1436455294926486
3027216,34.03234709365571
3027217,70.58200988913195
3027218,107.03272191028846
3027219,2480.778249570622
3027220,303.7929044703034
3027221,73.15316009500948
3027222,-130.89620013238417
3027223,-110.90169533946646
3027224,-37.44240819482983
3027225,-106.06331704644508
3027226,-87.69554807549393
3027227,-128.2899569367826
3027228,-57.6677141103526
3027229,179.96493825344734
3027230,-96.31930663763596
3027231,-137.749872490959
3027232,-135.2966581073081
3027233,-71.49369406915484
3027234,2225.5879199786605
3027235,-130.58453984932922
3027236,-122.49955746855703
3027237,-76.76584865658997
3027238,-30.63542411536586
3027239,-62.57745966340534
3027240,77.21218472295705
3027241,103.16796682085597
3027242,23.513319605543263
3027243,8.5967280263305
3027244,-10.167080123019144
3027245,-67.81061242924152
3027246,-45.23075448653689
3027247,131.83993682507955
3027248,1.4029458607976335
3027249,33.29164742496069
3027250,69.59365537262802
3027251,106.04436739378453
3027252,2180.5729290440167
3027253,293.9455316192163
3027254,74.96689639412735
3027255,-131.37372563105126
3027256,-111.37922083812991
3027257,-37.91993369349692
3027258,-65.03444990829375
3027259,-69.89589436044189
3027260,-86.53588596292211
3027261,-53.31074008168506
3027262,146.78438915980698
3027263,-67.51552202826933
3027264,-122.94472148435288
3027265,-118.52603119920632
3027266,-73.20092318566167
3027267,2232.6008399113525
3027268,-121.9517050321786
3027269,-125.21882170735562
3027270,-105.24437590754455
3027271,-6.519802881568278
3027272,-65.99904750811338
3027273,93.52418530207815
3027274,54.61133447391986
3027275,85.17994509961245
3027276,-22.95259402597348
3027277,-54.023829996207304
3027278,-66.38191536176582
3027279,-44.21723359071738
3027280,133.84249946823886
3027281,2.6148378159402523
3027282,33.749808283140474
3027283,70.20052030429743
3027284,106.65123232545575
3027285,2691.297420431753
3027286,312.8362792601385
3027287,65.99891352968889
3027321,-130.88838541066323
3027322,-138.85233220922854
3027323,-61.30396959298995
3027324,-410.1229186019871
3027325,-32.46735412126217
3027326,-122.96808392274652
3027327,-103.03368319314613
3027328,-64.60399574276089
3027329,-132.7804902951564
3027330,-181.3669818094675
3027331,-171.628109032891
3027332,-217.28879727221945
3027333,1896.6273600991688
3027334,-102.55397140753205
3027335,-92.47217104062865
3027336,-46.73846222866181
3027337,26.0632634879391
3027338,-32.550073235476965
3027339,74.10159333066345
3027340,-8.857665240577528
3027341,28.45248611861935
3027342,-71.70489781412634
3027343,-64.2727383927675
3027344,-86.22975089695119
3027345,-62.93169171375374
3027346,107.27230081270382
3027347,-16.75935603362613
3027348,19.926369153146613
3027349,61.83943222887384
3027350,101.29198627505248
3027351,2482.9711560725045
3027352,171.03600773868058
3027353,109.69521888364416
3027354,-138.5436342564815
3027355,-120.34831144253876
3027356,-54.35091710185478
3027357,1810.8821447052426
3027358,-67.61347902530797
3027359,28.241421273846942
3027360,-39.06740400324342
3027361,572.0215642972719
3027362,345.937392975956
3027363,57.10220958719693
3027364,-22.947205645987918
3027365,-105.27958427072262
3027366,2592.2665367361424
3027367,-98.26834954709254
3027368,-87.8191226020404
3027369,-53.558570686269185
3027370,18.24079664713459
3027371,-44.605115443383774
3027372,49.13866996562884
3027373,-28.571217358598272
3027374,54.28672746812682
3027375,-47.994669766146025
3027376,-15.010217499571166
3027377,-26.061252458907614
3027378,-15.565979855031667
3027379,148.7943183303848
3027380,26.89553066387653
3027381,61.48578164213833
3027382,101.65940842466962
3027383,109.61938947018753
3027384,4537.887644879021
3027385,43.026159259897405
3027386,25.682137456950574
3027387,-135.2171013089053
3027388,-115.2225965159876
3027389,-128.2231097950851
3027390,-156.27275564511254
3027391,-49.39253568426356
3027392,-81.41844834995099
3027393,-64.91272768791968
3027394,158.8240642176581
3027395,-81.89955409982103
3027396,-122.92986979524976
3027397,-115.67971926657928
3027398,-176.05338585247708
3027399,2181.41831228431
3027400,-118.37397315537662
3027401,-124.9723882440765
3027402,-105.6566641463849
3027403,-33.893303365185865
3027404,-65.8272528733733
3027405,-4.852007644083454
3027406,-56.64329347461334
3027407,73.67136008638518
3027408,-87.48242331734654
3027409,-23.93095994803188
3027410,-68.29638483054923
3027411,-42.90047237271646
3027412,132.0577378592727
3027413,6.167004132834524
3027414,37.507103315348296
3027415,74.08368455735508
3027416,110.6537238327348
3027417,2536.6848350251917
3027418,74.72737301398884
3027419,66.321589039436
3027420,-128.98073131860545
3027421,-110.3807524488282
3027422,-38.203503002396964
3027423,529.8128314190064
3027424,-126.30674956163857
3027425,-78.61858449312676
3027426,14.518858979755539
3027427,165.1606814274921
3027428,-57.09590719414499
3027429,-125.22922869281483
3027430,-99.5450534069194
3027431,1079.9246353453827
3027432,1417.5542103079197
3027433,-95.55481160104846
3027434,-104.94061905527523
3027435,-98.94964157744589
3027436,-27.673328438186257
3027437,-56.56101763182986
3027438,-9.677115980587171
3027439,-54.71315482924482
3027440,8.755456672984753
3027441,-61.95751376597199
3027442,-8.694536882402911
3027443,-64.08129595431846
3027444,-62.55377777728226
3027445,34.74181322812202
3027446,-2.885521604820308
3027447,23.52634642361109
3027448,49.26947592214466
3027449,78.2522244053027
3027450,1649.1491245137663
3027451,96.63259280017992
3027452,86.71398088829456
3027453,-124.04863890270535
3027454,-104.39122877119262
3027455,-117.17745516652467
3027456,149.08562714578258
3027457,-15.335426569384065
3027458,-25.335275815997004
3027459,-78.91465636035609
3027460,186.53703356526168
3027461,-194.8100210831888
3027462,-4.483882476879256
3027463,-100.63865777136498
3027464,-177.3195242293505
3027465,1805.4385728500129
3027466,-66.91339031707484
3027467,-82.90819658808691
3027468,-84.20352708763816
3027469,-66.5104651144632
3027470,-48.00354726384629
3027471,96.73443793354427
3027472,-71.20685082638492
3027473,-85.02900951987685
3027474,-92.26981098090782
3027475,-64.07852007963338
3027476,-79.01508998862464
3027477,-55.87599180715396
3027478,71.42881203565476
3027479,-3.14922066924991
3027480,28.056503263968086
3027481,64.39777962952503
3027482,100.73905599507926
3027483,122.85851893253785
3027484,116.51661521276056
3027485,109.26573741262719
3027618,-93.20625842522968
3027619,-88.18814869144153
3027620,-16.474787415349777
3027621,152.77894977681282
3027622,-3.7831549201317034
3027623,-68.26513188163044
3027624,-78.22972630552322
3027625,109.56192085053699
3027626,-106.459609582337
3027627,-13.37739066042904
3027628,-100.33375792607585
3027629,78.0295101762568
3027630,1499.7017491448087
3027631,-86.72738399898974
3027632,-64.8230684409214
3027633,-18.904843136057746
3027634,80.45910280312974
3027635,-4.908450977076011
3027636,77.73454597529435
3027637,6.286110157738182
3027638,-8.767195489207591
3027639,-23.841163341360964
3027640,-2.9731519713057355
3027641,-37.01784460732032
3027642,-23.50575811307844
3027643,135.89047036047916
3027644,26.135414463256627
3027645,56.854608391816974
3027646,93.27595665845384
3027647,123.21041665424555
3027648,328.96801803342095
3027649,67.06194589745355
3027650,62.77228167465429
3027981,-92.73321175086203
3027982,-85.66448187586757
3027983,-15.906957938483895
3027984,157.28370435474537
3027985,-3.811614346158233
3027986,-95.13046917923639
3027987,-76.26344664907519
3027988,111.04240859900274
3027989,-67.3919892264892
3027990,-144.7758968275073
3027991,-100.93231862912607
3027992,166.16532474516245
3027993,1621.2429246328402
3027994,-86.73651200371243
3027995,-64.7376833725106
3027996,-45.02785612042525
3027997,26.407191100864072
3027998,-5.256723504724771
3027999,54.58155190219596
3028000,6.18897073936974
3028001,-8.88499711278227
3028002,34.33554621896038
3028003,-21.337911556947613
3028004,-38.41002934793713
3028005,-22.292492420177762
3028006,141.45187973480344
3028007,27.705000596399902
3028008,56.20434321769991
3028009,92.6256914843345
3028010,125.91564689482557
3028011,325.85904805105946
3028012,69.8449069317373
3028013,65.55524270893712
3028344,-99.959571105336
3028345,-101.79451573203077
3028346,-32.777606639158684
3028347,130.469057360385
3028348,4.155978036805397
3028349,-87.77244767973643
3028350,-81.53831883752609
3028351,153.44101687708118
3028352,-61.29167576960189
3028353,-139.39961607868534
3028354,-92.89146209182927
3028355,111.82175673335264
3028356,1771.7781976815636
3028357,-95.21191777651374
3028358,-76.5392057308574
3028359,-54.91994577996187
3028360,43.338224557877275
3028361,-15.677049833663926
3028362,38.96660550917678
3028363,-10.451171719663346
3028364,-26.232100477122724
3028365,17.03672746669709
3028366,-21.42898820282134
3028367,-44.85699979528889
3028368,-29.630898908149714
3028369,130.63900111765335
3028370,17.829903055810252
3028371,52.51765661041028
3028372,89.90999452953675
3028373,105.22342660937211
3028374,355.8808465836334
3028375,49.98367368714727
3028376,43.85675611594316
3028707,-97.9466432251891
3028708,-95.90235668792484
3028709,-25.766400637340478
3028710,144.9888643239676
3028711,2.528308248977926
3028712,-88.52955484047452
3028713,-78.12380881209428
3028714,139.44642747619693
3028715,-82.35895452769073
3028716,-152.6185138205781
3028717,-95.21790624294799
3028718,113.57284438310656
3028719,1533.1359171591089
3028720,-94.27475330829093
3028721,-74.06713653791728
3028722,-52.00863748314297
3028723,-6.846321894939404
3028724,-13.46845011156692
3028725,64.98561474096887
3028726,-7.264505176146979
3028727,-22.338473028298534
3028728,-38.45876055986063
3028729,5.231774589297135
3028730,-45.05713884022115
3028731,-25.88927210571573
3028732,131.6520671221908
3028733,21.688425923696474
3028734,53.25146744491595
3028735,89.67281571155145
3028736,112.60814695515883
3028737,62.42785845909449
3028738,57.29547357720386
3028739,51.16871901113765
3029070,-98.45507242694184
3029071,-90.88320100393575
3029072,-121.12800336900436
3029073,75.86578342176036
3029074,19.824384188127812
3029075,-74.71202900288044
3029076,-56.657049688422184
3029077,134.0083275565996
3029078,-54.31764343242302
3029079,-49.62740901027818
3029080,-80.69767979315911
3029081,332.6441526331006
3029082,1191.3156899814776
3029083,-94.11508160064572
3029084,-88.75705057572377
3029085,-74.45406844082667
3029086,-0.5443278025816585
3029087,-30.774044857016673
3029088,-11.102116868583192
3029089,-20.876743439896057
3029090,-36.92512770246871
3029091,-52.97351196504159
3029092,-31.65646809789295
3029093,-55.34155852790426
3029094,-30.977050560178935
3029095,132.95929039212135
3029096,14.46209114485892
3029097,46.550843764410466
3029098,82.97219203104505
3029099,102.3538085433781
3029100,68.89817217351693
3029101,47.322284699221846
3029102,40.47957805378356
3029268,-93.21078096283127
3029269,-80.18389478387944
3029270,-13.635640031009455
3029271,194.05858302240924
3029272,-3.9254520502770833
3029273,-77.3715391749909
3029274,-68.39832802327582
3029275,164.71345478999885
3029276,-65.24727421603329
3029277,-142.58260028600378
3029278,-103.32656144132106
3029279,108.42071360902317
3029280,1643.6263774380614
3029281,-86.77302402260379
3029282,-65.57971239696967
3029283,-46.42094623102029
3029284,51.90512702064685
3029285,-6.6498136153200385
3029286,54.319434761003286
3029287,5.783344480036437
3029288,-9.356203607081891
3029289,-6.59682384561874
3029290,19.61552731739012
3029291,-43.696172589033075
3029292,-19.810648200021927
3029293,145.60285335203636
3029294,27.012899531385035
3029295,54.434276275846706
3029296,90.02463078785986
3029297,126.44597905449537
3029298,157.70784960216244
3029299,80.97675106887228
3029300,73.13186239981788
3029301,-98.06738440785811
3029302,-92.51055262934715
3029303,-22.909951455940966
3029304,134.42118040520947
3029305,4.042140332688366
3029306,-88.10444885560064
3029307,-73.67320021172672
3029308,90.39285523432973
3029309,-59.14696075915143
3029310,-138.46605421797793
3029311,-95.28570490402517
3029312,136.13471947956324
3029313,1345.9749067933426
3029314,-91.02494900201195
3029315,-76.18603715824297
3029316,-28.849773686223937
3029317,42.94708744713099
3029318,-16.128138107265425
3029319,2.606218872648658
3029320,-10.922378213962741
3029321,-25.996346066114523
3029322,-42.139966573534174
3029323,-21.030898832947326
3029324,-48.997151982265486
3029325,-24.06419848094792
3029326,137.4099737395006
3029327,20.689142000153158
3029328,50.88758556642434
3029329,87.30893383305848
3029330,116.04434757168674
3029331,173.03114694951066
3029332,61.11551782427906
3029333,54.191990911113145
3029334,-98.06240939540184
3029335,-90.18956185367533
3029336,-22.342121979071447
3029337,106.1031793603117
3029338,4.013680906658198
3029339,-88.86586372616584
3029340,-71.70692055527688
3029341,78.15622976643427
3029342,-58.61078200653791
3029343,-138.23266375279925
3029344,-95.88426560707312
3029345,142.21296016611754
3029346,1598.8466022080645
3029347,-89.97820680838656
3029348,-76.10065208983205
3029349,-29.198046213872697
3029350,42.84930316944425
3029351,-16.240910175665515
3029352,21.182687826343415
3029353,-11.040179837538329
3029354,-26.114147689690565
3029355,-23.560877546480963
3029356,-20.93137649047757
3029357,-47.783886289363444
3029358,-22.888492286327885
3029359,136.13117575066255
3029360,20.438337237752155
3029361,50.23732039230364
3029362,86.65866865894095
3029363,118.74957781226585
3029364,329.72556465355154
3029365,63.89847885856235
3029366,56.41045772099661
3029367,-130.48367115119507
3029368,-160.72847351626368
3029369,-89.27019174046181
3029370,-214.57379658075732
3029371,-10.007712004317721
3029372,-62.357814463578315
3029373,-114.50789112957573
3029374,58.63622318323288
3029375,-79.93034436633734
3029376,-102.9928661056072
3029377,-50.190221797210405
3029378,-73.31070581060366
3029379,1984.2157972236919
3029380,-116.99215371931545
3029381,-98.42817279654462
3029382,-51.675325623563175
3029383,-4.922478450581632
3029384,-34.34102055433463
3029385,95.15921225996199
3029386,-47.78856671265752
3029387,-63.83695097523131
3029388,-23.98412463660024
3029389,-27.5456013024921
3029390,-33.44148701590601
3029391,86.92621129973959
3029392,102.19682587473581
3029393,8.739049005991735
3029394,32.23874751992772
3029395,65.8576682830555
3029396,80.17152512296816
3029397,26.480290798711128
3029398,297.4715661309494
3029399,14.716531978752034
3027651,-100.12135928622119
3027652,-90.71069420488747
3027653,-114.36275602439018
3027654,179.26167144281246
3027655,-15.790410666141536
3027656,-45.29949468944577
3027657,-79.81756760700118
3027658,131.4412316919563
3027659,-87.87775519631832
3027660,-12.274533482369218
3027661,-91.94263551700605
3027662,-59.51770752505403
3027663,1652.163897451625
3027664,-92.63074236297102
3027665,-75.8500547364013
3027666,-30.11634592443401
3027667,-10.142313322716785
3027668,-15.927956931249394
3027669,119.34466075443625
3027670,-0.4321388763965319
3027671,-15.48530353060259
3027672,-30.538468184807964
3027673,-46.33917961091792
3027674,-35.25388141397688
3027675,108.49753805720157
3027676,135.58539916230322
3027677,21.06936448152938
3027678,54.67754731504848
3027679,92.94895801900948
3027680,123.73713876576649
3027681,160.20528162818593
3027682,64.32748392660751
3027683,64.16379089253424
3027684,-185.21895057494365
3027685,-215.46375294000862
3027686,-141.29907210587297
3027687,-456.3810939699022
3027688,-22.07577914285211
3027689,-81.90254888612871
3027690,-177.92174090779807
3027691,-166.9482616416706
3027692,-107.65216360723007
3027693,-117.16323283620095
3027694,-74.77976155949891
3027695,-143.72740388379705
3027696,1851.4147225991085
3027697,-87.5360408202029
3027698,-78.63184891569203
3027699,-31.879001742710255
3027700,-35.50048709248703
3027701,-13.934806180884419
3027702,87.14303776878633
3027703,-37.99988370118698
3027704,-56.49238398267543
3027705,-45.98173379433664
3027706,-35.79728206721692
3027707,-20.711494421433866
3027708,74.05651933301279
3027709,79.34058550639857
3027710,26.38929709333725
3027711,44.4864163265349
3027712,64.57630365488531
3027713,97.37269701029773
3027714,64.3874310836165
3027715,213.67003009540824
3027716,31.093617650961466
3027717,-135.28435394017905
3027718,-157.94903292897177
3027719,-180.66554677240018
3027720,155.91645900501064
3027721,-63.78710066275816
3027722,-110.99757652169755
3027723,-147.8679246487325
3027724,64.37393896726935
3027725,-67.44139959375734
3027726,48.71926848549557
3027727,-43.84024028328239
3027728,-136.05196140273736
3027729,1899.151560678278
3027730,-94.57040882229175
3027731,-94.82995803721239
3027732,-90.59844384053558
3027733,-71.55705241507512
3027734,-51.22443286694037
3027735,77.09359898821886
3027736,-43.590372662039535
3027737,-47.25773028061011
3027738,-14.144361135018965
3027739,-26.683574359441803
3027740,-16.278869238700548
3027741,113.8094097287496
3027742,128.52082231265214
3027743,32.7488750362597
3027744,46.98648463083028
3027745,67.94155260927546
3027746,94.14700141339036
3027747,62.02924215778986
3027748,54.162263255051776
3027749,40.65002523681388
3027750,-126.12296291900456
3027751,-148.23888003115533
3027752,-170.99584474018664
3027753,251.59322719299345
3027754,-62.651226909306196
3027755,-109.47516753859126
3027756,-139.04023714706526
3027757,47.591414310732226
3027758,-24.397468695081255
3027759,10.827972254044841
3027760,-42.289369186292596
3027761,-110.9694780578573
3027762,1915.9900595124852
3027763,-93.80012527538774
3027764,-93.58987625013098
3027765,-89.35836205345394
3027766,-70.2523904896132
3027767,-50.31099523620541
3027768,57.39424416335597
3027769,-42.04126379330368
3027770,-47.05274094925816
3027771,-36.76566298867582
3027772,-26.4784422785613
3027773,-16.08025348640903
3027774,114.34664203948451
3027775,120.87296283892029
3027776,31.94826345665361
3027777,46.185873051224654
3027778,67.79150746111618
3027779,96.4390170084509
3027780,63.07261045586548
3027781,129.50406504723125
3027782,42.389360957494965
3027783,-160.49350962516
3027784,-183.90526171004856
3027785,-110.21143045736862
3027786,139.56339128456713
3027787,-50.01610268285621
3027788,-93.65409255092418
3027789,-158.09201388819454
3027790,44.39081005055706
3027791,-41.156951320022735
3027792,43.87403608751466
3027793,-39.65714211787034
3027794,-107.0315985446678
3027795,1759.776339800064
3027796,-107.53591339517713
3027797,-101.69239716504119
3027798,-44.780733349641686
3027799,-57.22860704037411
3027800,-63.7065261666576
3027801,47.21546539574407
3027802,-78.21165654925498
3027803,-61.482719782745825
3027804,-45.10366361736468
3027805,-35.39551447609964
3027806,-26.948978290682856
3027807,84.34824550794265
3027808,95.28347378458302
3027809,16.470529230409017
3027810,31.025024353511714
3027811,53.03254925003531
3027812,87.67142017189708
3027813,46.884814275355176
3027814,39.38145182677564
3027815,32.009660950131284
3027816,-116.85172557515652
3027817,-140.41638314260015
3027818,-67.97141495718715
3027819,-162.806846173761
3027820,-45.01369218518156
3027821,-75.86926965662933
3027822,-146.30840732919276
3027823,-50.76938127996326
3027824,-102.58546338557771
3027825,12.992391024432624
3027826,-88.15980462691577
3027827,-153.64270528549358
3027828,1824.833541349512
3027829,-89.08747067748918
3027830,-80.98140996154454
3027831,-9.5168778748894
3027832,-15.073829855442721
3027833,-21.350473676709765
3027834,106.4680443519962
3027835,-12.967469311593089
3027836,-28.073785318463063
3027837,-20.823977501236453
3027838,-10.169425348717407
3027839,-20.14306566619761
3027840,106.08347435616652
3027841,118.59442254402093
3027842,20.888319212215453
3027843,40.83825857509756
3027844,79.2208573212799
3027845,117.18792553869044
3027846,81.45631287933175
3027847,-0.28785780330262467
3027848,70.95771780016567
3027849,-107.30489679245402
3027850,-101.78225369069223
3027851,-34.845642936640424
3027852,303.44474003689464
3027853,13.721861588609688
3027854,-15.23956230548428
3027855,-57.41159858284917
3027856,199.51180081967343
3027857,-49.90991960906357
3027858,-32.72700279697873
3027859,-62.033311801282515
3027860,226.99678178238125
3027861,1219.508457457752
3027862,-84.34512548318723
3027863,-84.11995152458739
3027864,-78.37412633523154
3027865,-33.5852374137692
3027866,-42.09486756226992
3027867,109.19906276694105
3027868,-38.8063942036163
3027869,-54.854778466188954
3027870,-70.90316272876116
3027871,-84.60442449559405
3027872,-59.82707317191879
3027873,109.18667024366887
3027874,128.8762639974668
3027875,10.290393495556788
3027876,45.57244497721987
3027877,81.99379324385536
3027878,94.20160527091475
3027879,43.442101148826815
3027880,40.47391691159165
3027881,32.94867249095042
3027882,-103.75890181068716
3027883,-85.96277839346548
3027884,-19.315878956435693
3027885,134.3376527115863
3027886,-11.211456488787729
3027887,-56.7486485751513
3027888,-69.76719048645718
3027889,169.94570364668309
3027890,-95.7577022015992
3027891,-33.70159772573951
3027892,-86.89540560490586
3027893,-8.754671671118597
3027894,1757.1893674608305
3027895,-99.126480900472
3027896,-82.24818581923596
3027897,-62.33743595208765
3027898,-16.67712918751776
3027899,-22.566303336387403
3027900,110.29126642969045
3027901,-10.839697842780009
3027902,-25.996260582933967
3027903,66.35065010502895
3027904,-57.411979755462006
3027905,-47.34385007983773
3027906,114.47800934458765
3027907,142.37066955275552
3027908,22.841201882084267
3027909,52.624883734033766
3027910,86.87729827217954
3027911,125.46758026730477
3027912,75.25495667668265
3027913,225.15021224977065
3027914,68.01525823550374
3027915,-109.61561262691866
3027916,-102.62636491712946
3027917,-29.715792508681982
3027918,31.560510573204017
3027919,-26.12193206985175
3027920,-73.66055532661157
3027921,-85.22192164905282
3027922,114.28781190050286
3027923,-104.27254590956436
3027924,-99.04120163452426
3027925,-102.01986412872866
3027926,-105.58334015700193
3027927,1910.6747248527147
3027928,-109.10895715272106
3027929,-91.10205290373067
3027930,-71.12802030201378
3027931,-25.394311490046714
3027932,-31.179955098580006
3027933,133.77915564962424
3027934,-14.128055447969285
3027935,-29.18122010217648
3027936,-26.607290065457885
3027937,-33.44156072406103
3027938,-37.10111600511963
3027939,101.87286357150533
3027940,122.99716339924744
3027941,9.057993714853371
3027942,46.48478129136148
3027943,80.12017990632485
3027944,120.45974221796241
3027945,110.8767915679693
3027946,185.96785455298888
3027947,49.813185424227605
3027948,-132.07412677970822
3027949,-118.3936241487816
3027950,-104.71312151784768
3027951,794.4724369871412
3027952,-62.0969081820156
3027953,-95.45123460794348
3027954,-91.06398469927153
3027955,302.60153620636737
3027956,1.7816095945665507
3027957,73.42925666170704
3027958,-13.379254102278349
3027959,-120.52932586078241
3027960,1985.9246628075705
3027961,-81.58535902416126
3027962,-80.27151078945114
3027963,-48.686139829138746
3027964,-69.46832070047257
3027965,-49.71599465203534
3027966,72.76568913840602
3027967,-43.36059150116174
3027968,-39.50870712355826
3027969,-29.22055523819817
3027970,6.616019610047903
3027971,-8.480328315109812
3027972,141.43846740219234
3027973,151.69200415729867
3027974,38.224946119074694
3027975,56.401646173245545
3027976,78.87245313629838
3027977,103.92866660370892
3027978,59.501651658959155
3027979,144.56937198894522
3027980,23.03011538281608
3028014,-113.38200671349732
3028015,-134.3107611216972
3028016,-61.50985676925374
3028017,-93.31630337577808
3028018,-10.320765690642286
3028019,-59.52000953984206
3028020,-92.8788149086311
3028021,83.0883053731206
3028022,-79.69430035576424
3028023,-97.94204654893092
3028024,-56.91507551108433
3028025,-89.80810173311697
3028026,1894.3280514170049
3028027,-111.09572330468056
3028028,-103.20860714409098
3028029,-83.32304083624085
3028030,-63.431276019481665
3028031,-42.478725239552695
3028032,100.28617166393151
3028033,-46.54976299768558
3028034,-62.63688605789688
3028035,-56.62067390322935
3028036,-40.81675521792457
3028037,-46.59028487392451
3028038,79.7594488583788
3028039,105.99784941353228
3028040,2.873806606826936
3028041,39.71112699107626
3028042,77.98253769503772
3028043,90.4963730422016
3028044,121.25028587545985
3028045,309.53715031688006
3028046,26.087585052710626
3028047,-110.9545891348087
3028048,-112.3225779577213
3028049,-40.09444511113069
3028050,150.0950025124923
3028051,0.18625626879766743
3028052,-48.02881668199806
3028053,-64.17090394005281
3028054,206.07385555626317
3028055,-25.587747984422816
3028056,-66.06526334381014
3028057,-63.87916906243462
3028058,51.225308662892836
3028059,1794.8711918183983
3028060,-97.51930403207204
3028061,-100.4598260681867
3028062,-57.033541104123096
3028063,-37.14797479627263
3028064,-44.769557337984715
3028065,105.8212848981404
3028066,-42.24988093845017
3028067,-58.29826520102396
3028068,-74.34664946359617
3028069,-57.98988842628368
3028070,-58.58690323286263
3028071,97.21054491913692
3028072,124.7057423165058
3028073,8.031322502635891
3028074,46.302733206596905
3028075,84.57414391055882
3028076,88.72877274430012
3028077,170.9648934041854
3028078,35.23974334521309
3028079,30.20087318804345
3028080,-108.84056425188719
3028081,-104.79706183617854
3028082,-128.5812988035821
3028083,242.2393488165719
3028084,-9.024306876920303
3028085,-54.695389771420004
3028086,-82.59207246552141
3028087,132.53232548023445
3028088,4.782884218852093
3028089,20.634194674882753
3028090,-74.35089559830048
3028091,-76.36622660860421
3028092,1621.7515133251734
3028093,-97.30956673429516
3028094,-91.59976329606677
3028095,-45.9394565314963
3028096,-0.27914976692776916
3028097,-31.943064372516613
3028098,67.14541730358629
3028099,-29.81230859998963
3028100,-45.89199473595344
3028101,-62.467746733887715
3028102,-46.98507016174498
3028103,-54.31041872214772
3028104,105.99429180852822
3028105,127.83033223225102
3028106,14.747273106602012
3028107,49.33780948299292
3028108,85.75915774962887
3028109,113.67097191671901
3028110,144.54450344698554
3028111,271.2488245910046
3028112,55.630607507165415
3028113,-97.38205052996891
3028114,-104.47179582067729
3028115,-131.79172667312994
3028116,-43.663553120349015
3028117,0.9001239547462387
3028118,-99.84921862165974
3028119,-118.81837054142379
3028120,-48.86538742867268
3028121,-144.43287753428538
3028122,-91.79951138785809
3028123,-148.8916961063533
3028124,229.04093909339952
3028125,1135.3824135155153
3028126,-61.0450676901659
3028127,-53.63884191172375
3028128,-34.40260750131771
3028129,9.963865613621198
3028130,2.6900010793769593
3028131,21.43540157895878
3028132,-13.38958853638773
3028133,-30.70035231046681
3028134,3.609138499716853
3028135,-27.147736919779884
3028136,-70.28342067963494
3028137,-54.774934316773205
3028138,112.45740496924573
3028139,3.58280907252966
3028140,36.75081161212548
3028141,73.13012891239369
3028142,109.50944621265872
3028143,134.80309294087212
3028144,125.89112268007575
3028145,119.12629848658317
3028146,-126.53194908448386
3028147,-143.4249848844436
3028148,-71.67872218715893
3028149,-68.62483651848633
3028150,-17.604338301528326
3028151,-99.39139886308548
3028152,-136.60943149472476
3028153,120.75053947821216
3028154,-97.58609815848904
3028155,-168.87224940032482
3028156,-95.71763124609542
3028157,-149.84140349881616
3028158,1242.6284093528432
3028159,-78.70420558107826
3028160,-85.05311573418923
3028161,-47.05139087531783
3028162,24.907077345422937
3028163,-34.60410907741633
3028164,-12.01693934262725
3028165,-51.871097920766296
3028166,-69.1344735245023
3028167,-72.17268184856566
3028168,-39.04199010883875
3028169,-54.61773905066483
3028170,-47.43986671473139
3028171,101.13042276279084
3028172,1.3463391560482774
3028173,39.57970892529894
3028174,77.81307869454777
3028175,103.8280290868308
3028176,326.23348953809835
3028177,45.51955450770921
3028178,39.50903985040414
3028179,-108.08178224778639
3028180,-90.5949947608813
3028181,-93.84315638068328
3028182,318.85419817425026
3028183,-28.791190318372895
3028184,-65.66149097087764
3028185,-32.3883369933308
3028186,129.51255256739225
3028187,-54.13096130639841
3028188,-18.712495027119797
3028189,-74.98649399010291
3028190,323.35596058224525
3028191,1020.6320039170461
3028192,-72.63959010261242
3028193,-68.68336765350584
3028194,-44.49890788365477
3028195,-9.969350551252585
3028196,-45.802975629727406
3028197,-39.25191687443138
3028198,-57.47981675794225
3028199,-68.91312412268239
3028200,-72.55610678899284
3028201,-37.362061541111224
3028202,-72.78252400314231
3028203,-29.632604738204275
3028204,97.23639307586991
3028205,6.955786067498327
3028206,34.372554223249345
3028207,71.57633535270197
3028208,105.60684581703408
3028209,80.44368280412682
3028210,73.79713060372997
3028211,67.15057840333084
3028212,-111.19497323415162
3028213,-99.04444023215437
3028214,-31.625734339732656
3028215,110.20262686255519
3028216,-32.05415040977895
3028217,-111.82084940811255
3028218,-117.36215381377114
3028219,0.13630289099929316
3028220,-99.07770583652
3028221,-38.93722966498971
3028222,-107.40315744230729
3028223,-162.57862915465446
3028224,1529.2481302856304
3028225,-86.25316476679932
3028226,-80.28200121483637
3028227,-33.61110319115304
3028228,-13.725536883302805
3028229,-21.010100086367668
3028230,35.00275803028031
3028231,-19.617226518104
3028232,-35.21856210562081
3028233,-54.65800353246713
3028234,-32.088741327909055
3028235,-44.03477116867433
3028236,-25.537272701325303
3028237,103.97686211851551
3028238,21.796008018731488
3028239,51.65833417482391
3028240,88.03765147509257
3028241,124.41119684777341
3028242,94.74158474376345
3028243,92.70138922314455
3028244,89.1288793861715
3028245,-128.4236166074759
3028246,-151.30632780120393
3028247,-175.93330243372
3028248,-127.25991260557457
3028249,-20.69250365124098
3028250,-106.88726370320983
3028251,-152.68028857012794
3028252,2.21807520760304
3028253,-104.83424676556551
3028254,-28.825725301376036
3028255,-103.10978789975734
3028256,-156.6365744127029
3028257,1256.2395576473102
3028258,-72.30843165230924
3028259,-78.0240833003143
3028260,-70.0025373987501
3028261,2.776484013265606
3028262,-30.487110250246854
3028263,8.903211456164133
3028264,-48.187854217177154
3028265,-70.37388163314135
3028266,-73.35634184479777
3028267,-24.15012999461514
3028268,-54.790321953157026
3028269,-46.82724602359739
3028270,104.48662967739183
3028271,1.885177208245484
3028272,40.07651601112476
3028273,78.2715013723252
3028274,110.39163486903699
3028275,116.7893162871048
3028276,52.82308739629499
3028277,48.43619569102767
3028278,-103.92543279106648
3028279,-88.56115748863776
3028280,-86.45158975732447
3028281,366.37187037594157
3028282,-23.515392157570016
3028283,-62.174158122374855
3028284,-56.84866876397499
3028285,172.9519946789089
3028286,-135.87022747798417
3028287,-100.25626771909974
3028288,-103.98074672158491
3028289,-14.665570483342133
3028290,1816.4713243281492
3028291,-87.47189459942199
3028292,-70.66570421042097
3028293,-23.79321540637333
3028294,-4.519420843305436
3028295,-13.390265212107618
3028296,113.3567914417301
3028297,-19.300628283373538
3028298,-38.055895902247165
3028299,-56.81116352111966
3028300,-43.42468676141906
3028301,-54.826578293577576
3028302,113.00406282852346
3028303,133.66513426288722
3028304,21.30102582240689
3028305,49.32896109843133
3028306,80.12980311513293
3028307,116.50912041540069
3028308,154.7225528142619
3028309,128.41880862154196
3028310,121.22251995752067
3028311,-104.13038391518675
3028312,-87.99332801176824
3028313,-83.92792294176142
3028314,357.1248378665943
3028315,-23.543851583598364
3028316,-61.91617585658131
3028317,-93.52491560560047
3028318,187.96374273496733
3028319,-129.77634132415713
3028320,-128.67061342460036
3028321,-104.6267932435383
3028322,-5.529329917649118
3028323,1821.9199612541186
3028324,-87.88433017005927
3028325,-71.03023221773019
3028326,-24.376476428107065
3028327,19.98999668683128
3028328,-14.717271986223334
3028329,109.09342941002588
3028330,-21.717165401879623
3028331,-40.47243302075439
3028332,-57.74310571684399
3028333,-43.1010908549786
3028334,-56.082579294385404
3028335,108.83730003002911
3028336,118.61338379167746
3028337,20.925387556630273
3028338,49.012917538520206
3028339,79.49187711476334
3028340,115.87119441502973
3028341,154.45221076427717
3028342,130.66475637793857
3028343,123.46846771391775
3028377,-129.7593254041374
3028378,-150.8701579561155
3028379,-174.36931429306676
3028380,-66.92931986116382
3028381,-29.413930511011852
3028382,-75.39040384634863
3028383,-133.23935008554034
3028384,158.46614852450622
3028385,-17.9349986798159
3028386,2.8915083672884134
3028387,-60.88748287554953
3028388,-133.60711415977337
3028389,1484.9372576465419
3028390,-87.46537533821645
3028391,-86.4649631639998
3028392,-55.690095706208275
3028393,-36.62305066879757
3028394,-43.197100984801445
3028395,43.4132843389145
3028396,-58.23573058438186
3028397,-76.48123898001977
3028398,-66.29571332812183
3028399,-56.11018767622344
3028400,-46.67890100927915
3028401,74.67389953371931
3028402,91.71553629627097
3028403,-0.6504568905700512
3028404,34.76357142560774
3028405,72.95491022849019
3028406,106.33740126835683
3028407,52.5331196867489
3028408,48.45271365425307
3028409,42.97221179731306
3028410,-144.14990988010211
3028411,-168.08607471012036
3028412,-192.02223954013496
3028413,-275.7295891584334
3028414,-41.91839984717334
3028415,-94.38949734658745
3028416,-156.61559972690955
3028417,-60.802440531678066
3028418,11.413206462574824
3028419,28.53675537656655
3028420,-82.82849739850762
3028421,-154.5992821817088
3028422,1926.6242474586668
3028423,-82.81068745438544
3028424,-78.98720436614262
3028425,-40.87532701856279
3028426,-20.901294416845115
3028427,-27.19573171133815
3028428,96.631939989272
3028429,-31.67522396996814
3028430,-53.98277606890114
3028431,-55.10730571699586
3028432,-25.22354205885885
3028433,-34.529458241308284
3028434,90.3282017248409
3028435,107.16176221122005
3028436,12.508184749018444
3028437,39.98880689970084
3028438,76.73041719745306
3028439,114.92175600033188
3028440,80.80561518484883
3028441,76.45646794634077
3028442,70.36360450548428
3028443,-128.7834784325485
3028444,-145.48148698460025
3028445,-168.9806433215479
3028446,116.11374742786138
3028447,-29.42642126275204
3028448,-57.63056205995853
3028449,-128.21189302178462
3028450,122.78850421240823
3028451,1.700593463365483
3028452,-10.077033526907865
3028453,-61.44951984768094
3028454,-158.15822565237912
3028455,1495.8342829128346
3028456,-86.1959670889592
3028457,-87.32268471836896
3028458,-83.19049518357319
3028459,-64.39888129195315
3028460,-44.6993657358344
3028461,67.31997451566367
3028462,-58.08049026067014
3028463,-76.71219366731093
3028464,-68.77160370127767
3028465,-58.586078049380184
3028466,-48.7788236182403
3028467,77.62691741693443
3028468,73.92008875430902
3028469,0.6347740626217342
3028470,36.101316436642
3028471,74.29265523952127
3028472,108.47271656369612
3028473,55.64191486571436
3028474,50.16141300877481
3028475,44.68091115183798
3028476,-39.8442255351354
3028477,-101.23859537616117
3028478,-34.690340623291185
3028479,988.5665130985428
3028480,-10.473213429892706
3028481,-486.75614872677835
3028482,-21.6027808380375
3028483,97.4530217599724
3028484,-88.22490059888587
3028485,-194.5841030178042
3028486,-127.4813107078683
3028487,-80.19094713184704
3028488,3340.527226702806
3028489,-66.73125329967449
3028490,-101.85967093135268
3028491,85.96069781941715
3028492,96.92333458323806
3028493,-51.17382494162124
3028494,230.05419268070224
3028495,-53.3405088371176
3028496,-69.88150466778215
3028497,60.05755937689192
3028498,59.4487065641517
3028499,-18.2245300922671
3028500,104.14830649216056
3028501,164.19884120460503
3028502,47.5832087563119
3028503,51.24056395657927
3028504,196.00809521241737
3028505,170.0910647933026
3028506,779.9089291169428
3028507,58.45980302400968
3028508,51.46027825369875
3028509,-133.29722545495932
3028510,-157.0804848024225
3028511,-180.86374414989658
3028512,-126.80984910377337
3028513,-42.5342909363815
3028514,-73.05073804881322
3028515,-128.7156634225619
3028516,74.53474063246104
3028517,34.99351681647223
3028518,36.95125430465506
3028519,-50.894858327072406
3028520,-156.96415944760432
3028521,1971.460949219945
3028522,-90.89633946103679
3028523,-86.76414992624056
3028524,-82.63196039144604
3028525,-18.039793967218696
3028526,-49.03877097531316
3028527,73.97971860016055
3028528,-60.84152010000529
3028529,-66.9909946256942
3028530,-56.80546897379535
3028531,-24.437977830774155
3028532,-36.4344176700013
3028533,81.28996445286994
3028534,99.98918020896436
3028535,6.239219782289826
3028536,30.063602878908757
3028537,68.2370713504799
3028538,106.42841015336235
3028539,61.09988373365578
3028540,55.06964541309318
3028541,49.039407092531484
3028542,-121.61659864326684
3028543,-110.59995650515229
3028544,-42.46931234370894
3028545,128.8855205910415
3028546,-24.22560820032849
3028547,-33.93705242043033
3028548,-87.07148040132851
3028549,168.97191370986113
3028550,21.221540912982352
3028551,-17.4324319220057
3028552,-56.22660756576742
3028553,-150.90877103223127
3028554,1615.3663716981266
3028555,-92.01857488748685
3028556,-103.16159288942053
3028557,-67.36875123197414
3028558,-74.78268272154814
3028559,-57.12949922079478
3028560,86.06230094997063
3028561,-63.88580040664787
3028562,-80.46047847980826
3028563,-78.90511047640193
3028564,-44.029833727005816
3028565,-57.13898430084172
3028566,88.63932427067739
3028567,107.3811940272869
3028568,2.654224275732038
3028569,40.601847146609735
3028570,78.83521691585948
3028571,104.07640614324119
3028572,50.5571227359762
3028573,47.16982510685667
3028574,44.14705173350759
3028575,-108.1568137215243
3028576,-87.52981025775334
3028577,-70.7136062050693
3028578,508.40002043115527
3028579,-51.828627496585604
3028580,-27.171510994476915
3028581,-65.45505304850921
3028582,251.5162722907173
3028583,-89.9967347976988
3028584,-101.84321819467804
3028585,-109.46509580873207
3028586,249.22975846951064
3028587,1656.0997178760867
3028588,-90.85775104298789
3028589,-84.79876152150841
3028590,-39.052424733979514
3028591,-20.41765414976616
3028592,-29.279247563947177
3028593,86.40231697866848
3028594,-43.86870034609209
3028595,-54.14703270060799
3028596,-57.76921216897407
3028597,-37.17486753953725
3028598,-64.5585966415354
3028599,110.88170223488596
3028600,109.70390513695038
3028601,19.584044815690692
3028602,48.212998262280244
3028603,76.16111852773857
3028604,110.84393964884221
3028605,146.05199661900608
3028606,131.20765066044962
3028607,120.0527004687644
3028608,-129.9439489784552
3028609,-118.40397450287018
3028610,-60.20840146941081
3028611,204.5138276240934
3028612,-43.34825590085237
3028613,-112.92713506652653
3028614,-129.62930073102942
3028615,99.6553358982812
3028616,-89.10549910546688
3028617,-88.06375524301329
3028618,-81.54647544067647
3028619,-168.49966510926814
3028620,1580.8865923244996
3028621,-65.34599437201284
3028622,-61.14527906883021
3028623,-56.94456376564748
3028624,-24.18774815907572
3028625,-44.42056156468451
3028626,11.898521847092258
3028627,-69.5910799412557
3028628,-69.57065742803324
3028629,-59.307833120709155
3028630,-4.525986018710039
3028631,-40.92032505474143
3028632,-33.66515406337911
3028633,94.39949713367078
3028634,3.222414723204754
3028635,38.10169448481448
3028636,76.42437157722152
3028637,114.73503763432309
3028638,65.08728020954432
3028639,59.88959003519741
3028640,53.710017826994964
3028641,-114.67588296146168
3028642,-95.80076063982305
3028643,-28.225873658043195
3028644,257.74130297503433
3028645,-15.432175047663616
3028646,-98.41962891268194
3028647,-71.9947149619591
3028648,160.7812667516466
3028649,-84.44584729836315
3028650,-103.72351700853032
3028651,-104.4394602217224
3028652,8.280940276860935
3028653,1672.0799053128544
3028654,-77.94885894382405
3028655,-85.86091374832715
3028656,-47.92246575034259
3028657,23.282923312354985
3028658,-38.35265306074488
3028659,29.209049736439017
3028660,-51.625796607995234
3028661,-70.37999030209248
3028662,-79.25812758903912
3028663,-45.5524581107691
3028664,-61.62625168470621
3028665,-39.372117580479234
3028666,127.65752303427526
3028667,11.281998071633286
3028668,38.90251635528394
3028669,73.05170836961925
3028670,109.43501570154258
3028671,105.9463146665632
3028672,100.23540732410966
3028673,93.53426598759707
3028674,-144.72392627376283
3028675,-131.14013893187328
3028676,-72.220671707996
3028677,1086.575776186991
3028678,-47.42249584656091
3028679,-14.599794201067919
3028680,-77.85372965412607
3028681,475.57570538212275
3028682,64.20787112041144
3028683,54.61649438344758
3028684,-11.366433649286403
3028685,-117.62774237356761
3028686,2039.1085873587906
3028687,-67.78522434464564
3028688,-53.78456605621469
3028689,-42.97989126411861
3028690,15.412880360120614
3028691,-31.42744029970326
3028692,42.19263570406948
3028693,-44.046598268107154
3028694,-33.7837739607833
3028695,34.695974210504765
3028696,14.359088514756156
3028697,0.5120142638135872
3028698,115.63606861407398
3028699,132.11254741194008
3028700,44.67689900491515
3028701,67.11829296039078
3028702,89.55968691586686
3028703,97.66705892711634
3028704,43.34097777472308
3028705,320.8417786914417
3028706,28.952885498589428
3028740,-125.58047982909447
3028741,-112.53464583797795
3028742,-45.95954992733349
3028743,154.35655711357978
3028744,-33.528827580860515
3028745,-73.4921692283795
3028746,-90.55472719239405
3028747,214.24950291991738
3028748,23.110866216061556
3028749,15.220845887498587
3028750,-54.43571912373526
3028751,-126.52700437088929
3028752,1719.0913481188445
3028753,-90.07597953692873
3028754,-95.65546106036884
3028755,-64.30220386205933
3028756,-51.73053629479936
3028757,-61.59347728892343
3028758,74.80294465406696
3028759,-70.07877848485832
3028760,-86.65345655801802
3028761,-74.68465989601263
3028762,-39.788098917497145
3028763,-54.82492916068421
3028764,87.22411449903366
3028765,112.31944171545929
3028766,2.909582653131754
3028767,38.10961356654135
3028768,76.3016471085859
3028769,110.45526310440364
3028770,56.73175984106384
3028771,52.464535676022216
3028772,46.98403381908357
3028773,-119.50754767345533
3028774,-100.97281290912251
3028775,-97.75416558740362
3028776,320.69642176203996
3028777,-26.85410022292562
3028778,-78.9499421144199
3028779,-79.42523805070486
3028780,147.87141557441757
3028781,-101.06546883563696
3028782,-66.18514273166038
3028783,-92.84400709029823
3028784,-143.17048995751296
3028785,1688.5809248409964
3028786,-83.2010402661255
3028787,-96.48082173124162
3028788,-87.20608213676137
3028789,-39.65300711255194
3028790,-49.289264060764516
3028791,3.7518738092710078
3028792,-54.113386784066996
3028793,-69.71364844680538
3028794,-85.31391010954603
3028795,-44.15433678072967
3028796,-47.831430330746834
3028797,-27.30716847778312
3028798,135.1358044883202
3028799,15.065314984949698
3028800,43.72769351331109
3028801,77.81771933843193
3028802,114.15899570398615
3028803,92.81606317561564
3028804,89.61551109027614
3028805,83.00562240183781
3028806,-126.29104806499053
3028807,-112.56519519802787
3028808,-108.95155793163467
3028809,434.3686810053743
3028810,-40.93809766899066
3028811,-111.8075100175527
3028812,-99.23181377638029
3028813,125.66363231705436
3028814,-57.49716604746644
3028815,-136.10070423683263
3028816,-76.35289141338426
3028817,-130.39217234581182
3028818,1518.8540219315835
3028819,-66.03113333810738
3028820,-61.882485408655874
3028821,-57.681770105473596
3028822,-53.48105480229018
3028823,-44.885217316514435
3028824,-1.866807146404692
3028825,-66.57741886142439
3028826,-74.17314470710271
3028827,-19.55423427513669
3028828,7.013770653351646
3028829,-44.58289292332146
3028830,-37.32772193196005
3028831,107.36231723515193
3028832,7.019078505750446
3028833,43.89460903486289
3028834,82.21733096747694
3028835,120.52964757326181
3028836,67.1208511044717
3028837,61.901879449936324
3028838,54.82887637954146
3028839,-112.03620761711026
3028840,-90.95191086579761
3028841,-73.72835180139991
3028842,527.3280770321464
3028843,-66.44846707837932
3028844,-66.09907474885476
3028845,-74.40483185234625
3028846,276.98408336601204
3028847,-131.34522380816068
3028848,-73.00106272950579
3028849,-110.25197767534864
3028850,218.98132604166594
3028851,1720.0672487771833
3028852,-85.88921363277704
3028853,-85.5359098203392
3028854,-39.30920864823273
3028855,-48.38584897852369
3028856,-29.810818557615942
3028857,66.03418377308999
3028858,-48.560198400340404
3028859,-55.78033565050763
3028860,-59.896460287199524
3028861,-43.81210020846064
3028862,-68.45156763918503
3028863,96.16127088405865
3028864,100.13805513769712
3028865,18.590323532392365
3028866,48.760714790837675
3028867,77.17833413090712
3028868,111.8519916113034
3028869,143.5319392409808
3028870,132.9300590776995
3028871,121.96583086112896
3028872,-130.0817041239632
3028873,-120.45359291081586
3028874,-41.22060824062536
3028875,-164.40604533751028
3028876,-17.72605419408755
3028877,-52.063496527650194
3028878,-58.0365277879362
3028879,149.9578141110189
3028880,-24.08255790076218
3028881,-111.11370652120222
3028882,-73.85383611319075
3028883,-104.14562500102583
3028884,2130.0068810469675
3028885,-104.13571122599915
3028886,-116.28214265856131
3028887,-80.07542624529587
3028888,-8.409535130480247
3028889,-68.7443431337902
3028890,34.08587720692136
3028891,19.169621859426304
3028892,-80.82685062368346
3028893,34.06206946249423
3028894,-24.5801668411771
3028895,-68.30340864941518
3028896,-44.251252250897586
3028897,125.54245926099675
3028898,4.010833821844887
3028899,41.57890772024731
3028900,79.58585505266656
3028901,99.582451169874
3028902,218.93073917334343
3028903,273.08298818503516
3028904,39.621165785252934
3028905,-130.02125959681396
3028906,-109.94473419809837
3028907,-36.48544705346175
3028908,-160.3386649006359
3028909,-58.36629778779642
3028910,-88.71469739403692
3028911,-54.84530674121087
3028912,175.27632591062886
3028913,-79.11051517248852
3028914,-119.4680958361303
3028915,-111.69507729502975
3028916,-88.761552475708
3028917,2317.029645006317
3028918,-122.90855408871907
3028919,-122.21603355474285
3028920,-76.48199943664035
3028921,-3.6119158666076987
3028922,-62.668323575809644
3028923,72.37604274083488
3028924,33.594078490890034
3028925,-64.7982027177075
3028926,51.12092018928953
3028927,-3.591832858034006
3028928,-65.31822678282042
3028929,-39.99961298041561
3028930,137.25212212881044
3028931,6.325270408236253
3028932,38.89900336316369
3028933,75.34971538431928
3028934,111.8004274054776
3028935,253.9422107390494
3028936,276.95808605116525
3028937,60.00190004732686
3028938,-130.76364665611143
3028939,-110.76914186319009
3028940,-37.30985471855346
3028941,-92.29370437222023
3028942,-85.63762358546118
3028943,-69.0350628178774
3028944,-58.480373608731306
3028945,171.50882628239762
3028946,-79.46714298888473
3028947,-136.7491403752281
3028948,-131.0555822125455
3028949,-74.88668361834816
3028950,2214.7149271868993
3028951,-130.61917534495788
3028952,-120.72305498072801
3028953,-100.74902237901033
3028954,-2.051238329406526
3028955,-60.80095717557587
3028956,31.700654835202574
3028957,64.51542717396815
3028958,-58.037853630695544
3028959,10.816716918040772
3028960,-6.405657016855724
3028961,-64.10351731310111
3028962,-41.938835542051756
3028963,133.68757157281263
3028964,3.375059627714752
3028965,35.28197918063207
3028966,72.76614141964292
3028967,109.21685344079852
3028968,141.7871128261847
3028969,249.76676256889343
3028970,72.59735550999967
3028971,-131.4146132379963
3028972,-111.42010844506767
3028973,-37.96082130044196
3028974,-126.02304893952059
3028975,-90.373459626763
3028976,-90.70150088946575
3028977,-58.119420028159574
3028978,189.3894487009422
3028979,-88.44884593870829
3028980,-137.9870871414694
3028981,-132.56670794116033
3028982,-66.13806181116915
3028983,2224.543510466792
3028984,-130.1587379726357
3028985,-121.33619904432958
3028986,-75.60249023236274
3028987,-2.649394602294062
3028988,-61.414101239178116
3028989,31.3862951568337
3028990,88.38111554019834
3028991,-58.46262477959525
3028992,-13.363150371584918
3028993,-29.163266448754978
3028994,-65.54397873109046
3028995,-43.27687308825242
3028996,130.32967553147157
3028997,2.634359959021101
3028998,34.52306152318689
3028999,72.6502948828781
3029000,108.2284989242964
3029001,226.80557159119164
3029002,274.1018993002796
3029003,74.41109180911708
3029004,-132.06557981987388
3029005,-112.07107502695253
3029006,-38.611787882308626
3029007,-65.36970554139843
3029008,-95.10929566807026
3029009,-127.7936199724325
3029010,-57.758466447582386
3029011,207.27007111949317
3029012,-120.63583023485062
3029013,-139.22503390771251
3029014,-134.0778336697738
3029015,-56.99136296664441
3029016,2194.981302543608
3029017,-129.69830060031373
3029018,-121.9493431079316
3029019,-76.21563429596453
3029020,-30.12003872652353
3029021,-62.02724530278105
3029022,7.206253519474746
3029023,104.14267691166624
3029024,-58.92176155837368
3029025,-37.543017661212424
3029026,-54.987974910172206
3029027,-67.10891471153245
3029028,-44.61491063445445
3029029,131.5284582198262
3029030,1.8936602903238122
3029031,33.782361854490965
3029032,70.78943238663597
3029033,107.24014440779338
3029034,92.91899164928755
3029035,275.64869631001756
3029036,76.22482810823449
3029037,-132.54310531853733
3029038,-112.54860052561962
3029039,-39.08931338097572
3029040,-63.3458137333735
3029041,-77.30964195302185
3029042,-108.76822600578525
3029043,-53.401492418920306
3029044,216.46666739656231
3029045,-68.62676427916885
3029046,-124.4198829011073
3029047,-117.73958020949185
3029048,-59.09666912049037
3029049,2226.9195420542774
3029050,-121.3374379046267
3029051,-124.66774133814674
3029052,-78.93358621702878
3029053,-32.87607244653649
3029054,-65.36034763193133
3029055,-0.47771751522217754
3029056,32.33744494218373
3029057,-66.6336274236808
3029058,-45.22648355770915
3029059,-54.835289514559726
3029060,-65.76607150968248
3029061,-43.601389738633124
3029062,134.06154333660626
3029063,3.1055522454673405
3029064,34.94558529714933
3029065,71.39629731830628
3029066,107.8470093394637
3029067,81.08530882497526
3029068,294.53944395093475
3029069,67.25684524379695
3029103,-132.0577650981384
3029104,-137.35888023351325
3029105,-154.83055036304975
3029106,-314.00026859828796
3029107,-34.575833546817
3029108,-135.8332394513716
3029109,-105.30016200672326
3029110,-67.0816478729892
3029111,-133.89173254605592
3029112,-182.84214322622282
3029113,-170.84165804317516
3029114,-192.60836470182883
3029115,1863.137394605244
3029116,-101.6677321585169
3029117,-91.92195668000322
3029118,-71.94792407828668
3029119,26.578648876782342
3029120,-31.999858874852446
3029121,26.810118131991164
3029122,52.95657691561811
3029123,-30.081361465888943
3029124,-70.49992888926936
3029125,-41.3152090203719
3029126,-85.57406883417688
3029127,-62.232244800407706
3029128,103.87616700771942
3029129,-16.22026565936157
3029130,20.656787308008195
3029131,62.56985038373451
3029132,102.56749205933575
3029133,134.62045543253427
3029134,157.7841122209404
3029135,111.06756221055021
3029136,-139.6608431749544
3029137,-120.14500259984816
3029138,-107.6128935432851
3029139,1834.8282188459482
3029140,-72.47510570210288
3029141,44.96532909942763
3029142,-40.98803998477596
3029143,493.8968441349727
3029144,327.97338776484156
3029145,87.70723554473098
3029146,-20.742557101844607
3029147,-103.41742494618465
3029148,2484.3665711854624
3029149,-98.51617550941164
3029150,-88.06694856436029
3029151,-53.12630036742147
3029152,-8.135267006736552
3029153,-44.07629435901598
3029154,-24.479052014284928
3029155,-26.76709148563968
3029156,-43.341516519780534
3029157,-47.64071380332988
3029158,0.6294900401382688
3029159,-25.78588446125813
3029160,-15.290611857383094
3029161,153.97245251344495
3029162,27.89881168421626
3029163,62.48906266247942
3029164,103.23137990142159
3029165,111.16323547122757
3029166,194.90058871709763
3029167,44.6092245738425
3029168,25.680035901076923
3029169,-136.38648099640594
3029170,-116.37666727821379
3029171,-125.92869343439342
3029172,-128.32071459512625
3029173,-57.34098906300532
3029174,-103.27256958422986
3029175,-64.94589959123441
3029176,143.38802494880585
3029177,-74.54947578659521
3029178,-94.56995688003717
3029179,-114.96568907783949
3029180,-175.57523490085308
3029181,2131.134483195253
3029182,-117.81560951067574
3029183,-124.73347926538695
3029184,-105.14552839158368
3029185,-59.325910645213106
3029186,-65.31611711857231
3029187,20.544170374467473
3029188,-54.83916760165429
3029189,-70.2587325230218
3029190,-85.6782974443884
3029191,-44.863111452528564
3029192,-66.94066139601982
3029193,-41.5447489381875
3029194,133.0381860937134
3029195,6.73003034584254
3029196,38.6102873936613
3029197,75.1879262699983
3029198,111.75796554537983
3029199,162.52960973279207
3029200,76.18708028572355
3029201,67.69407398363428
3029202,-130.64386902581717
3029203,-112.04389015604356
3029204,-93.44391128627358
3029205,543.4837164149842
3029206,-129.84583169551186
3029207,-77.22851482075275
3029208,15.447002505035204
3029209,183.53832609298135
3029210,-79.21802974655274
3029211,-38.237929937499565
3029212,-97.28960297425446
3029213,1121.5775313917754
3029214,1371.1880095015404
3029215,-90.76806877766585
3029216,-104.36513395583852
3029217,-98.72616173783926
3029218,-27.497298708021656
3029219,-55.39072699584202
3029220,-48.94135853739048
3029221,-52.56353800575565
3029222,-56.18571747411969
3029223,-59.80789694248396
3029224,-20.297914444506016
3029225,-62.07863574083721
3029226,-60.23405698869855
3029227,34.55276054622092
3029228,-2.945960842089146
3029229,23.600458495720165
3029230,49.620204841170754
3029231,78.75267444386755
3029232,110.35818901534022
3029233,97.19960547308229
3029234,84.54530367376283
3029235,-125.09729608583329
3029236,-105.54073863168632
3029237,-114.15211940617046
3029238,152.84229240506212
3029239,-22.07493255364606
3029240,-57.90774817843775
3029241,-80.3070422548888
3029242,154.56636592710694
3029243,-1.5508472681738499
3029244,2.872987628359813
3029245,-99.8220336449106
3029246,-106.38140772265801
3029247,1809.5610177329115
3029248,-66.53333620303196
3029249,-82.45334184421908
3029250,-83.74867234377034
3029251,-39.73347409561146
3029252,-47.77920141565509
3029253,58.21354484449849
3029254,-70.14260453587285
3029255,-82.87714189202534
3029256,-89.93120506377481
3029257,-78.17714492141594
3029258,-78.34436439922347
3029259,93.59685637748562
3029260,116.11935631692968
3029261,-2.376506596775282
3029262,29.050805896690424
3029263,65.3920822622451
3029264,101.47612252600966
3029265,123.94576892810501
3029266,117.52956355135366
3029267,110.27868575121984
